Workbook

Sheet 세팅
E1: 46174
A2: 지점키 | B2: 경쟁강도 | C2: 오픈일 | D2: 오픈다음달1일 | E2: 운영개월수 | F2: 36m초과 | G2: 48m초과 | K2: 36M초과 | L2: 48M초과 | N2: 월 | O2: 평균 인덱스 (램프업 제외)
A3: (0001) 건대점 | B3: 150-1 | C3: 42292 | D3: =EOMONTH(C3,0)+1 -> 42309 | E3: =DATEDIF(C3,$E$1,"m") -> 127 | F3: 36M초과 | G3: 48M초과 | J3: 150-0 | K3: =COUNTIF($B$3:$B$85,J3) -> 17 | L3: =COUNTIF($B$3:$B$56,J3) -> 9 | N3: 1 | O3: 91.030317
A4: (0002) 인헌점 | B4: 150-1 | C4: 42444 | D4: =EOMONTH(C4,0)+1 -> 42461 | E4: =DATEDIF(C4,$E$1,"m") -> 122 | F4: 36M초과 | G4: 48M초과 | J4: 150-1 | K4: =COUNTIF($B$3:$B$85,J4) -> 31 | L4: =COUNTIF($B$3:$B$56,J4) -> 21 | N4: 2 | O4: 84.287776
A5: (0003) 구디점 | B5: 150-3 | C5: 42503 | D5: =EOMONTH(C5,0)+1 -> 42522 | E5: =DATEDIF(C5,$E$1,"m") -> 120 | F5: 36M초과 | G5: 48M초과 | J5: 150-2 | K5: =COUNTIF($B$3:$B$85,J5) -> 23 | L5: =COUNTIF($B$3:$B$56,J5) -> 14 | N5: 3 | O5: 97.171601
A6: (0004) 신림점 | B6: 150-4 | C6: 42638 | D6: =EOMONTH(C6,0)+1 -> 42644 | E6: =DATEDIF(C6,$E$1,"m") -> 116 | F6: 36M초과 | G6: 48M초과 | J6: 150-3 | K6: =COUNTIF($B$3:$B$85,J6) -> 8 | L6: =COUNTIF($B$3:$B$56,J6) -> 6 | N6: 4 | O6: 96.499915
A7: (0005) 대학점 | B7: 150-2 | C7: 42708 | D7: =EOMONTH(C7,0)+1 -> 42736 | E7: =DATEDIF(C7,$E$1,"m") -> 113 | F7: 36M초과 | G7: 48M초과 | J7: 150-4 | K7: =COUNTIF($B$3:$B$85,J7) -> 3 | L7: =COUNTIF($B$3:$B$56,J7) -> 3 | N7: 5 | O7: 105.36696
A8: (0006) 서림점 | B8: 150-2 | C8: 43039 | D8: =EOMONTH(C8,0)+1 -> 43040 | E8: =DATEDIF(C8,$E$1,"m") -> 103 | F8: 36M초과 | G8: 48M초과 | J8: 150-5 | K8: =COUNTIF($B$3:$B$85,J8) -> 0 | L8: =COUNTIF($B$3:$B$56,J8) -> 0 | N8: 6 | O8: 102.78469
A9: (0007) 낙성대점 | B9: 150-1 | C9: 43146 | D9: =EOMONTH(C9,0)+1 -> 43160 | E9: =DATEDIF(C9,$E$1,"m") -> 99 | F9: 36M초과 | G9: 48M초과 | N9: 7 | O9: 104.67865
A10: (0008) 트리하우스점 | C10: 43252 | D10: =EOMONTH(C10,0)+1 -> 43282 | E10: =DATEDIF(C10,$E$1,"m") -> 96 | F10: 36M초과 | G10: 48M초과 | N10: 8 | O10: 102.04522
A11: (0009) 신원점 | B11: 150-0 | C11: 43779 | D11: =EOMONTH(C11,0)+1 -> 43800 | E11: =DATEDIF(C11,$E$1,"m") -> 78 | F11: 36M초과 | G11: 48M초과 | N11: 9 | O11: 100.12358
A12: (0010) 별빛거리점 | B12: 150-3 | C12: 44583 | D12: =EOMONTH(C12,0)+1 -> 44593 | E12: =DATEDIF(C12,$E$1,"m") -> 52 | F12: 36M초과 | G12: 48M초과 | N12: 10 | O12: 115.59456
A13: (0011) 천안성정공원점 | B13: 150-2 | C13: 44889 | D13: =EOMONTH(C13,0)+1 -> 44896 | E13: =DATEDIF(C13,$E$1,"m") -> 42 | F13: 36M초과 | G13: 48M초과 | N13: 11 | O13: 104.11252
A14: (0012) 우송대북문점 | B14: 150-1 | C14: 45470 | D14: =EOMONTH(C14,0)+1 -> 45474 | E14: =DATEDIF(C14,$E$1,"m") -> 23 | F14: 36M초과 | G14: 48M초과 | N14: 12 | O14: 103.33184
A15: (0013) 구의역파워점 | B15: 150-1 | C15: 45810 | D15: =EOMONTH(C15,0)+1 -> 45839 | E15: =DATEDIF(C15,$E$1,"m") -> 11 | F15: 36M초과 | G15: 48M초과
A16: (0014) 수원서둔골드점 | B16: 150-1 | C16: 45859 | D16: =EOMONTH(C16,0)+1 -> 45870 | E16: =DATEDIF(C16,$E$1,"m") -> 10 | F16: 36M초과 | G16: 48M초과
A17: (1001) #화곡점 | B17: 150-1 | C17: 43629 | D17: =EOMONTH(C17,0)+1 -> 43647 | E17: =DATEDIF(C17,$E$1,"m") -> 83 | F17: 36M초과 | G17: 48M초과 | K17: 정상가 | L17: 오픈할인가 | M17: 할인율
A18: (1002) #신대방점 | B18: 150-4 | C18: 43631 | D18: =EOMONTH(C18,0)+1 -> 43647 | E18: =DATEDIF(C18,$E$1,"m") -> 83 | F18: 36M초과 | G18: 48M초과 | J18: 표준 | K18: 4950 | L18: 1990 | M18: =L18/K18-1 -> -0.5979798
A19: (1003) #샤로수점 | B19: 150-2 | C19: 43743 | D19: =EOMONTH(C19,0)+1 -> 43770 | E19: =DATEDIF(C19,$E$1,"m") -> 79 | F19: 36M초과 | G19: 48M초과 | J19: 살균 | K19: 5950 | L19: 2990 | M19: =L19/K19-1 -> -0.49747899
A20: (1004) #서울대입구점 | B20: 150-1 | C20: 43834 | D20: =EOMONTH(C20,0)+1 -> 43862 | E20: =DATEDIF(C20,$E$1,"m") -> 76 | F20: 36M초과 | G20: 48M초과 | J20: 대용량 | K20: 6950 | L20: 3990 | M20: =L20/K20-1 -> -0.42589928
A21: (1005) #쑥고개점 | B21: 150-1 | C21: 43833 | D21: =EOMONTH(C21,0)+1 -> 43862 | E21: =DATEDIF(C21,$E$1,"m") -> 76 | F21: 36M초과 | G21: 48M초과
A22: (1006) #회기점 | B22: 150-1 | C22: 43853 | D22: =EOMONTH(C22,0)+1 -> 43862 | E22: =DATEDIF(C22,$E$1,"m") -> 76 | F22: 36M초과 | G22: 48M초과
A23: (1007) #구의점 | B23: 150-2 | C23: 43945 | D23: =EOMONTH(C23,0)+1 -> 43952 | E23: =DATEDIF(C23,$E$1,"m") -> 73 | F23: 36M초과 | G23: 48M초과
A24: (1008) #개포드림웍스점 | B24: 150-0 | C24: 44015 | D24: =EOMONTH(C24,0)+1 -> 44044 | E24: =DATEDIF(C24,$E$1,"m") -> 70 | F24: 36M초과 | G24: 48M초과
A25: (1009) #진시스장항점 | B25: 150-3 | C25: 44042 | D25: =EOMONTH(C25,0)+1 -> 44044 | E25: =DATEDIF(C25,$E$1,"m") -> 70 | F25: 36M초과 | G25: 48M초과
A26: (1010) #삼전엠케이점 | B26: 150-0 | C26: 44043 | D26: =EOMONTH(C26,0)+1 -> 44044 | E26: =DATEDIF(C26,$E$1,"m") -> 70 | F26: 36M초과 | G26: 48M초과
A27: (1011) #신길점 | B27: 150-1 | C27: 44072 | D27: =EOMONTH(C27,0)+1 -> 44075 | E27: =DATEDIF(C27,$E$1,"m") -> 69 | F27: 36M초과 | G27: 48M초과
A28: (1012) #석촌점 | B28: 150-0 | C28: 44085 | D28: =EOMONTH(C28,0)+1 -> 44105 | E28: =DATEDIF(C28,$E$1,"m") -> 68 | F28: 36M초과 | G28: 48M초과
A29: (1014) #자곡점 | B29: 150-2 | C29: 44147 | D29: =EOMONTH(C29,0)+1 -> 44166 | E29: =DATEDIF(C29,$E$1,"m") -> 66 | F29: 36M초과 | G29: 48M초과
A30: (1015) #사당점 | B30: 150-1 | C30: 44154 | D30: =EOMONTH(C30,0)+1 -> 44166 | E30: =DATEDIF(C30,$E$1,"m") -> 66 | F30: 36M초과 | G30: 48M초과
A31: (1016) #가산점 | B31: 150-2 | C31: 44169 | D31: =EOMONTH(C31,0)+1 -> 44197 | E31: =DATEDIF(C31,$E$1,"m") -> 65 | F31: 36M초과 | G31: 48M초과
A32: (1019) #청룡점 | B32: 150-3 | C32: 44252 | D32: =EOMONTH(C32,0)+1 -> 44256 | E32: =DATEDIF(C32,$E$1,"m") -> 63 | F32: 36M초과 | G32: 48M초과
... A48: (1036) #낙성대행운점 | B48: 150-1 | C48: 44508 | D48: =EOMONTH(C48,0)+1 -> 44531 | E48: =DATEDIF(C48,$E$1,"m") -> 54 | F48: 36M초과 | G48: 48M초과
A49: (1037) #신림퍼스트점 | B49: 150-2 | C49: =IFERROR(INDEX(RAW_매출A!$D$2:$D$7000,MATCH($A49,RAW_매출A!$B$2:$B$7000,0)),NA()) -> 44536 | D49: =EOMONTH(C49,0)+1 -> 44562 | E49: =DATEDIF(C49,$E$1,"m") -> 53 | F49: 36M초과 | G49: 48M초과
A50: (1038) #한양여대점 | B50: 150-2 | C50: 44616 | D50: =EOMONTH(C50,0)+1 -> 44621 | E50: =DATEDIF(C50,$E$1,"m") -> 51 | F50: 36M초과 | G50: 48M초과
A51: (1039) #이문점 | B51: 150-2 | C51: 44643 | D51: =EOMONTH(C51,0)+1 -> 44652 | E51: =DATEDIF(C51,$E$1,"m") -> 50 | F51: 36M초과 | G51: 48M초과
A52: (1040) #독산역점 | B52: 150-1 | C52: 44651 | D52: =EOMONTH(C52,0)+1 -> 44652 | E52: =DATEDIF(C52,$E$1,"m") -> 50 | F52: 36M초과 | G52: 48M초과
A53: (1041) #인하대점 | B53: 150-3 | C53: 44657 | D53: =EOMONTH(C53,0)+1 -> 44682 | E53: =DATEDIF(C53,$E$1,"m") -> 49 | F53: 36M초과 | G53: 48M초과
A54: (1042) #연희점 | B54: 150-1 | C54: 44659 | D54: =EOMONTH(C54,0)+1 -> 44682 | E54: =DATEDIF(C54,$E$1,"m") -> 49 | F54: 36M초과 | G54: 48M초과
A55: (1043) #고대정문점 | B55: 150-0 | C55: 44694 | D55: =EOMONTH(C55,0)+1 -> 44713 | E55: =DATEDIF(C55,$E$1,"m") -> 48 | F55: 36M초과 | G55: 48M초과
A56: (1044) #정왕역점 | B56: 150-2 | C56: 44712 | D56: =EOMONTH(C56,0)+1 -> 44713 | E56: =DATEDIF(C56,$E$1,"m") -> 48 | F56: 36M초과 | G56: 48M초과
A57: (1045) #병점진안점 | B57: 150-2 | C57: 44762 | D57: =EOMONTH(C57,0)+1 -> 44774 | E57: =DATEDIF(C57,$E$1,"m") -> 46 | F57: 36M초과
A58: (1046) #인천시청점 | B58: 150-3 | C58: 44775 | D58: =EOMONTH(C58,0)+1 -> 44805 | E58: =DATEDIF(C58,$E$1,"m") -> 45 | F58: 36M초과
A59: (1047) #복우물공원점 | B59: 150-2 | C59: 44783 | D59: =EOMONTH(C59,0)+1 -> 44805 | E59: =DATEDIF(C59,$E$1,"m") -> 45 | F59: 36M초과
A60: (1048) #라페스타호수점 | B60: 150-2 | C60: 44798 | D60: =EOMONTH(C60,0)+1 -> 44805 | E60: =DATEDIF(C60,$E$1,"m") -> 45 | F60: 36M초과
A61: (1049) #천호역점 | B61: 150-1 | C61: 44802 | D61: =EOMONTH(C61,0)+1 -> 44805 | E61: =DATEDIF(C61,$E$1,"m") -> 45 | F61: 36M초과
A62: (1050) #라페스타장항점 | B62: 150-2 | C62: 44811 | D62: =EOMONTH(C62,0)+1 -> 44835 | E62: =DATEDIF(C62,$E$1,"m") -> 44 | F62: 36M초과
A63: (1051) #오류행복주택점 | B63: 150-2 | C63: 44820 | D63: =EOMONTH(C63,0)+1 -> 44835 | E63: =DATEDIF(C63,$E$1,"m") -> 44 | F63: 36M초과
A64: (1052) #길병원사거리점 | B64: 150-0 | C64: 44845 | D64: =EOMONTH(C64,0)+1 -> 44866 | E64: =DATEDIF(C64,$E$1,"m") -> 43 | F64: 36M초과
A65: (1053) #인하용현점 | B65: 150-2 | C65: 44848 | D65: =EOMONTH(C65,0)+1 -> 44866 | E65: =DATEDIF(C65,$E$1,"m") -> 43 | F65: 36M초과
A66: (1054) #성대율전점 | B66: 150-1 | C66: 44854 | D66: =EOMONTH(C66,0)+1 -> 44866 | E66: =DATEDIF(C66,$E$1,"m") -> 43 | F66: 36M초과
A67: (1055) #영통신원뽀송점 | B67: 150-1 | C67: 44855 | D67: =EOMONTH(C67,0)+1 -> 44866 | E67: =DATEDIF(C67,$E$1,"m") -> 43 | F67: 36M초과
A68: (1056) #매탄삼성점 | B68: 150-0 | C68: 44859 | D68: =EOMONTH(C68,0)+1 -> 44866 | E68: =DATEDIF(C68,$E$1,"m") -> 43 | F68: 36M초과
... A85: (1073) #고대후문점 | B85: 150-0 | C85: 45042 | D85: =EOMONTH(C85,0)+1 -> 45047 | E85: =DATEDIF(C85,$E$1,"m") -> 37 | F85: 36M초과
A86: (1074) #평택용이파크점 | B86: 150-1 | C86: 45049 | D86: =EOMONTH(C86,0)+1 -> 45078 | E86: =DATEDIF(C86,$E$1,"m") -> 36
A87: (1075) #연대동문점 | B87: 150-1 | C87: 45077 | D87: =EOMONTH(C87,0)+1 -> 45078 | E87: =DATEDIF(C87,$E$1,"m") -> 36
A88: (1076) #수원매탄스쿨점 | B88: 150-0 | C88: 45097 | D88: =EOMONTH(C88,0)+1 -> 45108 | E88: =DATEDIF(C88,$E$1,"m") -> 35
A89: (1077) #양청송대공원점 | B89: 150-0 | C89: 45120 | D89: =EOMONTH(C89,0)+1 -> 45139 | E89: =DATEDIF(C89,$E$1,"m") -> 34
A90: (1078) #오창양청파크점 | B90: 150-0 | C90: 45120 | D90: =EOMONTH(C90,0)+1 -> 45139 | E90: =DATEDIF(C90,$E$1,"m") -> 34
A91: (1079) #충북대정문점 | B91: 150-0 | C91: 45121 | D91: =EOMONTH(C91,0)+1 -> 45139 | E91: =DATEDIF(C91,$E$1,"m") -> 34
A92: (1080) #오산대호스쿨점 | B92: 150-1 | C92: 45121 | D92: =EOMONTH(C92,0)+1 -> 45139 | E92: =DATEDIF(C92,$E$1,"m") -> 34
A93: (1081) #등마루증미역점 | B93: 150-2 | C93: 45126 | D93: =EOMONTH(C93,0)+1 -> 45139 | E93: =DATEDIF(C93,$E$1,"m") -> 34
A94: (1082) #천천푸르지오서문점 | B94: 150-0 | C94: 45133 | D94: =EOMONTH(C94,0)+1 -> 45139 | E94: =DATEDIF(C94,$E$1,"m") -> 34
A95: (1083) #신촌창천스쿨점 | B95: 150-0 | C95: 45140 | D95: =EOMONTH(C95,0)+1 -> 45170 | E95: =DATEDIF(C95,$E$1,"m") -> 33
A96: (1084) #신대방삼거리점 | B96: 150-2 | C96: 45154 | D96: =EOMONTH(C96,0)+1 -> 45170 | E96: =DATEDIF(C96,$E$1,"m") -> 33
A97: (1085) #신설동오거리점 | B97: 150-3 | C97: 45159 | D97: =EOMONTH(C97,0)+1 -> 45170 | E97: =DATEDIF(C97,$E$1,"m") -> 33
... A151: (1140) #대전보건대점 | B151: 150-1 | C151: 46129 | D151: =EOMONTH(C151,0)+1 -> 46143 | E151: =DATEDIF(C151,$E$1,"m") -> 1

Sheet 요약_월별시즈널리티
A1: 월별 시즈널리티 인덱스 (이상치 매장 8개 제외)
A3: 인덱스 = (해당월 매출 / 매장-연도 평균 매출) × 100, 100=평균
A4: 제외 매장: 요약_이상치감지 [B] 8개 매장 (3개월 이동평균 -30% 이상 급락)
A6: 월 | B6: 페어 수 | C6: 평균 인덱스 | D6: 중앙값 인덱스 | E6: 페어 수 (램프업 제외) | F6: 평균 인덱스 (램프업 제외) | G6: 중앙값 인덱스 (램프업 제외) | H6: 평균 차이 (제외 − 포함)
A7: 1 | B7: {=SUMPRODUCT((ISNUMBER([1]Calc_매장월인덱스!P$2:P$242))*([1]Calc_매장월인덱스!AB$2:AB$242=0))} -> 218 | C7: {=IFERROR(SUMPRODUCT(IFERROR([1]Calc_매장월인덱스!P$2:P$242*(ISNUMBER([1]Calc_매장월인덱스!P$2:P$242))*([1]Calc_매장월인덱스!AB$2:AB$242=0),0))/B7,"-")} -> 87.245366 | D7: {=IFERROR(_xlfn.AGGREGATE(17,6,[1]Calc_매장월인덱스!P$2:P$242/(([1]Calc_매장월인덱스!AB$2:AB$242=0)*ISNUMBER([1]Calc_매장월인덱스!P$2:P$242)),2),"-")} -> 88.781982 | E7: {=SUMPRODUCT((ISNUMBER(INDEX([1]Calc_매장월인덱스!$P$2:$AA$242,0,$A7)))*([1]Calc_매장월인덱스!$AB$2:$AB$242=0)*(([1]Calc_매장월인덱스!$B$2:$B$242*12+$A7) - ([1]Calc_매장월인덱스!$AD$2:$AD$242*12+[1]Calc_매장월인덱스!$AE$2:$AE$242)>=6))} -> 165 | F7: {=IFERROR(SUMPRODUCT(IFERROR(INDEX([1]Calc_매장월인덱스!$P$2:$AA$242,0,$A7)*(ISNUMBER(INDEX([1]Calc_매장월인덱스!$P$2:$AA$242,0,$A7)))*([1]Calc_매장월인덱스!$AB$2:$AB$242=0)*(([1]Calc_매장월인덱스!$B$2:$B$242*12+$A7) - ([1]Calc_매장월인덱스!$AD$2:$AD$242*12+[1]Calc_매장월인덱스!$AE$2:$AE$242)>=6),0))/E7,"-")} -> 91.030317 | G7: {=IFERROR(_xlfn.AGGREGATE(17,6,INDEX([1]Calc_매장월인덱스!$P$2:$AA$242,0,$A7)/(([1]Calc_매장월인덱스!$AB$2:$AB$242=0)*ISNUMBER(INDEX([1]Calc_매장월인덱스!$P$2:$AA$242,0,$A7))*(([1]Calc_매장월인덱스!$B$2:$B$242*12+$A7) - ([1]Calc_매장월인덱스!$AD$2:$AD$242*12+[1]Calc_매장월인덱스!$AE$2:$AE$242)>=6)),2),"-")} -> 91.064932 | H7: =IFERROR(F7-C7,"-") -> 3.7849509
A8: 2 | B8: {=SUMPRODUCT((ISNUMBER([1]Calc_매장월인덱스!Q$2:Q$242))*([1]Calc_매장월인덱스!AB$2:AB$242=0))} -> 218 | C8: {=IFERROR(SUMPRODUCT(IFERROR([1]Calc_매장월인덱스!Q$2:Q$242*(ISNUMBER([1]Calc_매장월인덱스!Q$2:Q$242))*([1]Calc_매장월인덱스!AB$2:AB$242=0),0))/B8,"-")} -> 82.522548 | D8: {=IFERROR(_xlfn.AGGREGATE(17,6,[1]Calc_매장월인덱스!Q$2:Q$242/(([1]Calc_매장월인덱스!AB$2:AB$242=0)*ISNUMBER([1]Calc_매장월인덱스!Q$2:Q$242)),2),"-")} -> 82.250637 | E8: {=SUMPRODUCT((ISNUMBER(INDEX([1]Calc_매장월인덱스!$P$2:$AA$242,0,$A8)))*([1]Calc_매장월인덱스!$AB$2:$AB$242=0)*(([1]Calc_매장월인덱스!$B$2:$B$242*12+$A8) - ([1]Calc_매장월인덱스!$AD$2:$AD$242*12+[1]Calc_매장월인덱스!$AE$2:$AE$242)>=6))} -> 176 | F8: {=IFERROR(SUMPRODUCT(IFERROR(INDEX([1]Calc_매장월인덱스!$P$2:$AA$242,0,$A8)*(ISNUMBER(INDEX([1]Calc_매장월인덱스!$P$2:$AA$242,0,$A8)))*([1]Calc_매장월인덱스!$AB$2:$AB$242=0)*(([1]Calc_매장월인덱스!$B$2:$B$242*12+$A8) - ([1]Calc_매장월인덱스!$AD$2:$AD$242*12+[1]Calc_매장월인덱스!$AE$2:$AE$242)>=6),0))/E8,"-")} -> 84.287776 | G8: {=IFERROR(_xlfn.AGGREGATE(17,6,INDEX([1]Calc_매장월인덱스!$P$2:$AA$242,0,$A8)/(([1]Calc_매장월인덱스!$AB$2:$AB$242=0)*ISNUMBER(INDEX([1]Calc_매장월인덱스!$P$2:$AA$242,0,$A8))*(([1]Calc_매장월인덱스!$B$2:$B$242*12+$A8) - ([1]Calc_매장월인덱스!$AD$2:$AD$242*12+[1]Calc_매장월인덱스!$AE$2:$AE$242)>=6)),2),"-")} -> 83.667925 | H8: =IFERROR(F8-C8,"-") -> 1.7652281
A9: 3 | B9: {=SUMPRODUCT((ISNUMBER([1]Calc_매장월인덱스!R$2:R$242))*([1]Calc_매장월인덱스!AB$2:AB$242=0))} -> 218 | C9: {=IFERROR(SUMPRODUCT(IFERROR([1]Calc_매장월인덱스!R$2:R$242*(ISNUMBER([1]Calc_매장월인덱스!R$2:R$242))*([1]Calc_매장월인덱스!AB$2:AB$242=0),0))/B9,"-")} -> 96.187233 | D9: {=IFERROR(_xlfn.AGGREGATE(17,6,[1]Calc_매장월인덱스!R$2:R$242/(([1]Calc_매장월인덱스!AB$2:AB$242=0)*ISNUMBER([1]Calc_매장월인덱스!R$2:R$242)),2),"-")} -> 96.098186 | E9: {=SUMPRODUCT((ISNUMBER(INDEX([1]Calc_매장월인덱스!$P$2:$AA$242,0,$A9)))*([1]Calc_매장월인덱스!$AB$2:$AB$242=0)*(([1]Calc_매장월인덱스!$B$2:$B$242*12+$A9) - ([1]Calc_매장월인덱스!$AD$2:$AD$242*12+[1]Calc_매장월인덱스!$AE$2:$AE$242)>=6))} -> 188 | F9: {=IFERROR(SUMPRODUCT(IFERROR(INDEX([1]Calc_매장월인덱스!$P$2:$AA$242,0,$A9)*(ISNUMBER(INDEX([1]Calc_매장월인덱스!$P$2:$AA$242,0,$A9)))*([1]Calc_매장월인덱스!$AB$2:$AB$242=0)*(([1]Calc_매장월인덱스!$B$2:$B$242*12+$A9) - ([1]Calc_매장월인덱스!$AD$2:$AD$242*12+[1]Calc_매장월인덱스!$AE$2:$AE$242)>=6),0))/E9,"-")} -> 97.171601 | G9: {=IFERROR(_xlfn.AGGREGATE(17,6,INDEX([1]Calc_매장월인덱스!$P$2:$AA$242,0,$A9)/(([1]Calc_매장월인덱스!$AB$2:$AB$242=0)*ISNUMBER(INDEX([1]Calc_매장월인덱스!$P$2:$AA$242,0,$A9))*(([1]Calc_매장월인덱스!$B$2:$B$242*12+$A9) - ([1]Calc_매장월인덱스!$AD$2:$AD$242*12+[1]Calc_매장월인덱스!$AE$2:$AE$242)>=6)),2),"-")} -> 96.898163 | H9: =IFERROR(F9-C9,"-") -> 0.98436727
A10: 4 | B10: {=SUMPRODUCT((ISNUMBER([1]Calc_매장월인덱스!S$2:S$242))*([1]Calc_매장월인덱스!AB$2:AB$242=0))} -> 218 | C10: {=IFERROR(SUMPRODUCT(IFERROR([1]Calc_매장월인덱스!S$2:S$242*(ISNUMBER([1]Calc_매장월인덱스!S$2:S$242))*([1]Calc_매장월인덱스!AB$2:AB$242=0),0))/B10,"-")} -> 95.963431 | D10: {=IFERROR(_xlfn.AGGREGATE(17,6,[1]Calc_매장월인덱스!S$2:S$242/(([1]Calc_매장월인덱스!AB$2:AB$242=0)*ISNUMBER([1]Calc_매장월인덱스!S$2:S$242)),2),"-")} -> 96.328113 | E10: {=SUMPRODUCT((ISNUMBER(INDEX([1]Calc_매장월인덱스!$P$2:$AA$242,0,$A10)))*([1]Calc_매장월인덱스!$AB$2:$AB$242=0)*(([1]Calc_매장월인덱스!$B$2:$B$242*12+$A10) - ([1]Calc_매장월인덱스!$AD$2:$AD$242*12+[1]Calc_매장월인덱스!$AE$2:$AE$242)>=6))} -> 197 | F10: {=IFERROR(SUMPRODUCT(IFERROR(INDEX([1]Calc_매장월인덱스!$P$2:$AA$242,0,$A10)*(ISNUMBER(INDEX([1]Calc_매장월인덱스!$P$2:$AA$242,0,$A10)))*([1]Calc_매장월인덱스!$AB$2:$AB$242=0)*(([1]Calc_매장월인덱스!$B$2:$B$242*12+$A10) - ([1]Calc_매장월인덱스!$AD$2:$AD$242*12+[1]Calc_매장월인덱스!$AE$2:$AE$242)>=6),0))/E10,"-")} -> 96.499915 | G10: {=IFERROR(_xlfn.AGGREGATE(17,6,INDEX([1]Calc_매장월인덱스!$P$2:$AA$242,0,$A10)/(([1]Calc_매장월인덱스!$AB$2:$AB$242=0)*ISNUMBER(INDEX([1]Calc_매장월인덱스!$P$2:$AA$242,0,$A10))*(([1]Calc_매장월인덱스!$B$2:$B$242*12+$A10) - ([1]Calc_매장월인덱스!$AD$2:$AD$242*12+[1]Calc_매장월인덱스!$AE$2:$AE$242)>=6)),2),"-")} -> 96.795853 | H10: =IFERROR(F10-C10,"-") -> 0.53648379
A11: 5 | B11: {=SUMPRODUCT((ISNUMBER([1]Calc_매장월인덱스!T$2:T$242))*([1]Calc_매장월인덱스!AB$2:AB$242=0))} -> 218 | C11: {=IFERROR(SUMPRODUCT(IFERROR([1]Calc_매장월인덱스!T$2:T$242*(ISNUMBER([1]Calc_매장월인덱스!T$2:T$242))*([1]Calc_매장월인덱스!AB$2:AB$242=0),0))/B11,"-")} -> 105.32404 | D11: {=IFERROR(_xlfn.AGGREGATE(17,6,[1]Calc_매장월인덱스!T$2:T$242/(([1]Calc_매장월인덱스!AB$2:AB$242=0)*ISNUMBER([1]Calc_매장월인덱스!T$2:T$242)),2),"-")} -> 105.53665 | E11: {=SUMPRODUCT((ISNUMBER(INDEX([1]Calc_매장월인덱스!$P$2:$AA$242,0,$A11)))*([1]Calc_매장월인덱스!$AB$2:$AB$242=0)*(([1]Calc_매장월인덱스!$B$2:$B$242*12+$A11) - ([1]Calc_매장월인덱스!$AD$2:$AD$242*12+[1]Calc_매장월인덱스!$AE$2:$AE$242)>=6))} -> 207 | F11: {=IFERROR(SUMPRODUCT(IFERROR(INDEX([1]Calc_매장월인덱스!$P$2:$AA$242,0,$A11)*(ISNUMBER(INDEX([1]Calc_매장월인덱스!$P$2:$AA$242,0,$A11)))*([1]Calc_매장월인덱스!$AB$2:$AB$242=0)*(([1]Calc_매장월인덱스!$B$2:$B$242*12+$A11) - ([1]Calc_매장월인덱스!$AD$2:$AD$242*12+[1]Calc_매장월인덱스!$AE$2:$AE$242)>=6),0))/E11,"-")} -> 105.36696 | G11: {=IFERROR(_xlfn.AGGREGATE(17,6,INDEX([1]Calc_매장월인덱스!$P$2:$AA$242,0,$A11)/(([1]Calc_매장월인덱스!$AB$2:$AB$242=0)*ISNUMBER(INDEX([1]Calc_매장월인덱스!$P$2:$AA$242,0,$A11))*(([1]Calc_매장월인덱스!$B$2:$B$242*12+$A11) - ([1]Calc_매장월인덱스!$AD$2:$AD$242*12+[1]Calc_매장월인덱스!$AE$2:$AE$242)>=6)),2),"-")} -> 105.56666 | H11: =IFERROR(F11-C11,"-") -> 0.042921698
A12: 6 | B12: {=SUMPRODUCT((ISNUMBER([1]Calc_매장월인덱스!U$2:U$242))*([1]Calc_매장월인덱스!AB$2:AB$242=0))} -> 218 | C12: {=IFERROR(SUMPRODUCT(IFERROR([1]Calc_매장월인덱스!U$2:U$242*(ISNUMBER([1]Calc_매장월인덱스!U$2:U$242))*([1]Calc_매장월인덱스!AB$2:AB$242=0),0))/B12,"-")} -> 102.87101 | D12: {=IFERROR(_xlfn.AGGREGATE(17,6,[1]Calc_매장월인덱스!U$2:U$242/(([1]Calc_매장월인덱스!AB$2:AB$242=0)*ISNUMBER([1]Calc_매장월인덱스!U$2:U$242)),2),"-")} -> 103.00425 | E12: {=SUMPRODUCT((ISNUMBER(INDEX([1]Calc_매장월인덱스!$P$2:$AA$242,0,$A12)))*([1]Calc_매장월인덱스!$AB$2:$AB$242=0)*(([1]Calc_매장월인덱스!$B$2:$B$242*12+$A12) - ([1]Calc_매장월인덱스!$AD$2:$AD$242*12+[1]Calc_매장월인덱스!$AE$2:$AE$242)>=6))} -> 213 | F12: {=IFERROR(SUMPRODUCT(IFERROR(INDEX([1]Calc_매장월인덱스!$P$2:$AA$242,0,$A12)*(ISNUMBER(INDEX([1]Calc_매장월인덱스!$P$2:$AA$242,0,$A12)))*([1]Calc_매장월인덱스!$AB$2:$AB$242=0)*(([1]Calc_매장월인덱스!$B$2:$B$242*12+$A12) - ([1]Calc_매장월인덱스!$AD$2:$AD$242*12+[1]Calc_매장월인덱스!$AE$2:$AE$242)>=6),0))/E12,"-")} -> 102.78469 | G12: {=IFERROR(_xlfn.AGGREGATE(17,6,INDEX([1]Calc_매장월인덱스!$P$2:$AA$242,0,$A12)/(([1]Calc_매장월인덱스!$AB$2:$AB$242=0)*ISNUMBER(INDEX([1]Calc_매장월인덱스!$P$2:$AA$242,0,$A12))*(([1]Calc_매장월인덱스!$B$2:$B$242*12+$A12) - ([1]Calc_매장월인덱스!$AD$2:$AD$242*12+[1]Calc_매장월인덱스!$AE$2:$AE$242)>=6)),2),"-")} -> 102.82351 | H12: =IFERROR(F12-C12,"-") -> -0.086325039
A13: 7 | B13: {=SUMPRODUCT((ISNUMBER([1]Calc_매장월인덱스!V$2:V$242))*([1]Calc_매장월인덱스!AB$2:AB$242=0))} -> 218 | C13: {=IFERROR(SUMPRODUCT(IFERROR([1]Calc_매장월인덱스!V$2:V$242*(ISNUMBER([1]Calc_매장월인덱스!V$2:V$242))*([1]Calc_매장월인덱스!AB$2:AB$242=0),0))/B13,"-")} -> 104.67865 | D13: {=IFERROR(_xlfn.AGGREGATE(17,6,[1]Calc_매장월인덱스!V$2:V$242/(([1]Calc_매장월인덱스!AB$2:AB$242=0)*ISNUMBER([1]Calc_매장월인덱스!V$2:V$242)),2),"-")} -> 104.40187 | E13: {=SUMPRODUCT((ISNUMBER(INDEX([1]Calc_매장월인덱스!$P$2:$AA$242,0,$A13)))*([1]Calc_매장월인덱스!$AB$2:$AB$242=0)*(([1]Calc_매장월인덱스!$B$2:$B$242*12+$A13) - ([1]Calc_매장월인덱스!$AD$2:$AD$242*12+[1]Calc_매장월인덱스!$AE$2:$AE$242)>=6))} -> 218 | F13: {=IFERROR(SUMPRODUCT(IFERROR(INDEX([1]Calc_매장월인덱스!$P$2:$AA$242,0,$A13)*(ISNUMBER(INDEX([1]Calc_매장월인덱스!$P$2:$AA$242,0,$A13)))*([1]Calc_매장월인덱스!$AB$2:$AB$242=0)*(([1]Calc_매장월인덱스!$B$2:$B$242*12+$A13) - ([1]Calc_매장월인덱스!$AD$2:$AD$242*12+[1]Calc_매장월인덱스!$AE$2:$AE$242)>=6),0))/E13,"-")} -> 104.67865 | G13: {=IFERROR(_xlfn.AGGREGATE(17,6,INDEX([1]Calc_매장월인덱스!$P$2:$AA$242,0,$A13)/(([1]Calc_매장월인덱스!$AB$2:$AB$242=0)*ISNUMBER(INDEX([1]Calc_매장월인덱스!$P$2:$AA$242,0,$A13))*(([1]Calc_매장월인덱스!$B$2:$B$242*12+$A13) - ([1]Calc_매장월인덱스!$AD$2:$AD$242*12+[1]Calc_매장월인덱스!$AE$2:$AE$242)>=6)),2),"-")} -> 104.40187 | H13: =IFERROR(F13-C13,"-") -> 0
A14: 8 | B14: {=SUMPRODUCT((ISNUMBER([1]Calc_매장월인덱스!W$2:W$242))*([1]Calc_매장월인덱스!AB$2:AB$242=0))} -> 218 | C14: {=IFERROR(SUMPRODUCT(IFERROR([1]Calc_매장월인덱스!W$2:W$242*(ISNUMBER([1]Calc_매장월인덱스!W$2:W$242))*([1]Calc_매장월인덱스!AB$2:AB$242=0),0))/B14,"-")} -> 102.04522 | D14: {=IFERROR(_xlfn.AGGREGATE(17,6,[1]Calc_매장월인덱스!W$2:W$242/(([1]Calc_매장월인덱스!AB$2:AB$242=0)*ISNUMBER([1]Calc_매장월인덱스!W$2:W$242)),2),"-")} -> 100.96882 | E14: {=SUMPRODUCT((ISNUMBER(INDEX([1]Calc_매장월인덱스!$P$2:$AA$242,0,$A14)))*([1]Calc_매장월인덱스!$AB$2:$AB$242=0)*(([1]Calc_매장월인덱스!$B$2:$B$242*12+$A14) - ([1]Calc_매장월인덱스!$AD$2:$AD$242*12+[1]Calc_매장월인덱스!$AE$2:$AE$242)>=6))} -> 218 | F14: {=IFERROR(SUMPRODUCT(IFERROR(INDEX([1]Calc_매장월인덱스!$P$2:$AA$242,0,$A14)*(ISNUMBER(INDEX([1]Calc_매장월인덱스!$P$2:$AA$242,0,$A14)))*([1]Calc_매장월인덱스!$AB$2:$AB$242=0)*(([1]Calc_매장월인덱스!$B$2:$B$242*12+$A14) - ([1]Calc_매장월인덱스!$AD$2:$AD$242*12+[1]Calc_매장월인덱스!$AE$2:$AE$242)>=6),0))/E14,"-")} -> 102.04522 | G14: {=IFERROR(_xlfn.AGGREGATE(17,6,INDEX([1]Calc_매장월인덱스!$P$2:$AA$242,0,$A14)/(([1]Calc_매장월인덱스!$AB$2:$AB$242=0)*ISNUMBER(INDEX([1]Calc_매장월인덱스!$P$2:$AA$242,0,$A14))*(([1]Calc_매장월인덱스!$B$2:$B$242*12+$A14) - ([1]Calc_매장월인덱스!$AD$2:$AD$242*12+[1]Calc_매장월인덱스!$AE$2:$AE$242)>=6)),2),"-")} -> 100.96882 | H14: =IFERROR(F14-C14,"-") -> 0
A15: 9 | B15: {=SUMPRODUCT((ISNUMBER([1]Calc_매장월인덱스!X$2:X$242))*([1]Calc_매장월인덱스!AB$2:AB$242=0))} -> 218 | C15: {=IFERROR(SUMPRODUCT(IFERROR([1]Calc_매장월인덱스!X$2:X$242*(ISNUMBER([1]Calc_매장월인덱스!X$2:X$242))*([1]Calc_매장월인덱스!AB$2:AB$242=0),0))/B15,"-")} -> 100.12358 | D15: {=IFERROR(_xlfn.AGGREGATE(17,6,[1]Calc_매장월인덱스!X$2:X$242/(([1]Calc_매장월인덱스!AB$2:AB$242=0)*ISNUMBER([1]Calc_매장월인덱스!X$2:X$242)),2),"-")} -> 99.05002 | E15: {=SUMPRODUCT((ISNUMBER(INDEX([1]Calc_매장월인덱스!$P$2:$AA$242,0,$A15)))*([1]Calc_매장월인덱스!$AB$2:$AB$242=0)*(([1]Calc_매장월인덱스!$B$2:$B$242*12+$A15) - ([1]Calc_매장월인덱스!$AD$2:$AD$242*12+[1]Calc_매장월인덱스!$AE$2:$AE$242)>=6))} -> 218 | F15: {=IFERROR(SUMPRODUCT(IFERROR(INDEX([1]Calc_매장월인덱스!$P$2:$AA$242,0,$A15)*(ISNUMBER(INDEX([1]Calc_매장월인덱스!$P$2:$AA$242,0,$A15)))*([1]Calc_매장월인덱스!$AB$2:$AB$242=0)*(([1]Calc_매장월인덱스!$B$2:$B$242*12+$A15) - ([1]Calc_매장월인덱스!$AD$2:$AD$242*12+[1]Calc_매장월인덱스!$AE$2:$AE$242)>=6),0))/E15,"-")} -> 100.12358 | G15: {=IFERROR(_xlfn.AGGREGATE(17,6,INDEX([1]Calc_매장월인덱스!$P$2:$AA$242,0,$A15)/(([1]Calc_매장월인덱스!$AB$2:$AB$242=0)*ISNUMBER(INDEX([1]Calc_매장월인덱스!$P$2:$AA$242,0,$A15))*(([1]Calc_매장월인덱스!$B$2:$B$242*12+$A15) - ([1]Calc_매장월인덱스!$AD$2:$AD$242*12+[1]Calc_매장월인덱스!$AE$2:$AE$242)>=6)),2),"-")} -> 99.05002 | H15: =IFERROR(F15-C15,"-") -> 0
A16: 10 | B16: {=SUMPRODUCT((ISNUMBER([1]Calc_매장월인덱스!Y$2:Y$242))*([1]Calc_매장월인덱스!AB$2:AB$242=0))} -> 218 | C16: {=IFERROR(SUMPRODUCT(IFERROR([1]Calc_매장월인덱스!Y$2:Y$242*(ISNUMBER([1]Calc_매장월인덱스!Y$2:Y$242))*([1]Calc_매장월인덱스!AB$2:AB$242=0),0))/B16,"-")} -> 115.59456 | D16: {=IFERROR(_xlfn.AGGREGATE(17,6,[1]Calc_매장월인덱스!Y$2:Y$242/(([1]Calc_매장월인덱스!AB$2:AB$242=0)*ISNUMBER([1]Calc_매장월인덱스!Y$2:Y$242)),2),"-")} -> 115.39964 | E16: {=SUMPRODUCT((ISNUMBER(INDEX([1]Calc_매장월인덱스!$P$2:$AA$242,0,$A16)))*([1]Calc_매장월인덱스!$AB$2:$AB$242=0)*(([1]Calc_매장월인덱스!$B$2:$B$242*12+$A16) - ([1]Calc_매장월인덱스!$AD$2:$AD$242*12+[1]Calc_매장월인덱스!$AE$2:$AE$242)>=6))} -> 218 | F16: {=IFERROR(SUMPRODUCT(IFERROR(INDEX([1]Calc_매장월인덱스!$P$2:$AA$242,0,$A16)*(ISNUMBER(INDEX([1]Calc_매장월인덱스!$P$2:$AA$242,0,$A16)))*([1]Calc_매장월인덱스!$AB$2:$AB$242=0)*(([1]Calc_매장월인덱스!$B$2:$B$242*12+$A16) - ([1]Calc_매장월인덱스!$AD$2:$AD$242*12+[1]Calc_매장월인덱스!$AE$2:$AE$242)>=6),0))/E16,"-")} -> 115.59456 | G16: {=IFERROR(_xlfn.AGGREGATE(17,6,INDEX([1]Calc_매장월인덱스!$P$2:$AA$242,0,$A16)/(([1]Calc_매장월인덱스!$AB$2:$AB$242=0)*ISNUMBER(INDEX([1]Calc_매장월인덱스!$P$2:$AA$242,0,$A16))*(([1]Calc_매장월인덱스!$B$2:$B$242*12+$A16) - ([1]Calc_매장월인덱스!$AD$2:$AD$242*12+[1]Calc_매장월인덱스!$AE$2:$AE$242)>=6)),2),"-")} -> 115.39964 | H16: =IFERROR(F16-C16,"-") -> 0
A17: 11 | B17: {=SUMPRODUCT((ISNUMBER([1]Calc_매장월인덱스!Z$2:Z$242))*([1]Calc_매장월인덱스!AB$2:AB$242=0))} -> 218 | C17: {=IFERROR(SUMPRODUCT(IFERROR([1]Calc_매장월인덱스!Z$2:Z$242*(ISNUMBER([1]Calc_매장월인덱스!Z$2:Z$242))*([1]Calc_매장월인덱스!AB$2:AB$242=0),0))/B17,"-")} -> 104.11252 | D17: {=IFERROR(_xlfn.AGGREGATE(17,6,[1]Calc_매장월인덱스!Z$2:Z$242/(([1]Calc_매장월인덱스!AB$2:AB$242=0)*ISNUMBER([1]Calc_매장월인덱스!Z$2:Z$242)),2),"-")} -> 104.08415 | E17: {=SUMPRODUCT((ISNUMBER(INDEX([1]Calc_매장월인덱스!$P$2:$AA$242,0,$A17)))*([1]Calc_매장월인덱스!$AB$2:$AB$242=0)*(([1]Calc_매장월인덱스!$B$2:$B$242*12+$A17) - ([1]Calc_매장월인덱스!$AD$2:$AD$242*12+[1]Calc_매장월인덱스!$AE$2:$AE$242)>=6))} -> 218 | F17: {=IFERROR(SUMPRODUCT(IFERROR(INDEX([1]Calc_매장월인덱스!$P$2:$AA$242,0,$A17)*(ISNUMBER(INDEX([1]Calc_매장월인덱스!$P$2:$AA$242,0,$A17)))*([1]Calc_매장월인덱스!$AB$2:$AB$242=0)*(([1]Calc_매장월인덱스!$B$2:$B$242*12+$A17) - ([1]Calc_매장월인덱스!$AD$2:$AD$242*12+[1]Calc_매장월인덱스!$AE$2:$AE$242)>=6),0))/E17,"-")} -> 104.11252 | G17: {=IFERROR(_xlfn.AGGREGATE(17,6,INDEX([1]Calc_매장월인덱스!$P$2:$AA$242,0,$A17)/(([1]Calc_매장월인덱스!$AB$2:$AB$242=0)*ISNUMBER(INDEX([1]Calc_매장월인덱스!$P$2:$AA$242,0,$A17))*(([1]Calc_매장월인덱스!$B$2:$B$242*12+$A17) - ([1]Calc_매장월인덱스!$AD$2:$AD$242*12+[1]Calc_매장월인덱스!$AE$2:$AE$242)>=6)),2),"-")} -> 104.08415 | H17: =IFERROR(F17-C17,"-") -> 0
A18: 12 | B18: {=SUMPRODUCT((ISNUMBER([1]Calc_매장월인덱스!AA$2:AA$242))*([1]Calc_매장월인덱스!AB$2:AB$242=0))} -> 218 | C18: {=IFERROR(SUMPRODUCT(IFERROR([1]Calc_매장월인덱스!AA$2:AA$242*(ISNUMBER([1]Calc_매장월인덱스!AA$2:AA$242))*([1]Calc_매장월인덱스!AB$2:AB$242=0),0))/B18,"-")} -> 103.33184 | D18: {=IFERROR(_xlfn.AGGREGATE(17,6,[1]Calc_매장월인덱스!AA$2:AA$242/(([1]Calc_매장월인덱스!AB$2:AB$242=0)*ISNUMBER([1]Calc_매장월인덱스!AA$2:AA$242)),2),"-")} -> 102.19251 | E18: {=SUMPRODUCT((ISNUMBER(INDEX([1]Calc_매장월인덱스!$P$2:$AA$242,0,$A18)))*([1]Calc_매장월인덱스!$AB$2:$AB$242=0)*(([1]Calc_매장월인덱스!$B$2:$B$242*12+$A18) - ([1]Calc_매장월인덱스!$AD$2:$AD$242*12+[1]Calc_매장월인덱스!$AE$2:$AE$242)>=6))} -> 218 | F18: {=IFERROR(SUMPRODUCT(IFERROR(INDEX([1]Calc_매장월인덱스!$P$2:$AA$242,0,$A18)*(ISNUMBER(INDEX([1]Calc_매장월인덱스!$P$2:$AA$242,0,$A18)))*([1]Calc_매장월인덱스!$AB$2:$AB$242=0)*(([1]Calc_매장월인덱스!$B$2:$B$242*12+$A18) - ([1]Calc_매장월인덱스!$AD$2:$AD$242*12+[1]Calc_매장월인덱스!$AE$2:$AE$242)>=6),0))/E18,"-")} -> 103.33184 | G18: {=IFERROR(_xlfn.AGGREGATE(17,6,INDEX([1]Calc_매장월인덱스!$P$2:$AA$242,0,$A18)/(([1]Calc_매장월인덱스!$AB$2:$AB$242=0)*ISNUMBER(INDEX([1]Calc_매장월인덱스!$P$2:$AA$242,0,$A18))*(([1]Calc_매장월인덱스!$B$2:$B$242*12+$A18) - ([1]Calc_매장월인덱스!$AD$2:$AD$242*12+[1]Calc_매장월인덱스!$AE$2:$AE$242)>=6)),2),"-")} -> 102.19251 | H18: =IFERROR(F18-C18,"-") -> 0
A20: * 이 시트는 Calc_매장월인덱스의 AB열(급락매장여부) 플래그를 SUMPRODUCT/AGGREGATE로 참조 — 원본/이상치 리스트가 바뀌면 자동 갱신

Sheet RAW_매출A
A1: 해당월 | B1: 지점키 | C1: 사업자키 | D1: 개점일 | E1: 폐점일 | F1: 개점1년초과여부 | G1: 세탁건조매출 | H1: 멀티자판기매출 | I1: 기타매출 | J1: 최종월매출
A2: 42278 | B2: (0001) 건대점 | C2: (D001) 런드리익스프레스 화양점 | D2: 42292 | G2: 1765000 | I2: 0 | J2: 1765000
A3: 42309 | B3: (0001) 건대점 | C3: (D001) 런드리익스프레스 화양점 | D3: 42292 | G3: 3960000 | I3: 0 | J3: 3960000
A4: 42339 | B4: (0001) 건대점 | C4: (D001) 런드리익스프레스 화양점 | D4: 42292 | G4: 4443000 | I4: 0 | J4: 4443000
A5: 42370 | B5: (0001) 건대점 | C5: (D001) 런드리익스프레스 화양점 | D5: 42292 | G5: 4431000 | I5: 0 | J5: 4431000
A6: 42401 | B6: (0001) 건대점 | C6: (D001) 런드리익스프레스 화양점 | D6: 42292 | G6: 4510000 | I6: 0 | J6: 4510000
A7: 42430 | B7: (0001) 건대점 | C7: (D001) 런드리익스프레스 화양점 | D7: 42292 | G7: 5041000 | I7: 0 | J7: 5041000
A8: 42430 | B8: (0002) 인헌점 | C8: (D002) 런드리익스프레스 인헌점 | D8: 42444 | G8: 455000 | I8: 0 | J8: 455000
A9: 42461 | B9: (0001) 건대점 | C9: (D001) 런드리익스프레스 화양점 | D9: 42292 | G9: 4814000 | I9: 0 | J9: 4814000
A10: 42461 | B10: (0002) 인헌점 | C10: (D002) 런드리익스프레스 인헌점 | D10: 42444 | G10: 1567000 | I10: 0 | J10: 1567000
A11: 42491 | B11: (0001) 건대점 | C11: (D001) 런드리익스프레스 화양점 | D11: 42292 | G11: 4832000 | I11: 0 | J11: 4832000
A12: 42491 | B12: (0002) 인헌점 | C12: (D002) 런드리익스프레스 인헌점 | D12: 42444 | G12: 1446000 | I12: 0 | J12: 1446000
A13: 42491 | B13: (0003) 구디점 | C13: (D003) 런드리익스프레스 구로점 | D13: 42503 | G13: 4177000 | I13: 0 | J13: 4177000
... A450: 44105 | B450: (1012) #석촌점 | C450: (F012) 석촌점 런드리익스프레스샵 | D450: 44085 | G450: 3123000 | I450: 0 | J450: 3123000
A451: 44105 | B451: (1013) #방이점 | C451: (F013) 방이점 런드리익스프레스샵 | D451: 44130 | E451: 45543 | G451: 487000 | I451: 0 | J451: 487000
A452: 44136 | B452: (0001) 건대점 | C452: (D001) 런드리익스프레스 화양점 | D452: 42292 | G452: 6261000 | I452: 0 | J452: 6261000
A453: 44136 | B453: (0002) 인헌점 | C453: (D002) 런드리익스프레스 인헌점 | D453: 42444 | G453: 4102000 | I453: 0 | J453: 4102000
A454: 44136 | B454: (0003) 구디점 | C454: (D003) 런드리익스프레스 구로점 | D454: 42503 | G454: 12008000 | I454: 0 | J454: 12008000
A455: 44136 | B455: (0004) 신림점 | C455: (D004) 런드리익스프레스 신림점 | D455: 42638 | G455: 5580000 | I455: 0 | J455: 5580000
A456: 44136 | B456: (0005) 대학점 | C456: (D005) 런드리익스프레스 대학점 | D456: 42708 | G456: 4453000 | I456: 0 | J456: 4453000
A457: 44136 | B457: (0006) 서림점 | C457: (D006) 런드리익스프레스 서림점 | D457: 43039 | G457: 5906000 | I457: 0 | J457: 5906000
A458: 44136 | B458: (0007) 낙성대점 | C458: (D007) 런드리익스프레스 낙성대점 | D458: 43146 | G458: 7508000 | I458: 0 | J458: 7508000
A459: 44136 | B459: (0008) 트리하우스점 | C459: (D008) 트리하우스 | D459: 43252 | G459: 156000 | I459: 0 | J459: 156000
A460: 44136 | B460: (0009) 신원점 | C460: (D009) 신원점 런드리익스프레스 | D460: 43779 | G460: 4836000 | I460: 0 | J460: 4836000
A461: 44136 | B461: (1001) #화곡점 | C461: (F001) 런드리익스프레스샵 화곡점 | D461: 43629 | G461: 7555000 | I461: 0 | J461: 7555000
A462: 44136 | B462: (1002) #신대방점 | C462: (F002) 런드리익스프레스샵 신대방점 | D462: 43631 | G462: 5761000 | I462: 0 | J462: 5761000
A463: 44136 | B463: (1003) #샤로수점 | C463: (F003) 샤로수점 샵런드리익스프레스 | D463: 43743 | G463: 5315000 | I463: 0 | J463: 5315000
... A472: 44136 | B472: (1012) #석촌점 | C472: (F012) 석촌점 런드리익스프레스샵 | D472: 44085 | G472: 3299000 | I472: 0 | J472: 3299000
A473: 44136 | B473: (1013) #방이점 | C473: (F013) 방이점 런드리익스프레스샵 | D473: 44130 | E473: 45543 | G473: 3056000 | I473: 0 | J473: 3056000
A474: 44136 | B474: (1014) #자곡점 | C474: (F014) 자곡점 런드리익스프레스샵 | D474: 44147 | G474: 1452000 | I474: 0 | J474: 1452000
A475: 44136 | B475: (1015) #사당점 | C475: (F015) 사당점 런드리익스프레스샵 | D475: 44154 | G475: 1284000 | I475: 0 | J475: 1284000
A476: 44166 | B476: (0001) 건대점 | C476: (D001) 런드리익스프레스 화양점 | D476: 42292 | G476: 6223000 | I476: 0 | J476: 6223000
A477: 44166 | B477: (0002) 인헌점 | C477: (D002) 런드리익스프레스 인헌점 | D477: 42444 | G477: 4041000 | I477: 0 | J477: 4041000
A478: 44166 | B478: (0003) 구디점 | C478: (D003) 런드리익스프레스 구로점 | D478: 42503 | G478: 11264000 | I478: 0 | J478: 11264000
A479: 44166 | B479: (0004) 신림점 | C479: (D004) 런드리익스프레스 신림점 | D479: 42638 | G479: 5379000 | I479: 0 | J479: 5379000
A480: 44166 | B480: (0005) 대학점 | C480: (D005) 런드리익스프레스 대학점 | D480: 42708 | G480: 3624000 | I480: 0 | J480: 3624000
A481: 44166 | B481: (0006) 서림점 | C481: (D006) 런드리익스프레스 서림점 | D481: 43039 | G481: 5350000 | I481: 0 | J481: 5350000
A482: 44166 | B482: (0007) 낙성대점 | C482: (D007) 런드리익스프레스 낙성대점 | D482: 43146 | G482: 6711000 | I482: 0 | J482: 6711000
A483: 44166 | B483: (0008) 트리하우스점 | C483: (D008) 트리하우스 | D483: 43252 | G483: 227000 | I483: 0 | J483: 227000
A484: 44166 | B484: (0009) 신원점 | C484: (D009) 신원점 런드리익스프레스 | D484: 43779 | G484: 4756000 | I484: 0 | J484: 4756000
A485: 44166 | B485: (1001) #화곡점 | C485: (F001) 런드리익스프레스샵 화곡점 | D485: 43629 | G485: 7551000 | I485: 0 | J485: 7551000
... A496: 44166 | B496: (1012) #석촌점 | C496: (F012) 석촌점 런드리익스프레스샵 | D496: 44085 | G496: 3549000 | I496: 0 | J496: 3549000
A497: 44166 | B497: (1013) #방이점 | C497: (F013) 방이점 런드리익스프레스샵 | D497: 44130 | E497: 45543 | G497: 3527000 | I497: 0 | J497: 3527000
A498: 44166 | B498: (1014) #자곡점 | C498: (F014) 자곡점 런드리익스프레스샵 | D498: 44147 | G498: 2860000 | I498: 0 | J498: 2860000
A499: 44166 | B499: (1015) #사당점 | C499: (F015) 사당점 런드리익스프레스샵 | D499: 44154 | G499: 3679000 | I499: 0 | J499: 3679000
A500: 44166 | B500: (1016) #가산점 | C500: (F016) 가산점 런드리익스프레스샵 | D500: 44169 | G500: 2839000 | I500: 0 | J500: 2839000
A501: 44197 | B501: (0001) 건대점 | C501: (D001) 런드리익스프레스 화양점 | D501: 42292 | G501: 6086000 | I501: 0 | J501: 6086000
A502: 44197 | B502: (0002) 인헌점 | C502: (D002) 런드리익스프레스 인헌점 | D502: 42444 | G502: 3656000 | I502: 0 | J502: 3656000
A503: 44197 | B503: (0003) 구디점 | C503: (D003) 런드리익스프레스 구로점 | D503: 42503 | G503: 10615000 | I503: 0 | J503: 10615000
A504: 44197 | B504: (0004) 신림점 | C504: (D004) 런드리익스프레스 신림점 | D504: 42638 | G504: 5056000 | I504: 0 | J504: 5056000
A505: 44197 | B505: (0005) 대학점 | C505: (D005) 런드리익스프레스 대학점 | D505: 42708 | G505: 3820000 | I505: 0 | J505: 3820000
A506: 44197 | B506: (0006) 서림점 | C506: (D006) 런드리익스프레스 서림점 | D506: 43039 | G506: 5179000 | I506: 0 | J506: 5179000
A507: 44197 | B507: (0007) 낙성대점 | C507: (D007) 런드리익스프레스 낙성대점 | D507: 43146 | G507: 6747000 | I507: 0 | J507: 6747000
A508: 44197 | B508: (0008) 트리하우스점 | C508: (D008) 트리하우스 | D508: 43252 | G508: 238000 | I508: 0 | J508: 238000
A509: 44197 | B509: (0009) 신원점 | C509: (D009) 신원점 런드리익스프레스 | D509: 43779 | G509: 3936000 | I509: 0 | J509: 3936000
... A521: 44197 | B521: (1012) #석촌점 | C521: (F012) 석촌점 런드리익스프레스샵 | D521: 44085 | G521: 3565000 | I521: 0 | J521: 3565000
A522: 44197 | B522: (1013) #방이점 | C522: (F013) 방이점 런드리익스프레스샵 | D522: 44130 | E522: 45543 | G522: 3657000 | I522: 0 | J522: 3657000
A523: 44197 | B523: (1014) #자곡점 | C523: (F014) 자곡점 런드리익스프레스샵 | D523: 44147 | G523: 3422000 | I523: 0 | J523: 3422000
A524: 44197 | B524: (1015) #사당점 | C524: (F015) 사당점 런드리익스프레스샵 | D524: 44154 | G524: 4549000 | I524: 0 | J524: 4549000
A525: 44197 | B525: (1016) #가산점 | C525: (F016) 가산점 런드리익스프레스샵 | D525: 44169 | G525: 3991000 | I525: 0 | J525: 3991000
A526: 44197 | B526: (1017) #마곡점 | C526: (F017) 마곡점 런드리익스프레스샵 | D526: 44217 | E526: 45620 | G526: 585000 | I526: 0 | J526: 585000
A527: 44228 | B527: (0001) 건대점 | C527: (D001) 런드리익스프레스 화양점 | D527: 42292 | G527: 6368000 | I527: 0 | J527: 6368000
A528: 44228 | B528: (0002) 인헌점 | C528: (D002) 런드리익스프레스 인헌점 | D528: 42444 | G528: 3647000 | I528: 0 | J528: 3647000
A529: 44228 | B529: (0003) 구디점 | C529: (D003) 런드리익스프레스 구로점 | D529: 42503 | G529: 9704000 | I529: 0 | J529: 9704000
A530: 44228 | B530: (0004) 신림점 | C530: (D004) 런드리익스프레스 신림점 | D530: 42638 | G530: 4623000 | I530: 0 | J530: 4623000
A531: 44228 | B531: (0005) 대학점 | C531: (D005) 런드리익스프레스 대학점 | D531: 42708 | G531: 3391000 | I531: 0 | J531: 3391000
A532: 44228 | B532: (0006) 서림점 | C532: (D006) 런드리익스프레스 서림점 | D532: 43039 | G532: 4810000 | I532: 0 | J532: 4810000
A533: 44228 | B533: (0007) 낙성대점 | C533: (D007) 런드리익스프레스 낙성대점 | D533: 43146 | G533: 6351000 | I533: 0 | J533: 6351000
A534: 44228 | B534: (0008) 트리하우스점 | C534: (D008) 트리하우스 | D534: 43252 | G534: 233000 | I534: 0 | J534: 233000
A535: 44228 | B535: (0009) 신원점 | C535: (D009) 신원점 런드리익스프레스 | D535: 43779 | G535: 4121000 | I535: 0 | J535: 4121000
A536: 44228 | B536: (1001) #화곡점 | C536: (F001) 런드리익스프레스샵 화곡점 | D536: 43629 | G536: 6531000 | I536: 0 | J536: 6531000
A537: 44228 | B537: (1002) #신대방점 | C537: (F002) 런드리익스프레스샵 신대방점 | D537: 43631 | G537: 3994000 | I537: 0 | J537: 3994000
A538: 44228 | B538: (1003) #샤로수점 | C538: (F003) 샤로수점 샵런드리익스프레스 | D538: 43743 | G538: 4889000 | I538: 0 | J538: 4889000
... A547: 44228 | B547: (1012) #석촌점 | C547: (F012) 석촌점 런드리익스프레스샵 | D547: 44085 | G547: 3341000 | I547: 0 | J547: 3341000
A548: 44228 | B548: (1013) #방이점 | C548: (F013) 방이점 런드리익스프레스샵 | D548: 44130 | E548: 45543 | G548: 4051000 | I548: 0 | J548: 4051000
A549: 44228 | B549: (1014) #자곡점 | C549: (F014) 자곡점 런드리익스프레스샵 | D549: 44147 | G549: 3441000 | I549: 0 | J549: 3441000
A550: 44228 | B550: (1015) #사당점 | C550: (F015) 사당점 런드리익스프레스샵 | D550: 44154 | G550: 4007000 | I550: 0 | J550: 4007000
A551: 44228 | B551: (1016) #가산점 | C551: (F016) 가산점 런드리익스프레스샵 | D551: 44169 | G551: 3383000 | I551: 0 | J551: 3383000
A552: 44228 | B552: (1017) #마곡점 | C552: (F017) 마곡점 런드리익스프레스샵 | D552: 44217 | E552: 45620 | G552: 1844000 | I552: 0 | J552: 1844000
A553: 44228 | B553: (1018) #논현점 | C553: (F018) 논현점 런드리익스프레스샵 | D553: 44245 | E553: 45838 | G553: 786000 | I553: 0 | J553: 786000
A554: 44228 | B554: (1019) #청룡점 | C554: (F019) 청룡점 런드리익스프레스샵 | D554: 44252 | G554: 176000 | I554: 0 | J554: 176000
A555: 44256 | B555: (0001) 건대점 | C555: (D001) 런드리익스프레스 화양점 | D555: 42292 | G555: 6728000 | I555: 0 | J555: 6728000
A556: 44256 | B556: (0002) 인헌점 | C556: (D002) 런드리익스프레스 인헌점 | D556: 42444 | G556: 4366000 | I556: 0 | J556: 4366000
A557: 44256 | B557: (0003) 구디점 | C557: (D003) 런드리익스프레스 구로점 | D557: 42503 | G557: 11052000 | I557: 0 | J557: 11052000
A558: 44256 | B558: (0004) 신림점 | C558: (D004) 런드리익스프레스 신림점 | D558: 42638 | G558: 5324000 | I558: 0 | J558: 5324000
A559: 44256 | B559: (0005) 대학점 | C559: (D005) 런드리익스프레스 대학점 | D559: 42708 | G559: 4014000 | I559: 0 | J559: 4014000
A560: 44256 | B560: (0006) 서림점 | C560: (D006) 런드리익스프레스 서림점 | D560: 43039 | G560: 5279000 | I560: 0 | J560: 5279000
A561: 44256 | B561: (0007) 낙성대점 | C561: (D007) 런드리익스프레스 낙성대점 | D561: 43146 | G561: 6961000 | I561: 0 | J561: 6961000
A562: 44256 | B562: (0008) 트리하우스점 | C562: (D008) 트리하우스 | D562: 43252 | G562: 243000 | I562: 0 | J562: 243000
A563: 44256 | B563: (0009) 신원점 | C563: (D009) 신원점 런드리익스프레스 | D563: 43779 | G563: 5181000 | I563: 0 | J563: 5181000
A564: 44256 | B564: (1001) #화곡점 | C564: (F001) 런드리익스프레스샵 화곡점 | D564: 43629 | G564: 8222000 | I564: 0 | J564: 8222000
A565: 44256 | B565: (1002) #신대방점 | C565: (F002) 런드리익스프레스샵 신대방점 | D565: 43631 | G565: 4735000 | I565: 0 | J565: 4735000
... A575: 44256 | B575: (1012) #석촌점 | C575: (F012) 석촌점 런드리익스프레스샵 | D575: 44085 | G575: 3763000 | I575: 0 | J575: 3763000
A576: 44256 | B576: (1013) #방이점 | C576: (F013) 방이점 런드리익스프레스샵 | D576: 44130 | E576: 45543 | G576: 4791000 | I576: 0 | J576: 4791000
A577: 44256 | B577: (1014) #자곡점 | C577: (F014) 자곡점 런드리익스프레스샵 | D577: 44147 | G577: 3833000 | I577: 0 | J577: 3833000
A578: 44256 | B578: (1015) #사당점 | C578: (F015) 사당점 런드리익스프레스샵 | D578: 44154 | G578: 4932000 | I578: 0 | J578: 4932000
A579: 44256 | B579: (1016) #가산점 | C579: (F016) 가산점 런드리익스프레스샵 | D579: 44169 | G579: 3681000 | I579: 0 | J579: 3681000
A580: 44256 | B580: (1017) #마곡점 | C580: (F017) 마곡점 런드리익스프레스샵 | D580: 44217 | E580: 45620 | G580: 2440000 | I580: 0 | J580: 2440000
A581: 44256 | B581: (1018) #논현점 | C581: (F018) 논현점 런드리익스프레스샵 | D581: 44245 | E581: 45838 | G581: 3217000 | I581: 0 | J581: 3217000
A582: 44256 | B582: (1019) #청룡점 | C582: (F019) 청룡점 런드리익스프레스샵 | D582: 44252 | G582: 2014000 | I582: 0 | J582: 2014000
...

Sheet Calc_오픈정렬
A1: 지점키 | B1: 경쟁강도 | C1: 경쟁사수 | D1: 그룹 | E1: 오픈다음달1일 | F1: 기준매출(m4-9) | G1: 1 | H1: 2 | I1: 3 | J1: 4 | K1: 5 | L1: 6 | M1: 7 | N1: 8 | O1: 9 | P1: 10 | Q1: 11 | R1: 12 | S1: 13 | T1: 14 | U1: 15 | V1: 16 | W1: 17 | X1: 18 | Y1: 19 | Z1: 20 | AA1: 21 | AB1: 22 | AC1: 23 | AD1: 24 | AE1: 25 | AF1: 26 | AG1: 27 | AH1: 28 | AI1: 29 | AJ1: 30 | AK1: 31 | AL1: 32 | AM1: 33 | AN1: 34 | AO1: 35 | AP1: 36 | AQ1: 37 | AR1: 38 | AS1: 39 | AT1: 40 | AU1: 41 | AV1: 42 | AW1: 43 | AX1: 44 | AY1: 45 | AZ1: 46 | BA1: 47 | BB1: 48 | BC1: 49 | BD1: 50 | BE1: 51 | BF1: 52 | BG1: 53 | BH1: 54 | BI1: 55 | BJ1: 56 | BK1: 57 | BL1: 58 | BM1: 59 | BN1: 60
A2: =세팅!A3 -> (0001) 건대점 | B2: =세팅!B3 -> 150-1 | C2: =IFERROR(VALUE(MID(B2,5,10)),"") -> 1 | D2: =IF(C2="","",IF(C2>=3,"3+",TEXT(C2,"0"))) -> 1 | E2: =세팅!D3 -> 42309 | F2: =IF(COUNT(J2:O2)>=4,AVERAGE(J2:O2),"") -> 4717239.8 | G2: {=IFERROR(IF($A2="","",IF(SUMIFS(RAW_매출A!$J$2:$J$7000,RAW_매출A!$B$2:$B$7000,$A2,RAW_매출A!$A$2:$A$7000,EDATE($E2,G$1-1))=0,"",SUMIFS(RAW_매출A!$J$2:$J$7000,RAW_매출A!$B$2:$B$7000,$A2,RAW_매출A!$A$2:$A$7000,EDATE($E2,G$1-1))/(INDEX(요약_월별시즈널리티!$F$7:$F$18,MONTH(EDATE($E2,G$1-1)))/100))),"")} -> 3803577.3 | H2: {=IFERROR(IF($A2="","",IF(SUMIFS(RAW_매출A!$J$2:$J$7000,RAW_매출A!$B$2:$B$7000,$A2,RAW_매출A!$A$2:$A$7000,EDATE($E2,H$1-1))=0,"",SUMIFS(RAW_매출A!$J$2:$J$7000,RAW_매출A!$B$2:$B$7000,$A2,RAW_매출A!$A$2:$A$7000,EDATE($E2,H$1-1))/(INDEX(요약_월별시즈널리티!$F$7:$F$18,MONTH(EDATE($E2,H$1-1)))/100))),"")} -> 4299739.5 | I2: {=IFERROR(IF($A2="","",IF(SUMIFS(RAW_매출A!$J$2:$J$7000,RAW_매출A!$B$2:$B$7000,$A2,RAW_매출A!$A$2:$A$7000,EDATE($E2,I$1-1))=0,"",SUMIFS(RAW_매출A!$J$2:$J$7000,RAW_매출A!$B$2:$B$7000,$A2,RAW_매출A!$A$2:$A$7000,EDATE($E2,I$1-1))/(INDEX(요약_월별시즈널리티!$F$7:$F$18,MONTH(EDATE($E2,I$1-1)))/100))),"")} -> 4867609.1 | J2: {=IFERROR(IF($A2="","",IF(SUMIFS(RAW_매출A!$J$2:$J$7000,RAW_매출A!$B$2:$B$7000,$A2,RAW_매출A!$A$2:$A$7000,EDATE($E2,J$1-1))=0,"",SUMIFS(RAW_매출A!$J$2:$J$7000,RAW_매출A!$B$2:$B$7000,$A2,RAW_매출A!$A$2:$A$7000,EDATE($E2,J$1-1))/(INDEX(요약_월별시즈널리티!$F$7:$F$18,MONTH(EDATE($E2,J$1-1)))/100))),"")} -> 5350716.5 | K2: {=IFERROR(IF($A2="","",IF(SUMIFS(RAW_매출A!$J$2:$J$7000,RAW_매출A!$B$2:$B$7000,$A2,RAW_매출A!$A$2:$A$7000,EDATE($E2,K$1-1))=0,"",SUMIFS(RAW_매출A!$J$2:$J$7000,RAW_매출A!$B$2:$B$7000,$A2,RAW_매출A!$A$2:$A$7000,EDATE($E2,K$1-1))/(INDEX(요약_월별시즈널리티!$F$7:$F$18,MONTH(EDATE($E2,K$1-1)))/100))),"")} -> 5187729.7 | L2: {=IFERROR(IF($A2="","",IF(SUMIFS(RAW_매출A!$J$2:$J$7000,RAW_매출A!$B$2:$B$7000,$A2,RAW_매출A!$A$2:$A$7000,EDATE($E2,L$1-1))=0,"",SUMIFS(RAW_매출A!$J$2:$J$7000,RAW_매출A!$B$2:$B$7000,$A2,RAW_매출A!$A$2:$A$7000,EDATE($E2,L$1-1))/(INDEX(요약_월별시즈널리티!$F$7:$F$18,MONTH(EDATE($E2,L$1-1)))/100))),"")} -> 4988605.4 | M2: {=IFERROR(IF($A2="","",IF(SUMIFS(RAW_매출A!$J$2:$J$7000,RAW_매출A!$B$2:$B$7000,$A2,RAW_매출A!$A$2:$A$7000,EDATE($E2,M$1-1))=0,"",SUMIFS(RAW_매출A!$J$2:$J$7000,RAW_매출A!$B$2:$B$7000,$A2,RAW_매출A!$A$2:$A$7000,EDATE($E2,M$1-1))/(INDEX(요약_월별시즈널리티!$F$7:$F$18,MONTH(EDATE($E2,M$1-1)))/100))),"")} -> 4585877.7 | N2: {=IFERROR(IF($A2="","",IF(SUMIFS(RAW_매출A!$J$2:$J$7000,RAW_매출A!$B$2:$B$7000,$A2,RAW_매출A!$A$2:$A$7000,EDATE($E2,N$1-1))=0,"",SUMIFS(RAW_매출A!$J$2:$J$7000,RAW_매출A!$B$2:$B$7000,$A2,RAW_매출A!$A$2:$A$7000,EDATE($E2,N$1-1))/(INDEX(요약_월별시즈널리티!$F$7:$F$18,MONTH(EDATE($E2,N$1-1)))/100))),"")} -> 3997677.2 | ... BN2: {=IFERROR(IF($A2="","",IF(SUMIFS(RAW_매출A!$J$2:$J$7000,RAW_매출A!$B$2:$B$7000,$A2,RAW_매출A!$A$2:$A$7000,EDATE($E2,BN$1-1))=0,"",SUMIFS(RAW_매출A!$J$2:$J$7000,RAW_매출A!$B$2:$B$7000,$A2,RAW_매출A!$A$2:$A$7000,EDATE($E2,BN$1-1))/(INDEX(요약_월별시즈널리티!$F$7:$F$18,MONTH(EDATE($E2,BN$1-1)))/100))),"")} -> 6477813.3
A3: =세팅!A4 -> (0002) 인헌점 | B3: =세팅!B4 -> 150-1 | C3: =IFERROR(VALUE(MID(B3,5,10)),"") -> 1 | D3: =IF(C3="","",IF(C3>=3,"3+",TEXT(C3,"0"))) -> 1 | E3: =세팅!D4 -> 42461 | F3: =IF(COUNT(J3:O3)>=4,AVERAGE(J3:O3),"") -> 1702866.4 | G3: {=IFERROR(IF($A3="","",IF(SUMIFS(RAW_매출A!$J$2:$J$7000,RAW_매출A!$B$2:$B$7000,$A3,RAW_매출A!$A$2:$A$7000,EDATE($E3,G$1-1))=0,"",SUMIFS(RAW_매출A!$J$2:$J$7000,RAW_매출A!$B$2:$B$7000,$A3,RAW_매출A!$A$2:$A$7000,EDATE($E3,G$1-1))/(INDEX(요약_월별시즈널리티!$F$7:$F$18,MONTH(EDATE($E3,G$1-1)))/100))),"")} -> 1623835.6 | H3: {=IFERROR(IF($A3="","",IF(SUMIFS(RAW_매출A!$J$2:$J$7000,RAW_매출A!$B$2:$B$7000,$A3,RAW_매출A!$A$2:$A$7000,EDATE($E3,H$1-1))=0,"",SUMIFS(RAW_매출A!$J$2:$J$7000,RAW_매출A!$B$2:$B$7000,$A3,RAW_매출A!$A$2:$A$7000,EDATE($E3,H$1-1))/(INDEX(요약_월별시즈널리티!$F$7:$F$18,MONTH(EDATE($E3,H$1-1)))/100))),"")} -> 1372346.7 | I3: {=IFERROR(IF($A3="","",IF(SUMIFS(RAW_매출A!$J$2:$J$7000,RAW_매출A!$B$2:$B$7000,$A3,RAW_매출A!$A$2:$A$7000,EDATE($E3,I$1-1))=0,"",SUMIFS(RAW_매출A!$J$2:$J$7000,RAW_매출A!$B$2:$B$7000,$A3,RAW_매출A!$A$2:$A$7000,EDATE($E3,I$1-1))/(INDEX(요약_월별시즈널리티!$F$7:$F$18,MONTH(EDATE($E3,I$1-1)))/100))),"")} -> 1213215.7 | J3: {=IFERROR(IF($A3="","",IF(SUMIFS(RAW_매출A!$J$2:$J$7000,RAW_매출A!$B$2:$B$7000,$A3,RAW_매출A!$A$2:$A$7000,EDATE($E3,J$1-1))=0,"",SUMIFS(RAW_매출A!$J$2:$J$7000,RAW_매출A!$B$2:$B$7000,$A3,RAW_매출A!$A$2:$A$7000,EDATE($E3,J$1-1))/(INDEX(요약_월별시즈널리티!$F$7:$F$18,MONTH(EDATE($E3,J$1-1)))/100))),"")} -> 1467347.9 | K3: {=IFERROR(IF($A3="","",IF(SUMIFS(RAW_매출A!$J$2:$J$7000,RAW_매출A!$B$2:$B$7000,$A3,RAW_매출A!$A$2:$A$7000,EDATE($E3,K$1-1))=0,"",SUMIFS(RAW_매출A!$J$2:$J$7000,RAW_매출A!$B$2:$B$7000,$A3,RAW_매출A!$A$2:$A$7000,EDATE($E3,K$1-1))/(INDEX(요약_월별시즈널리티!$F$7:$F$18,MONTH(EDATE($E3,K$1-1)))/100))),"")} -> 1382720.4 | L3: {=IFERROR(IF($A3="","",IF(SUMIFS(RAW_매출A!$J$2:$J$7000,RAW_매출A!$B$2:$B$7000,$A3,RAW_매출A!$A$2:$A$7000,EDATE($E3,L$1-1))=0,"",SUMIFS(RAW_매출A!$J$2:$J$7000,RAW_매출A!$B$2:$B$7000,$A3,RAW_매출A!$A$2:$A$7000,EDATE($E3,L$1-1))/(INDEX(요약_월별시즈널리티!$F$7:$F$18,MONTH(EDATE($E3,L$1-1)))/100))),"")} -> 1577051.1 | M3: {=IFERROR(IF($A3="","",IF(SUMIFS(RAW_매출A!$J$2:$J$7000,RAW_매출A!$B$2:$B$7000,$A3,RAW_매출A!$A$2:$A$7000,EDATE($E3,M$1-1))=0,"",SUMIFS(RAW_매출A!$J$2:$J$7000,RAW_매출A!$B$2:$B$7000,$A3,RAW_매출A!$A$2:$A$7000,EDATE($E3,M$1-1))/(INDEX(요약_월별시즈널리티!$F$7:$F$18,MONTH(EDATE($E3,M$1-1)))/100))),"")} -> 1907529.2 | N3: {=IFERROR(IF($A3="","",IF(SUMIFS(RAW_매출A!$J$2:$J$7000,RAW_매출A!$B$2:$B$7000,$A3,RAW_매출A!$A$2:$A$7000,EDATE($E3,N$1-1))=0,"",SUMIFS(RAW_매출A!$J$2:$J$7000,RAW_매출A!$B$2:$B$7000,$A3,RAW_매출A!$A$2:$A$7000,EDATE($E3,N$1-1))/(INDEX(요약_월별시즈널리티!$F$7:$F$18,MONTH(EDATE($E3,N$1-1)))/100))),"")} -> 1804778.2 | ... BN3: {=IFERROR(IF($A3="","",IF(SUMIFS(RAW_매출A!$J$2:$J$7000,RAW_매출A!$B$2:$B$7000,$A3,RAW_매출A!$A$2:$A$7000,EDATE($E3,BN$1-1))=0,"",SUMIFS(RAW_매출A!$J$2:$J$7000,RAW_매출A!$B$2:$B$7000,$A3,RAW_매출A!$A$2:$A$7000,EDATE($E3,BN$1-1))/(INDEX(요약_월별시즈널리티!$F$7:$F$18,MONTH(EDATE($E3,BN$1-1)))/100))),"")} -> 4493082.3
A4: =세팅!A5 -> (0003) 구디점 | B4: =세팅!B5 -> 150-3 | C4: =IFERROR(VALUE(MID(B4,5,10)),"") -> 3 | D4: =IF(C4="","",IF(C4>=3,"3+",TEXT(C4,"0"))) -> 3+ | E4: =세팅!D5 -> 42522 | F4: =IF(COUNT(J4:O4)>=4,AVERAGE(J4:O4),"") -> 5899967.7 | G4: {=IFERROR(IF($A4="","",IF(SUMIFS(RAW_매출A!$J$2:$J$7000,RAW_매출A!$B$2:$B$7000,$A4,RAW_매출A!$A$2:$A$7000,EDATE($E4,G$1-1))=0,"",SUMIFS(RAW_매출A!$J$2:$J$7000,RAW_매출A!$B$2:$B$7000,$A4,RAW_매출A!$A$2:$A$7000,EDATE($E4,G$1-1))/(INDEX(요약_월별시즈널리티!$F$7:$F$18,MONTH(EDATE($E4,G$1-1)))/100))),"")} -> 4466618.6 | H4: {=IFERROR(IF($A4="","",IF(SUMIFS(RAW_매출A!$J$2:$J$7000,RAW_매출A!$B$2:$B$7000,$A4,RAW_매출A!$A$2:$A$7000,EDATE($E4,H$1-1))=0,"",SUMIFS(RAW_매출A!$J$2:$J$7000,RAW_매출A!$B$2:$B$7000,$A4,RAW_매출A!$A$2:$A$7000,EDATE($E4,H$1-1))/(INDEX(요약_월별시즈널리티!$F$7:$F$18,MONTH(EDATE($E4,H$1-1)))/100))),"")} -> 5164376.9 | I4: {=IFERROR(IF($A4="","",IF(SUMIFS(RAW_매출A!$J$2:$J$7000,RAW_매출A!$B$2:$B$7000,$A4,RAW_매출A!$A$2:$A$7000,EDATE($E4,I$1-1))=0,"",SUMIFS(RAW_매출A!$J$2:$J$7000,RAW_매출A!$B$2:$B$7000,$A4,RAW_매출A!$A$2:$A$7000,EDATE($E4,I$1-1))/(INDEX(요약_월별시즈널리티!$F$7:$F$18,MONTH(EDATE($E4,I$1-1)))/100))),"")} -> 4756714.8 | J4: {=IFERROR(IF($A4="","",IF(SUMIFS(RAW_매출A!$J$2:$J$7000,RAW_매출A!$B$2:$B$7000,$A4,RAW_매출A!$A$2:$A$7000,EDATE($E4,J$1-1))=0,"",SUMIFS(RAW_매출A!$J$2:$J$7000,RAW_매출A!$B$2:$B$7000,$A4,RAW_매출A!$A$2:$A$7000,EDATE($E4,J$1-1))/(INDEX(요약_월별시즈널리티!$F$7:$F$18,MONTH(EDATE($E4,J$1-1)))/100))),"")} -> 5307441 | K4: {=IFERROR(IF($A4="","",IF(SUMIFS(RAW_매출A!$J$2:$J$7000,RAW_매출A!$B$2:$B$7000,$A4,RAW_매출A!$A$2:$A$7000,EDATE($E4,K$1-1))=0,"",SUMIFS(RAW_매출A!$J$2:$J$7000,RAW_매출A!$B$2:$B$7000,$A4,RAW_매출A!$A$2:$A$7000,EDATE($E4,K$1-1))/(INDEX(요약_월별시즈널리티!$F$7:$F$18,MONTH(EDATE($E4,K$1-1)))/100))),"")} -> 5360978.8 | L4: {=IFERROR(IF($A4="","",IF(SUMIFS(RAW_매출A!$J$2:$J$7000,RAW_매출A!$B$2:$B$7000,$A4,RAW_매출A!$A$2:$A$7000,EDATE($E4,L$1-1))=0,"",SUMIFS(RAW_매출A!$J$2:$J$7000,RAW_매출A!$B$2:$B$7000,$A4,RAW_매출A!$A$2:$A$7000,EDATE($E4,L$1-1))/(INDEX(요약_월별시즈널리티!$F$7:$F$18,MONTH(EDATE($E4,L$1-1)))/100))),"")} -> 5572817 | M4: {=IFERROR(IF($A4="","",IF(SUMIFS(RAW_매출A!$J$2:$J$7000,RAW_매출A!$B$2:$B$7000,$A4,RAW_매출A!$A$2:$A$7000,EDATE($E4,M$1-1))=0,"",SUMIFS(RAW_매출A!$J$2:$J$7000,RAW_매출A!$B$2:$B$7000,$A4,RAW_매출A!$A$2:$A$7000,EDATE($E4,M$1-1))/(INDEX(요약_월별시즈널리티!$F$7:$F$18,MONTH(EDATE($E4,M$1-1)))/100))),"")} -> 5961376.4 | N4: {=IFERROR(IF($A4="","",IF(SUMIFS(RAW_매출A!$J$2:$J$7000,RAW_매출A!$B$2:$B$7000,$A4,RAW_매출A!$A$2:$A$7000,EDATE($E4,N$1-1))=0,"",SUMIFS(RAW_매출A!$J$2:$J$7000,RAW_매출A!$B$2:$B$7000,$A4,RAW_매출A!$A$2:$A$7000,EDATE($E4,N$1-1))/(INDEX(요약_월별시즈널리티!$F$7:$F$18,MONTH(EDATE($E4,N$1-1)))/100))),"")} -> 6249566.3 | ... BN4: {=IFERROR(IF($A4="","",IF(SUMIFS(RAW_매출A!$J$2:$J$7000,RAW_매출A!$B$2:$B$7000,$A4,RAW_매출A!$A$2:$A$7000,EDATE($E4,BN$1-1))=0,"",SUMIFS(RAW_매출A!$J$2:$J$7000,RAW_매출A!$B$2:$B$7000,$A4,RAW_매출A!$A$2:$A$7000,EDATE($E4,BN$1-1))/(INDEX(요약_월별시즈널리티!$F$7:$F$18,MONTH(EDATE($E4,BN$1-1)))/100))),"")} -> 12213506
A5: =세팅!A6 -> (0004) 신림점 | B5: =세팅!B6 -> 150-4 | C5: =IFERROR(VALUE(MID(B5,5,10)),"") -> 4 | D5: =IF(C5="","",IF(C5>=3,"3+",TEXT(C5,"0"))) -> 3+ | E5: =세팅!D6 -> 42644 | F5: =IF(COUNT(J5:O5)>=4,AVERAGE(J5:O5),"") -> 5385185.1 | G5: {=IFERROR(IF($A5="","",IF(SUMIFS(RAW_매출A!$J$2:$J$7000,RAW_매출A!$B$2:$B$7000,$A5,RAW_매출A!$A$2:$A$7000,EDATE($E5,G$1-1))=0,"",SUMIFS(RAW_매출A!$J$2:$J$7000,RAW_매출A!$B$2:$B$7000,$A5,RAW_매출A!$A$2:$A$7000,EDATE($E5,G$1-1))/(INDEX(요약_월별시즈널리티!$F$7:$F$18,MONTH(EDATE($E5,G$1-1)))/100))),"")} -> 3412790.3 | H5: {=IFERROR(IF($A5="","",IF(SUMIFS(RAW_매출A!$J$2:$J$7000,RAW_매출A!$B$2:$B$7000,$A5,RAW_매출A!$A$2:$A$7000,EDATE($E5,H$1-1))=0,"",SUMIFS(RAW_매출A!$J$2:$J$7000,RAW_매출A!$B$2:$B$7000,$A5,RAW_매출A!$A$2:$A$7000,EDATE($E5,H$1-1))/(INDEX(요약_월별시즈널리티!$F$7:$F$18,MONTH(EDATE($E5,H$1-1)))/100))),"")} -> 3826629.3 | I5: {=IFERROR(IF($A5="","",IF(SUMIFS(RAW_매출A!$J$2:$J$7000,RAW_매출A!$B$2:$B$7000,$A5,RAW_매출A!$A$2:$A$7000,EDATE($E5,I$1-1))=0,"",SUMIFS(RAW_매출A!$J$2:$J$7000,RAW_매출A!$B$2:$B$7000,$A5,RAW_매출A!$A$2:$A$7000,EDATE($E5,I$1-1))/(INDEX(요약_월별시즈널리티!$F$7:$F$18,MONTH(EDATE($E5,I$1-1)))/100))),"")} -> 4662648 | J5: {=IFERROR(IF($A5="","",IF(SUMIFS(RAW_매출A!$J$2:$J$7000,RAW_매출A!$B$2:$B$7000,$A5,RAW_매출A!$A$2:$A$7000,EDATE($E5,J$1-1))=0,"",SUMIFS(RAW_매출A!$J$2:$J$7000,RAW_매출A!$B$2:$B$7000,$A5,RAW_매출A!$A$2:$A$7000,EDATE($E5,J$1-1))/(INDEX(요약_월별시즈널리티!$F$7:$F$18,MONTH(EDATE($E5,J$1-1)))/100))),"")} -> 5391610.4 | K5: {=IFERROR(IF($A5="","",IF(SUMIFS(RAW_매출A!$J$2:$J$7000,RAW_매출A!$B$2:$B$7000,$A5,RAW_매출A!$A$2:$A$7000,EDATE($E5,K$1-1))=0,"",SUMIFS(RAW_매출A!$J$2:$J$7000,RAW_매출A!$B$2:$B$7000,$A5,RAW_매출A!$A$2:$A$7000,EDATE($E5,K$1-1))/(INDEX(요약_월별시즈널리티!$F$7:$F$18,MONTH(EDATE($E5,K$1-1)))/100))),"")} -> 5459866.4 | L5: {=IFERROR(IF($A5="","",IF(SUMIFS(RAW_매출A!$J$2:$J$7000,RAW_매출A!$B$2:$B$7000,$A5,RAW_매출A!$A$2:$A$7000,EDATE($E5,L$1-1))=0,"",SUMIFS(RAW_매출A!$J$2:$J$7000,RAW_매출A!$B$2:$B$7000,$A5,RAW_매출A!$A$2:$A$7000,EDATE($E5,L$1-1))/(INDEX(요약_월별시즈널리티!$F$7:$F$18,MONTH(EDATE($E5,L$1-1)))/100))),"")} -> 5336950.3 | M5: {=IFERROR(IF($A5="","",IF(SUMIFS(RAW_매출A!$J$2:$J$7000,RAW_매출A!$B$2:$B$7000,$A5,RAW_매출A!$A$2:$A$7000,EDATE($E5,M$1-1))=0,"",SUMIFS(RAW_매출A!$J$2:$J$7000,RAW_매출A!$B$2:$B$7000,$A5,RAW_매출A!$A$2:$A$7000,EDATE($E5,M$1-1))/(INDEX(요약_월별시즈널리티!$F$7:$F$18,MONTH(EDATE($E5,M$1-1)))/100))),"")} -> 5652854.7 | N5: {=IFERROR(IF($A5="","",IF(SUMIFS(RAW_매출A!$J$2:$J$7000,RAW_매출A!$B$2:$B$7000,$A5,RAW_매출A!$A$2:$A$7000,EDATE($E5,N$1-1))=0,"",SUMIFS(RAW_매출A!$J$2:$J$7000,RAW_매출A!$B$2:$B$7000,$A5,RAW_매출A!$A$2:$A$7000,EDATE($E5,N$1-1))/(INDEX(요약_월별시즈널리티!$F$7:$F$18,MONTH(EDATE($E5,N$1-1)))/100))),"")} -> 5406818.1 | ... BN5: {=IFERROR(IF($A5="","",IF(SUMIFS(RAW_매출A!$J$2:$J$7000,RAW_매출A!$B$2:$B$7000,$A5,RAW_매출A!$A$2:$A$7000,EDATE($E5,BN$1-1))=0,"",SUMIFS(RAW_매출A!$J$2:$J$7000,RAW_매출A!$B$2:$B$7000,$A5,RAW_매출A!$A$2:$A$7000,EDATE($E5,BN$1-1))/(INDEX(요약_월별시즈널리티!$F$7:$F$18,MONTH(EDATE($E5,BN$1-1)))/100))),"")} -> 6154394.4
A6: =세팅!A7 -> (0005) 대학점 | B6: =세팅!B7 -> 150-2 | C6: =IFERROR(VALUE(MID(B6,5,10)),"") -> 2 | D6: =IF(C6="","",IF(C6>=3,"3+",TEXT(C6,"0"))) -> 2 | E6: =세팅!D7 -> 42736 | F6: =IF(COUNT(J6:O6)>=4,AVERAGE(J6:O6),"") -> 6295452.6 | G6: {=IFERROR(IF($A6="","",IF(SUMIFS(RAW_매출A!$J$2:$J$7000,RAW_매출A!$B$2:$B$7000,$A6,RAW_매출A!$A$2:$A$7000,EDATE($E6,G$1-1))=0,"",SUMIFS(RAW_매출A!$J$2:$J$7000,RAW_매출A!$B$2:$B$7000,$A6,RAW_매출A!$A$2:$A$7000,EDATE($E6,G$1-1))/(INDEX(요약_월별시즈널리티!$F$7:$F$18,MONTH(EDATE($E6,G$1-1)))/100))),"")} -> 4977462.6 | H6: {=IFERROR(IF($A6="","",IF(SUMIFS(RAW_매출A!$J$2:$J$7000,RAW_매출A!$B$2:$B$7000,$A6,RAW_매출A!$A$2:$A$7000,EDATE($E6,H$1-1))=0,"",SUMIFS(RAW_매출A!$J$2:$J$7000,RAW_매출A!$B$2:$B$7000,$A6,RAW_매출A!$A$2:$A$7000,EDATE($E6,H$1-1))/(INDEX(요약_월별시즈널리티!$F$7:$F$18,MONTH(EDATE($E6,H$1-1)))/100))),"")} -> 5326988.3 | I6: {=IFERROR(IF($A6="","",IF(SUMIFS(RAW_매출A!$J$2:$J$7000,RAW_매출A!$B$2:$B$7000,$A6,RAW_매출A!$A$2:$A$7000,EDATE($E6,I$1-1))=0,"",SUMIFS(RAW_매출A!$J$2:$J$7000,RAW_매출A!$B$2:$B$7000,$A6,RAW_매출A!$A$2:$A$7000,EDATE($E6,I$1-1))/(INDEX(요약_월별시즈널리티!$F$7:$F$18,MONTH(EDATE($E6,I$1-1)))/100))),"")} -> 5354445.1 | J6: {=IFERROR(IF($A6="","",IF(SUMIFS(RAW_매출A!$J$2:$J$7000,RAW_매출A!$B$2:$B$7000,$A6,RAW_매출A!$A$2:$A$7000,EDATE($E6,J$1-1))=0,"",SUMIFS(RAW_매출A!$J$2:$J$7000,RAW_매출A!$B$2:$B$7000,$A6,RAW_매출A!$A$2:$A$7000,EDATE($E6,J$1-1))/(INDEX(요약_월별시즈널리티!$F$7:$F$18,MONTH(EDATE($E6,J$1-1)))/100))),"")} -> 5339901.1 | K6: {=IFERROR(IF($A6="","",IF(SUMIFS(RAW_매출A!$J$2:$J$7000,RAW_매출A!$B$2:$B$7000,$A6,RAW_매출A!$A$2:$A$7000,EDATE($E6,K$1-1))=0,"",SUMIFS(RAW_매출A!$J$2:$J$7000,RAW_매출A!$B$2:$B$7000,$A6,RAW_매출A!$A$2:$A$7000,EDATE($E6,K$1-1))/(INDEX(요약_월별시즈널리티!$F$7:$F$18,MONTH(EDATE($E6,K$1-1)))/100))),"")} -> 5943039.3 | L6: {=IFERROR(IF($A6="","",IF(SUMIFS(RAW_매출A!$J$2:$J$7000,RAW_매출A!$B$2:$B$7000,$A6,RAW_매출A!$A$2:$A$7000,EDATE($E6,L$1-1))=0,"",SUMIFS(RAW_매출A!$J$2:$J$7000,RAW_매출A!$B$2:$B$7000,$A6,RAW_매출A!$A$2:$A$7000,EDATE($E6,L$1-1))/(INDEX(요약_월별시즈널리티!$F$7:$F$18,MONTH(EDATE($E6,L$1-1)))/100))),"")} -> 5941546.5 | M6: {=IFERROR(IF($A6="","",IF(SUMIFS(RAW_매출A!$J$2:$J$7000,RAW_매출A!$B$2:$B$7000,$A6,RAW_매출A!$A$2:$A$7000,EDATE($E6,M$1-1))=0,"",SUMIFS(RAW_매출A!$J$2:$J$7000,RAW_매출A!$B$2:$B$7000,$A6,RAW_매출A!$A$2:$A$7000,EDATE($E6,M$1-1))/(INDEX(요약_월별시즈널리티!$F$7:$F$18,MONTH(EDATE($E6,M$1-1)))/100))),"")} -> 7309035.8 | N6: {=IFERROR(IF($A6="","",IF(SUMIFS(RAW_매출A!$J$2:$J$7000,RAW_매출A!$B$2:$B$7000,$A6,RAW_매출A!$A$2:$A$7000,EDATE($E6,N$1-1))=0,"",SUMIFS(RAW_매출A!$J$2:$J$7000,RAW_매출A!$B$2:$B$7000,$A6,RAW_매출A!$A$2:$A$7000,EDATE($E6,N$1-1))/(INDEX(요약_월별시즈널리티!$F$7:$F$18,MONTH(EDATE($E6,N$1-1)))/100))),"")} -> 6736229.4 | ... BN6: {=IFERROR(IF($A6="","",IF(SUMIFS(RAW_매출A!$J$2:$J$7000,RAW_매출A!$B$2:$B$7000,$A6,RAW_매출A!$A$2:$A$7000,EDATE($E6,BN$1-1))=0,"",SUMIFS(RAW_매출A!$J$2:$J$7000,RAW_매출A!$B$2:$B$7000,$A6,RAW_매출A!$A$2:$A$7000,EDATE($E6,BN$1-1))/(INDEX(요약_월별시즈널리티!$F$7:$F$18,MONTH(EDATE($E6,BN$1-1)))/100))),"")} -> 3354242
A7: =세팅!A8 -> (0006) 서림점 | B7: =세팅!B8 -> 150-2 | C7: =IFERROR(VALUE(MID(B7,5,10)),"") -> 2 | D7: =IF(C7="","",IF(C7>=3,"3+",TEXT(C7,"0"))) -> 2 | E7: =세팅!D8 -> 43040 | F7: =IF(COUNT(J7:O7)>=4,AVERAGE(J7:O7),"") -> 4277752.1 | G7: {=IFERROR(IF($A7="","",IF(SUMIFS(RAW_매출A!$J$2:$J$7000,RAW_매출A!$B$2:$B$7000,$A7,RAW_매출A!$A$2:$A$7000,EDATE($E7,G$1-1))=0,"",SUMIFS(RAW_매출A!$J$2:$J$7000,RAW_매출A!$B$2:$B$7000,$A7,RAW_매출A!$A$2:$A$7000,EDATE($E7,G$1-1))/(INDEX(요약_월별시즈널리티!$F$7:$F$18,MONTH(EDATE($E7,G$1-1)))/100))),"")} -> 2566454.2 | H7: {=IFERROR(IF($A7="","",IF(SUMIFS(RAW_매출A!$J$2:$J$7000,RAW_매출A!$B$2:$B$7000,$A7,RAW_매출A!$A$2:$A$7000,EDATE($E7,H$1-1))=0,"",SUMIFS(RAW_매출A!$J$2:$J$7000,RAW_매출A!$B$2:$B$7000,$A7,RAW_매출A!$A$2:$A$7000,EDATE($E7,H$1-1))/(INDEX(요약_월별시즈널리티!$F$7:$F$18,MONTH(EDATE($E7,H$1-1)))/100))),"")} -> 3343596.7 | I7: {=IFERROR(IF($A7="","",IF(SUMIFS(RAW_매출A!$J$2:$J$7000,RAW_매출A!$B$2:$B$7000,$A7,RAW_매출A!$A$2:$A$7000,EDATE($E7,I$1-1))=0,"",SUMIFS(RAW_매출A!$J$2:$J$7000,RAW_매출A!$B$2:$B$7000,$A7,RAW_매출A!$A$2:$A$7000,EDATE($E7,I$1-1))/(INDEX(요약_월별시즈널리티!$F$7:$F$18,MONTH(EDATE($E7,I$1-1)))/100))),"")} -> 4406224.4 | J7: {=IFERROR(IF($A7="","",IF(SUMIFS(RAW_매출A!$J$2:$J$7000,RAW_매출A!$B$2:$B$7000,$A7,RAW_매출A!$A$2:$A$7000,EDATE($E7,J$1-1))=0,"",SUMIFS(RAW_매출A!$J$2:$J$7000,RAW_매출A!$B$2:$B$7000,$A7,RAW_매출A!$A$2:$A$7000,EDATE($E7,J$1-1))/(INDEX(요약_월별시즈널리티!$F$7:$F$18,MONTH(EDATE($E7,J$1-1)))/100))),"")} -> 4126339.7 | K7: {=IFERROR(IF($A7="","",IF(SUMIFS(RAW_매출A!$J$2:$J$7000,RAW_매출A!$B$2:$B$7000,$A7,RAW_매출A!$A$2:$A$7000,EDATE($E7,K$1-1))=0,"",SUMIFS(RAW_매출A!$J$2:$J$7000,RAW_매출A!$B$2:$B$7000,$A7,RAW_매출A!$A$2:$A$7000,EDATE($E7,K$1-1))/(INDEX(요약_월별시즈널리티!$F$7:$F$18,MONTH(EDATE($E7,K$1-1)))/100))),"")} -> 4047478.9 | L7: {=IFERROR(IF($A7="","",IF(SUMIFS(RAW_매출A!$J$2:$J$7000,RAW_매출A!$B$2:$B$7000,$A7,RAW_매출A!$A$2:$A$7000,EDATE($E7,L$1-1))=0,"",SUMIFS(RAW_매출A!$J$2:$J$7000,RAW_매출A!$B$2:$B$7000,$A7,RAW_매출A!$A$2:$A$7000,EDATE($E7,L$1-1))/(INDEX(요약_월별시즈널리티!$F$7:$F$18,MONTH(EDATE($E7,L$1-1)))/100))),"")} -> 3986532 | M7: {=IFERROR(IF($A7="","",IF(SUMIFS(RAW_매출A!$J$2:$J$7000,RAW_매출A!$B$2:$B$7000,$A7,RAW_매출A!$A$2:$A$7000,EDATE($E7,M$1-1))=0,"",SUMIFS(RAW_매출A!$J$2:$J$7000,RAW_매출A!$B$2:$B$7000,$A7,RAW_매출A!$A$2:$A$7000,EDATE($E7,M$1-1))/(INDEX(요약_월별시즈널리티!$F$7:$F$18,MONTH(EDATE($E7,M$1-1)))/100))),"")} -> 4447314.3 | N7: {=IFERROR(IF($A7="","",IF(SUMIFS(RAW_매출A!$J$2:$J$7000,RAW_매출A!$B$2:$B$7000,$A7,RAW_매출A!$A$2:$A$7000,EDATE($E7,N$1-1))=0,"",SUMIFS(RAW_매출A!$J$2:$J$7000,RAW_매출A!$B$2:$B$7000,$A7,RAW_매출A!$A$2:$A$7000,EDATE($E7,N$1-1))/(INDEX(요약_월별시즈널리티!$F$7:$F$18,MONTH(EDATE($E7,N$1-1)))/100))),"")} -> 4365436.2 | ... BN7: {=IFERROR(IF($A7="","",IF(SUMIFS(RAW_매출A!$J$2:$J$7000,RAW_매출A!$B$2:$B$7000,$A7,RAW_매출A!$A$2:$A$7000,EDATE($E7,BN$1-1))=0,"",SUMIFS(RAW_매출A!$J$2:$J$7000,RAW_매출A!$B$2:$B$7000,$A7,RAW_매출A!$A$2:$A$7000,EDATE($E7,BN$1-1))/(INDEX(요약_월별시즈널리티!$F$7:$F$18,MONTH(EDATE($E7,BN$1-1)))/100))),"")} -> 7164869.8
A8: =세팅!A9 -> (0007) 낙성대점 | B8: =세팅!B9 -> 150-1 | C8: =IFERROR(VALUE(MID(B8,5,10)),"") -> 1 | D8: =IF(C8="","",IF(C8>=3,"3+",TEXT(C8,"0"))) -> 1 | E8: =세팅!D9 -> 43160 | F8: =IF(COUNT(J8:O8)>=4,AVERAGE(J8:O8),"") -> 5204137.4 | G8: {=IFERROR(IF($A8="","",IF(SUMIFS(RAW_매출A!$J$2:$J$7000,RAW_매출A!$B$2:$B$7000,$A8,RAW_매출A!$A$2:$A$7000,EDATE($E8,G$1-1))=0,"",SUMIFS(RAW_매출A!$J$2:$J$7000,RAW_매출A!$B$2:$B$7000,$A8,RAW_매출A!$A$2:$A$7000,EDATE($E8,G$1-1))/(INDEX(요약_월별시즈널리티!$F$7:$F$18,MONTH(EDATE($E8,G$1-1)))/100))),"")} -> 3990878 | H8: {=IFERROR(IF($A8="","",IF(SUMIFS(RAW_매출A!$J$2:$J$7000,RAW_매출A!$B$2:$B$7000,$A8,RAW_매출A!$A$2:$A$7000,EDATE($E8,H$1-1))=0,"",SUMIFS(RAW_매출A!$J$2:$J$7000,RAW_매출A!$B$2:$B$7000,$A8,RAW_매출A!$A$2:$A$7000,EDATE($E8,H$1-1))/(INDEX(요약_월별시즈널리티!$F$7:$F$18,MONTH(EDATE($E8,H$1-1)))/100))),"")} -> 3938863.6 | I8: {=IFERROR(IF($A8="","",IF(SUMIFS(RAW_매출A!$J$2:$J$7000,RAW_매출A!$B$2:$B$7000,$A8,RAW_매출A!$A$2:$A$7000,EDATE($E8,I$1-1))=0,"",SUMIFS(RAW_매출A!$J$2:$J$7000,RAW_매출A!$B$2:$B$7000,$A8,RAW_매출A!$A$2:$A$7000,EDATE($E8,I$1-1))/(INDEX(요약_월별시즈널리티!$F$7:$F$18,MONTH(EDATE($E8,I$1-1)))/100))),"")} -> 5188533.4 | J8: {=IFERROR(IF($A8="","",IF(SUMIFS(RAW_매출A!$J$2:$J$7000,RAW_매출A!$B$2:$B$7000,$A8,RAW_매출A!$A$2:$A$7000,EDATE($E8,J$1-1))=0,"",SUMIFS(RAW_매출A!$J$2:$J$7000,RAW_매출A!$B$2:$B$7000,$A8,RAW_매출A!$A$2:$A$7000,EDATE($E8,J$1-1))/(INDEX(요약_월별시즈널리티!$F$7:$F$18,MONTH(EDATE($E8,J$1-1)))/100))),"")} -> 5241053 | K8: {=IFERROR(IF($A8="","",IF(SUMIFS(RAW_매출A!$J$2:$J$7000,RAW_매출A!$B$2:$B$7000,$A8,RAW_매출A!$A$2:$A$7000,EDATE($E8,K$1-1))=0,"",SUMIFS(RAW_매출A!$J$2:$J$7000,RAW_매출A!$B$2:$B$7000,$A8,RAW_매출A!$A$2:$A$7000,EDATE($E8,K$1-1))/(INDEX(요약_월별시즈널리티!$F$7:$F$18,MONTH(EDATE($E8,K$1-1)))/100))),"")} -> 5397471.2 | L8: {=IFERROR(IF($A8="","",IF(SUMIFS(RAW_매출A!$J$2:$J$7000,RAW_매출A!$B$2:$B$7000,$A8,RAW_매출A!$A$2:$A$7000,EDATE($E8,L$1-1))=0,"",SUMIFS(RAW_매출A!$J$2:$J$7000,RAW_매출A!$B$2:$B$7000,$A8,RAW_매출A!$A$2:$A$7000,EDATE($E8,L$1-1))/(INDEX(요약_월별시즈널리티!$F$7:$F$18,MONTH(EDATE($E8,L$1-1)))/100))),"")} -> 4413729.6 | M8: {=IFERROR(IF($A8="","",IF(SUMIFS(RAW_매출A!$J$2:$J$7000,RAW_매출A!$B$2:$B$7000,$A8,RAW_매출A!$A$2:$A$7000,EDATE($E8,M$1-1))=0,"",SUMIFS(RAW_매출A!$J$2:$J$7000,RAW_매출A!$B$2:$B$7000,$A8,RAW_매출A!$A$2:$A$7000,EDATE($E8,M$1-1))/(INDEX(요약_월별시즈널리티!$F$7:$F$18,MONTH(EDATE($E8,M$1-1)))/100))),"")} -> 5677983.1 | N8: {=IFERROR(IF($A8="","",IF(SUMIFS(RAW_매출A!$J$2:$J$7000,RAW_매출A!$B$2:$B$7000,$A8,RAW_매출A!$A$2:$A$7000,EDATE($E8,N$1-1))=0,"",SUMIFS(RAW_매출A!$J$2:$J$7000,RAW_매출A!$B$2:$B$7000,$A8,RAW_매출A!$A$2:$A$7000,EDATE($E8,N$1-1))/(INDEX(요약_월별시즈널리티!$F$7:$F$18,MONTH(EDATE($E8,N$1-1)))/100))),"")} -> 5398177.7 | ... BN8: {=IFERROR(IF($A8="","",IF(SUMIFS(RAW_매출A!$J$2:$J$7000,RAW_매출A!$B$2:$B$7000,$A8,RAW_매출A!$A$2:$A$7000,EDATE($E8,BN$1-1))=0,"",SUMIFS(RAW_매출A!$J$2:$J$7000,RAW_매출A!$B$2:$B$7000,$A8,RAW_매출A!$A$2:$A$7000,EDATE($E8,BN$1-1))/(INDEX(요약_월별시즈널리티!$F$7:$F$18,MONTH(EDATE($E8,BN$1-1)))/100))),"")} -> 8714549.5
A9: =세팅!A10 -> (0008) 트리하우스점 | B9: =세팅!B10 -> 0 | C9: =IFERROR(VALUE(MID(B9,5,10)),"") | D9: =IF(C9="","",IF(C9>=3,"3+",TEXT(C9,"0"))) | E9: =세팅!D10 -> 43282 | F9: =IF(COUNT(J9:O9)>=4,AVERAGE(J9:O9),"") | G9: {=IFERROR(IF($A9="","",IF(SUMIFS(RAW_매출A!$J$2:$J$7000,RAW_매출A!$B$2:$B$7000,$A9,RAW_매출A!$A$2:$A$7000,EDATE($E9,G$1-1))=0,"",SUMIFS(RAW_매출A!$J$2:$J$7000,RAW_매출A!$B$2:$B$7000,$A9,RAW_매출A!$A$2:$A$7000,EDATE($E9,G$1-1))/(INDEX(요약_월별시즈널리티!$F$7:$F$18,MONTH(EDATE($E9,G$1-1)))/100))),"")} | H9: {=IFERROR(IF($A9="","",IF(SUMIFS(RAW_매출A!$J$2:$J$7000,RAW_매출A!$B$2:$B$7000,$A9,RAW_매출A!$A$2:$A$7000,EDATE($E9,H$1-1))=0,"",SUMIFS(RAW_매출A!$J$2:$J$7000,RAW_매출A!$B$2:$B$7000,$A9,RAW_매출A!$A$2:$A$7000,EDATE($E9,H$1-1))/(INDEX(요약_월별시즈널리티!$F$7:$F$18,MONTH(EDATE($E9,H$1-1)))/100))),"")} | I9: {=IFERROR(IF($A9="","",IF(SUMIFS(RAW_매출A!$J$2:$J$7000,RAW_매출A!$B$2:$B$7000,$A9,RAW_매출A!$A$2:$A$7000,EDATE($E9,I$1-1))=0,"",SUMIFS(RAW_매출A!$J$2:$J$7000,RAW_매출A!$B$2:$B$7000,$A9,RAW_매출A!$A$2:$A$7000,EDATE($E9,I$1-1))/(INDEX(요약_월별시즈널리티!$F$7:$F$18,MONTH(EDATE($E9,I$1-1)))/100))),"")} | J9: {=IFERROR(IF($A9="","",IF(SUMIFS(RAW_매출A!$J$2:$J$7000,RAW_매출A!$B$2:$B$7000,$A9,RAW_매출A!$A$2:$A$7000,EDATE($E9,J$1-1))=0,"",SUMIFS(RAW_매출A!$J$2:$J$7000,RAW_매출A!$B$2:$B$7000,$A9,RAW_매출A!$A$2:$A$7000,EDATE($E9,J$1-1))/(INDEX(요약_월별시즈널리티!$F$7:$F$18,MONTH(EDATE($E9,J$1-1)))/100))),"")} | K9: {=IFERROR(IF($A9="","",IF(SUMIFS(RAW_매출A!$J$2:$J$7000,RAW_매출A!$B$2:$B$7000,$A9,RAW_매출A!$A$2:$A$7000,EDATE($E9,K$1-1))=0,"",SUMIFS(RAW_매출A!$J$2:$J$7000,RAW_매출A!$B$2:$B$7000,$A9,RAW_매출A!$A$2:$A$7000,EDATE($E9,K$1-1))/(INDEX(요약_월별시즈널리티!$F$7:$F$18,MONTH(EDATE($E9,K$1-1)))/100))),"")} | L9: {=IFERROR(IF($A9="","",IF(SUMIFS(RAW_매출A!$J$2:$J$7000,RAW_매출A!$B$2:$B$7000,$A9,RAW_매출A!$A$2:$A$7000,EDATE($E9,L$1-1))=0,"",SUMIFS(RAW_매출A!$J$2:$J$7000,RAW_매출A!$B$2:$B$7000,$A9,RAW_매출A!$A$2:$A$7000,EDATE($E9,L$1-1))/(INDEX(요약_월별시즈널리티!$F$7:$F$18,MONTH(EDATE($E9,L$1-1)))/100))),"")} | M9: {=IFERROR(IF($A9="","",IF(SUMIFS(RAW_매출A!$J$2:$J$7000,RAW_매출A!$B$2:$B$7000,$A9,RAW_매출A!$A$2:$A$7000,EDATE($E9,M$1-1))=0,"",SUMIFS(RAW_매출A!$J$2:$J$7000,RAW_매출A!$B$2:$B$7000,$A9,RAW_매출A!$A$2:$A$7000,EDATE($E9,M$1-1))/(INDEX(요약_월별시즈널리티!$F$7:$F$18,MONTH(EDATE($E9,M$1-1)))/100))),"")} | N9: {=IFERROR(IF($A9="","",IF(SUMIFS(RAW_매출A!$J$2:$J$7000,RAW_매출A!$B$2:$B$7000,$A9,RAW_매출A!$A$2:$A$7000,EDATE($E9,N$1-1))=0,"",SUMIFS(RAW_매출A!$J$2:$J$7000,RAW_매출A!$B$2:$B$7000,$A9,RAW_매출A!$A$2:$A$7000,EDATE($E9,N$1-1))/(INDEX(요약_월별시즈널리티!$F$7:$F$18,MONTH(EDATE($E9,N$1-1)))/100))),"")} | ... BN9: {=IFERROR(IF($A9="","",IF(SUMIFS(RAW_매출A!$J$2:$J$7000,RAW_매출A!$B$2:$B$7000,$A9,RAW_매출A!$A$2:$A$7000,EDATE($E9,BN$1-1))=0,"",SUMIFS(RAW_매출A!$J$2:$J$7000,RAW_매출A!$B$2:$B$7000,$A9,RAW_매출A!$A$2:$A$7000,EDATE($E9,BN$1-1))/(INDEX(요약_월별시즈널리티!$F$7:$F$18,MONTH(EDATE($E9,BN$1-1)))/100))),"")} -> 711195.43
A10: =세팅!A11 -> (0009) 신원점 | B10: =세팅!B11 -> 150-0 | C10: =IFERROR(VALUE(MID(B10,5,10)),"") -> 0 | D10: =IF(C10="","",IF(C10>=3,"3+",TEXT(C10,"0"))) -> 0 | E10: =세팅!D11 -> 43800 | F10: =IF(COUNT(J10:O10)>=4,AVERAGE(J10:O10),"") -> 4670950.9 | G10: {=IFERROR(IF($A10="","",IF(SUMIFS(RAW_매출A!$J$2:$J$7000,RAW_매출A!$B$2:$B$7000,$A10,RAW_매출A!$A$2:$A$7000,EDATE($E10,G$1-1))=0,"",SUMIFS(RAW_매출A!$J$2:$J$7000,RAW_매출A!$B$2:$B$7000,$A10,RAW_매출A!$A$2:$A$7000,EDATE($E10,G$1-1))/(INDEX(요약_월별시즈널리티!$F$7:$F$18,MONTH(EDATE($E10,G$1-1)))/100))),"")} -> 3735537.8 | H10: {=IFERROR(IF($A10="","",IF(SUMIFS(RAW_매출A!$J$2:$J$7000,RAW_매출A!$B$2:$B$7000,$A10,RAW_매출A!$A$2:$A$7000,EDATE($E10,H$1-1))=0,"",SUMIFS(RAW_매출A!$J$2:$J$7000,RAW_매출A!$B$2:$B$7000,$A10,RAW_매출A!$A$2:$A$7000,EDATE($E10,H$1-1))/(INDEX(요약_월별시즈널리티!$F$7:$F$18,MONTH(EDATE($E10,H$1-1)))/100))),"")} -> 3860252.4 | I10: {=IFERROR(IF($A10="","",IF(SUMIFS(RAW_매출A!$J$2:$J$7000,RAW_매출A!$B$2:$B$7000,$A10,RAW_매출A!$A$2:$A$7000,EDATE($E10,I$1-1))=0,"",SUMIFS(RAW_매출A!$J$2:$J$7000,RAW_매출A!$B$2:$B$7000,$A10,RAW_매출A!$A$2:$A$7000,EDATE($E10,I$1-1))/(INDEX(요약_월별시즈널리티!$F$7:$F$18,MONTH(EDATE($E10,I$1-1)))/100))),"")} -> 4326843.3 | J10: {=IFERROR(IF($A10="","",IF(SUMIFS(RAW_매출A!$J$2:$J$7000,RAW_매출A!$B$2:$B$7000,$A10,RAW_매출A!$A$2:$A$7000,EDATE($E10,J$1-1))=0,"",SUMIFS(RAW_매출A!$J$2:$J$7000,RAW_매출A!$B$2:$B$7000,$A10,RAW_매출A!$A$2:$A$7000,EDATE($E10,J$1-1))/(INDEX(요약_월별시즈널리티!$F$7:$F$18,MONTH(EDATE($E10,J$1-1)))/100))),"")} -> 4338716.2 | K10: {=IFERROR(IF($A10="","",IF(SUMIFS(RAW_매출A!$J$2:$J$7000,RAW_매출A!$B$2:$B$7000,$A10,RAW_매출A!$A$2:$A$7000,EDATE($E10,K$1-1))=0,"",SUMIFS(RAW_매출A!$J$2:$J$7000,RAW_매출A!$B$2:$B$7000,$A10,RAW_매출A!$A$2:$A$7000,EDATE($E10,K$1-1))/(INDEX(요약_월별시즈널리티!$F$7:$F$18,MONTH(EDATE($E10,K$1-1)))/100))),"")} -> 3850780.6 | L10: {=IFERROR(IF($A10="","",IF(SUMIFS(RAW_매출A!$J$2:$J$7000,RAW_매출A!$B$2:$B$7000,$A10,RAW_매출A!$A$2:$A$7000,EDATE($E10,L$1-1))=0,"",SUMIFS(RAW_매출A!$J$2:$J$7000,RAW_매출A!$B$2:$B$7000,$A10,RAW_매출A!$A$2:$A$7000,EDATE($E10,L$1-1))/(INDEX(요약_월별시즈널리티!$F$7:$F$18,MONTH(EDATE($E10,L$1-1)))/100))),"")} -> 4878189.4 | M10: {=IFERROR(IF($A10="","",IF(SUMIFS(RAW_매출A!$J$2:$J$7000,RAW_매출A!$B$2:$B$7000,$A10,RAW_매출A!$A$2:$A$7000,EDATE($E10,M$1-1))=0,"",SUMIFS(RAW_매출A!$J$2:$J$7000,RAW_매출A!$B$2:$B$7000,$A10,RAW_매출A!$A$2:$A$7000,EDATE($E10,M$1-1))/(INDEX(요약_월별시즈널리티!$F$7:$F$18,MONTH(EDATE($E10,M$1-1)))/100))),"")} -> 4461754.1 | N10: {=IFERROR(IF($A10="","",IF(SUMIFS(RAW_매출A!$J$2:$J$7000,RAW_매출A!$B$2:$B$7000,$A10,RAW_매출A!$A$2:$A$7000,EDATE($E10,N$1-1))=0,"",SUMIFS(RAW_매출A!$J$2:$J$7000,RAW_매출A!$B$2:$B$7000,$A10,RAW_매출A!$A$2:$A$7000,EDATE($E10,N$1-1))/(INDEX(요약_월별시즈널리티!$F$7:$F$18,MONTH(EDATE($E10,N$1-1)))/100))),"")} -> 4027564.4 | ... BN10: {=IFERROR(IF($A10="","",IF(SUMIFS(RAW_매출A!$J$2:$J$7000,RAW_매출A!$B$2:$B$7000,$A10,RAW_매출A!$A$2:$A$7000,EDATE($E10,BN$1-1))=0,"",SUMIFS(RAW_매출A!$J$2:$J$7000,RAW_매출A!$B$2:$B$7000,$A10,RAW_매출A!$A$2:$A$7000,EDATE($E10,BN$1-1))/(INDEX(요약_월별시즈널리티!$F$7:$F$18,MONTH(EDATE($E10,BN$1-1)))/100))),"")} -> 6328413
A11: =세팅!A12 -> (0010) 별빛거리점 | B11: =세팅!B12 -> 150-3 | C11: =IFERROR(VALUE(MID(B11,5,10)),"") -> 3 | D11: =IF(C11="","",IF(C11>=3,"3+",TEXT(C11,"0"))) -> 3+ | E11: =세팅!D12 -> 44593 | F11: =IF(COUNT(J11:O11)>=4,AVERAGE(J11:O11),"") -> 6295519.9 | G11: {=IFERROR(IF($A11="","",IF(SUMIFS(RAW_매출A!$J$2:$J$7000,RAW_매출A!$B$2:$B$7000,$A11,RAW_매출A!$A$2:$A$7000,EDATE($E11,G$1-1))=0,"",SUMIFS(RAW_매출A!$J$2:$J$7000,RAW_매출A!$B$2:$B$7000,$A11,RAW_매출A!$A$2:$A$7000,EDATE($E11,G$1-1))/(INDEX(요약_월별시즈널리티!$F$7:$F$18,MONTH(EDATE($E11,G$1-1)))/100))),"")} -> 3834957 | H11: {=IFERROR(IF($A11="","",IF(SUMIFS(RAW_매출A!$J$2:$J$7000,RAW_매출A!$B$2:$B$7000,$A11,RAW_매출A!$A$2:$A$7000,EDATE($E11,H$1-1))=0,"",SUMIFS(RAW_매출A!$J$2:$J$7000,RAW_매출A!$B$2:$B$7000,$A11,RAW_매출A!$A$2:$A$7000,EDATE($E11,H$1-1))/(INDEX(요약_월별시즈널리티!$F$7:$F$18,MONTH(EDATE($E11,H$1-1)))/100))),"")} -> 4101404.1 | I11: {=IFERROR(IF($A11="","",IF(SUMIFS(RAW_매출A!$J$2:$J$7000,RAW_매출A!$B$2:$B$7000,$A11,RAW_매출A!$A$2:$A$7000,EDATE($E11,I$1-1))=0,"",SUMIFS(RAW_매출A!$J$2:$J$7000,RAW_매출A!$B$2:$B$7000,$A11,RAW_매출A!$A$2:$A$7000,EDATE($E11,I$1-1))/(INDEX(요약_월별시즈널리티!$F$7:$F$18,MONTH(EDATE($E11,I$1-1)))/100))),"")} -> 4573993.7 | J11: {=IFERROR(IF($A11="","",IF(SUMIFS(RAW_매출A!$J$2:$J$7000,RAW_매출A!$B$2:$B$7000,$A11,RAW_매출A!$A$2:$A$7000,EDATE($E11,J$1-1))=0,"",SUMIFS(RAW_매출A!$J$2:$J$7000,RAW_매출A!$B$2:$B$7000,$A11,RAW_매출A!$A$2:$A$7000,EDATE($E11,J$1-1))/(INDEX(요약_월별시즈널리티!$F$7:$F$18,MONTH(EDATE($E11,J$1-1)))/100))),"")} -> 5122573.4 | K11: {=IFERROR(IF($A11="","",IF(SUMIFS(RAW_매출A!$J$2:$J$7000,RAW_매출A!$B$2:$B$7000,$A11,RAW_매출A!$A$2:$A$7000,EDATE($E11,K$1-1))=0,"",SUMIFS(RAW_매출A!$J$2:$J$7000,RAW_매출A!$B$2:$B$7000,$A11,RAW_매출A!$A$2:$A$7000,EDATE($E11,K$1-1))/(INDEX(요약_월별시즈널리티!$F$7:$F$18,MONTH(EDATE($E11,K$1-1)))/100))),"")} -> 6233224.2 | L11: {=IFERROR(IF($A11="","",IF(SUMIFS(RAW_매출A!$J$2:$J$7000,RAW_매출A!$B$2:$B$7000,$A11,RAW_매출A!$A$2:$A$7000,EDATE($E11,L$1-1))=0,"",SUMIFS(RAW_매출A!$J$2:$J$7000,RAW_매출A!$B$2:$B$7000,$A11,RAW_매출A!$A$2:$A$7000,EDATE($E11,L$1-1))/(INDEX(요약_월별시즈널리티!$F$7:$F$18,MONTH(EDATE($E11,L$1-1)))/100))),"")} -> 6494447.6 | M11: {=IFERROR(IF($A11="","",IF(SUMIFS(RAW_매출A!$J$2:$J$7000,RAW_매출A!$B$2:$B$7000,$A11,RAW_매출A!$A$2:$A$7000,EDATE($E11,M$1-1))=0,"",SUMIFS(RAW_매출A!$J$2:$J$7000,RAW_매출A!$B$2:$B$7000,$A11,RAW_매출A!$A$2:$A$7000,EDATE($E11,M$1-1))/(INDEX(요약_월별시즈널리티!$F$7:$F$18,MONTH(EDATE($E11,M$1-1)))/100))),"")} -> 7262760.7 | N11: {=IFERROR(IF($A11="","",IF(SUMIFS(RAW_매출A!$J$2:$J$7000,RAW_매출A!$B$2:$B$7000,$A11,RAW_매출A!$A$2:$A$7000,EDATE($E11,N$1-1))=0,"",SUMIFS(RAW_매출A!$J$2:$J$7000,RAW_매출A!$B$2:$B$7000,$A11,RAW_매출A!$A$2:$A$7000,EDATE($E11,N$1-1))/(INDEX(요약_월별시즈널리티!$F$7:$F$18,MONTH(EDATE($E11,N$1-1)))/100))),"")} -> 6730682.2 | ... BN11: {=IFERROR(IF($A11="","",IF(SUMIFS(RAW_매출A!$J$2:$J$7000,RAW_매출A!$B$2:$B$7000,$A11,RAW_매출A!$A$2:$A$7000,EDATE($E11,BN$1-1))=0,"",SUMIFS(RAW_매출A!$J$2:$J$7000,RAW_매출A!$B$2:$B$7000,$A11,RAW_매출A!$A$2:$A$7000,EDATE($E11,BN$1-1))/(INDEX(요약_월별시즈널리티!$F$7:$F$18,MONTH(EDATE($E11,BN$1-1)))/100))),"")}
A12: =세팅!A13 -> (0011) 천안성정공원점 | B12: =세팅!B13 -> 150-2 | C12: =IFERROR(VALUE(MID(B12,5,10)),"") -> 2 | D12: =IF(C12="","",IF(C12>=3,"3+",TEXT(C12,"0"))) -> 2 | E12: =세팅!D13 -> 44896 | F12: =IF(COUNT(J12:O12)>=4,AVERAGE(J12:O12),"") -> 6469805.3 | G12: {=IFERROR(IF($A12="","",IF(SUMIFS(RAW_매출A!$J$2:$J$7000,RAW_매출A!$B$2:$B$7000,$A12,RAW_매출A!$A$2:$A$7000,EDATE($E12,G$1-1))=0,"",SUMIFS(RAW_매출A!$J$2:$J$7000,RAW_매출A!$B$2:$B$7000,$A12,RAW_매출A!$A$2:$A$7000,EDATE($E12,G$1-1))/(INDEX(요약_월별시즈널리티!$F$7:$F$18,MONTH(EDATE($E12,G$1-1)))/100))),"")} -> 3673814.3 | H12: {=IFERROR(IF($A12="","",IF(SUMIFS(RAW_매출A!$J$2:$J$7000,RAW_매출A!$B$2:$B$7000,$A12,RAW_매출A!$A$2:$A$7000,EDATE($E12,H$1-1))=0,"",SUMIFS(RAW_매출A!$J$2:$J$7000,RAW_매출A!$B$2:$B$7000,$A12,RAW_매출A!$A$2:$A$7000,EDATE($E12,H$1-1))/(INDEX(요약_월별시즈널리티!$F$7:$F$18,MONTH(EDATE($E12,H$1-1)))/100))),"")} -> 4912242.6 | I12: {=IFERROR(IF($A12="","",IF(SUMIFS(RAW_매출A!$J$2:$J$7000,RAW_매출A!$B$2:$B$7000,$A12,RAW_매출A!$A$2:$A$7000,EDATE($E12,I$1-1))=0,"",SUMIFS(RAW_매출A!$J$2:$J$7000,RAW_매출A!$B$2:$B$7000,$A12,RAW_매출A!$A$2:$A$7000,EDATE($E12,I$1-1))/(INDEX(요약_월별시즈널리티!$F$7:$F$18,MONTH(EDATE($E12,I$1-1)))/100))),"")} -> 5258176.4 | J12: {=IFERROR(IF($A12="","",IF(SUMIFS(RAW_매출A!$J$2:$J$7000,RAW_매출A!$B$2:$B$7000,$A12,RAW_매출A!$A$2:$A$7000,EDATE($E12,J$1-1))=0,"",SUMIFS(RAW_매출A!$J$2:$J$7000,RAW_매출A!$B$2:$B$7000,$A12,RAW_매출A!$A$2:$A$7000,EDATE($E12,J$1-1))/(INDEX(요약_월별시즈널리티!$F$7:$F$18,MONTH(EDATE($E12,J$1-1)))/100))),"")} -> 5979113.2 | K12: {=IFERROR(IF($A12="","",IF(SUMIFS(RAW_매출A!$J$2:$J$7000,RAW_매출A!$B$2:$B$7000,$A12,RAW_매출A!$A$2:$A$7000,EDATE($E12,K$1-1))=0,"",SUMIFS(RAW_매출A!$J$2:$J$7000,RAW_매출A!$B$2:$B$7000,$A12,RAW_매출A!$A$2:$A$7000,EDATE($E12,K$1-1))/(INDEX(요약_월별시즈널리티!$F$7:$F$18,MONTH(EDATE($E12,K$1-1)))/100))),"")} -> 6324876 | L12: {=IFERROR(IF($A12="","",IF(SUMIFS(RAW_매출A!$J$2:$J$7000,RAW_매출A!$B$2:$B$7000,$A12,RAW_매출A!$A$2:$A$7000,EDATE($E12,L$1-1))=0,"",SUMIFS(RAW_매출A!$J$2:$J$7000,RAW_매출A!$B$2:$B$7000,$A12,RAW_매출A!$A$2:$A$7000,EDATE($E12,L$1-1))/(INDEX(요약_월별시즈널리티!$F$7:$F$18,MONTH(EDATE($E12,L$1-1)))/100))),"")} -> 5880401.1 | M12: {=IFERROR(IF($A12="","",IF(SUMIFS(RAW_매출A!$J$2:$J$7000,RAW_매출A!$B$2:$B$7000,$A12,RAW_매출A!$A$2:$A$7000,EDATE($E12,M$1-1))=0,"",SUMIFS(RAW_매출A!$J$2:$J$7000,RAW_매출A!$B$2:$B$7000,$A12,RAW_매출A!$A$2:$A$7000,EDATE($E12,M$1-1))/(INDEX(요약_월별시즈널리티!$F$7:$F$18,MONTH(EDATE($E12,M$1-1)))/100))),"")} -> 6197421.2 | N12: {=IFERROR(IF($A12="","",IF(SUMIFS(RAW_매출A!$J$2:$J$7000,RAW_매출A!$B$2:$B$7000,$A12,RAW_매출A!$A$2:$A$7000,EDATE($E12,N$1-1))=0,"",SUMIFS(RAW_매출A!$J$2:$J$7000,RAW_매출A!$B$2:$B$7000,$A12,RAW_매출A!$A$2:$A$7000,EDATE($E12,N$1-1))/(INDEX(요약_월별시즈널리티!$F$7:$F$18,MONTH(EDATE($E12,N$1-1)))/100))),"")} -> 7507739.2 | ... BN12: {=IFERROR(IF($A12="","",IF(SUMIFS(RAW_매출A!$J$2:$J$7000,RAW_매출A!$B$2:$B$7000,$A12,RAW_매출A!$A$2:$A$7000,EDATE($E12,BN$1-1))=0,"",SUMIFS(RAW_매출A!$J$2:$J$7000,RAW_매출A!$B$2:$B$7000,$A12,RAW_매출A!$A$2:$A$7000,EDATE($E12,BN$1-1))/(INDEX(요약_월별시즈널리티!$F$7:$F$18,MONTH(EDATE($E12,BN$1-1)))/100))),"")}
A13: =세팅!A14 -> (0012) 우송대북문점 | B13: =세팅!B14 -> 150-1 | C13: =IFERROR(VALUE(MID(B13,5,10)),"") -> 1 | D13: =IF(C13="","",IF(C13>=3,"3+",TEXT(C13,"0"))) -> 1 | E13: =세팅!D14 -> 45474 | F13: =IF(COUNT(J13:O13)>=4,AVERAGE(J13:O13),"") -> 4048385.6 | G13: {=IFERROR(IF($A13="","",IF(SUMIFS(RAW_매출A!$J$2:$J$7000,RAW_매출A!$B$2:$B$7000,$A13,RAW_매출A!$A$2:$A$7000,EDATE($E13,G$1-1))=0,"",SUMIFS(RAW_매출A!$J$2:$J$7000,RAW_매출A!$B$2:$B$7000,$A13,RAW_매출A!$A$2:$A$7000,EDATE($E13,G$1-1))/(INDEX(요약_월별시즈널리티!$F$7:$F$18,MONTH(EDATE($E13,G$1-1)))/100))),"")} -> 2689220.8 | H13: {=IFERROR(IF($A13="","",IF(SUMIFS(RAW_매출A!$J$2:$J$7000,RAW_매출A!$B$2:$B$7000,$A13,RAW_매출A!$A$2:$A$7000,EDATE($E13,H$1-1))=0,"",SUMIFS(RAW_매출A!$J$2:$J$7000,RAW_매출A!$B$2:$B$7000,$A13,RAW_매출A!$A$2:$A$7000,EDATE($E13,H$1-1))/(INDEX(요약_월별시즈널리티!$F$7:$F$18,MONTH(EDATE($E13,H$1-1)))/100))),"")} -> 2920048.6 | I13: {=IFERROR(IF($A13="","",IF(SUMIFS(RAW_매출A!$J$2:$J$7000,RAW_매출A!$B$2:$B$7000,$A13,RAW_매출A!$A$2:$A$7000,EDATE($E13,I$1-1))=0,"",SUMIFS(RAW_매출A!$J$2:$J$7000,RAW_매출A!$B$2:$B$7000,$A13,RAW_매출A!$A$2:$A$7000,EDATE($E13,I$1-1))/(INDEX(요약_월별시즈널리티!$F$7:$F$18,MONTH(EDATE($E13,I$1-1)))/100))),"")} -> 4053680.4 | J13: {=IFERROR(IF($A13="","",IF(SUMIFS(RAW_매출A!$J$2:$J$7000,RAW_매출A!$B$2:$B$7000,$A13,RAW_매출A!$A$2:$A$7000,EDATE($E13,J$1-1))=0,"",SUMIFS(RAW_매출A!$J$2:$J$7000,RAW_매출A!$B$2:$B$7000,$A13,RAW_매출A!$A$2:$A$7000,EDATE($E13,J$1-1))/(INDEX(요약_월별시즈널리티!$F$7:$F$18,MONTH(EDATE($E13,J$1-1)))/100))),"")} -> 3672032.6 | K13: {=IFERROR(IF($A13="","",IF(SUMIFS(RAW_매출A!$J$2:$J$7000,RAW_매출A!$B$2:$B$7000,$A13,RAW_매출A!$A$2:$A$7000,EDATE($E13,K$1-1))=0,"",SUMIFS(RAW_매출A!$J$2:$J$7000,RAW_매출A!$B$2:$B$7000,$A13,RAW_매출A!$A$2:$A$7000,EDATE($E13,K$1-1))/(INDEX(요약_월별시즈널리티!$F$7:$F$18,MONTH(EDATE($E13,K$1-1)))/100))),"")} -> 3747071.1 | L13: {=IFERROR(IF($A13="","",IF(SUMIFS(RAW_매출A!$J$2:$J$7000,RAW_매출A!$B$2:$B$7000,$A13,RAW_매출A!$A$2:$A$7000,EDATE($E13,L$1-1))=0,"",SUMIFS(RAW_매출A!$J$2:$J$7000,RAW_매출A!$B$2:$B$7000,$A13,RAW_매출A!$A$2:$A$7000,EDATE($E13,L$1-1))/(INDEX(요약_월별시즈널리티!$F$7:$F$18,MONTH(EDATE($E13,L$1-1)))/100))),"")} -> 4003606.2 | M13: {=IFERROR(IF($A13="","",IF(SUMIFS(RAW_매출A!$J$2:$J$7000,RAW_매출A!$B$2:$B$7000,$A13,RAW_매출A!$A$2:$A$7000,EDATE($E13,M$1-1))=0,"",SUMIFS(RAW_매출A!$J$2:$J$7000,RAW_매출A!$B$2:$B$7000,$A13,RAW_매출A!$A$2:$A$7000,EDATE($E13,M$1-1))/(INDEX(요약_월별시즈널리티!$F$7:$F$18,MONTH(EDATE($E13,M$1-1)))/100))),"")} -> 4426810.9 | N13: {=IFERROR(IF($A13="","",IF(SUMIFS(RAW_매출A!$J$2:$J$7000,RAW_매출A!$B$2:$B$7000,$A13,RAW_매출A!$A$2:$A$7000,EDATE($E13,N$1-1))=0,"",SUMIFS(RAW_매출A!$J$2:$J$7000,RAW_매출A!$B$2:$B$7000,$A13,RAW_매출A!$A$2:$A$7000,EDATE($E13,N$1-1))/(INDEX(요약_월별시즈널리티!$F$7:$F$18,MONTH(EDATE($E13,N$1-1)))/100))),"")} -> 4100594.6 | ... BN13: {=IFERROR(IF($A13="","",IF(SUMIFS(RAW_매출A!$J$2:$J$7000,RAW_매출A!$B$2:$B$7000,$A13,RAW_매출A!$A$2:$A$7000,EDATE($E13,BN$1-1))=0,"",SUMIFS(RAW_매출A!$J$2:$J$7000,RAW_매출A!$B$2:$B$7000,$A13,RAW_매출A!$A$2:$A$7000,EDATE($E13,BN$1-1))/(INDEX(요약_월별시즈널리티!$F$7:$F$18,MONTH(EDATE($E13,BN$1-1)))/100))),"")}
... A150: =세팅!A151 -> (1140) #대전보건대점 | B150: =세팅!B151 -> 150-1 | C150: =IFERROR(VALUE(MID(B150,5,10)),"") -> 1 | D150: =IF(C150="","",IF(C150>=3,"3+",TEXT(C150,"0"))) -> 1 | E150: =세팅!D151 -> 46143 | F150: =IF(COUNT(J150:O150)>=4,AVERAGE(J150:O150),"") | G150: {=IFERROR(IF($A150="","",IF(SUMIFS(RAW_매출A!$J$2:$J$7000,RAW_매출A!$B$2:$B$7000,$A150,RAW_매출A!$A$2:$A$7000,EDATE($E150,G$1-1))=0,"",SUMIFS(RAW_매출A!$J$2:$J$7000,RAW_매출A!$B$2:$B$7000,$A150,RAW_매출A!$A$2:$A$7000,EDATE($E150,G$1-1))/(INDEX(요약_월별시즈널리티!$F$7:$F$18,MONTH(EDATE($E150,G$1-1)))/100))),"")} -> 4133705.6 | H150: {=IFERROR(IF($A150="","",IF(SUMIFS(RAW_매출A!$J$2:$J$7000,RAW_매출A!$B$2:$B$7000,$A150,RAW_매출A!$A$2:$A$7000,EDATE($E150,H$1-1))=0,"",SUMIFS(RAW_매출A!$J$2:$J$7000,RAW_매출A!$B$2:$B$7000,$A150,RAW_매출A!$A$2:$A$7000,EDATE($E150,H$1-1))/(INDEX(요약_월별시즈널리티!$F$7:$F$18,MONTH(EDATE($E150,H$1-1)))/100))),"")} -> 3950637.1 | I150: {=IFERROR(IF($A150="","",IF(SUMIFS(RAW_매출A!$J$2:$J$7000,RAW_매출A!$B$2:$B$7000,$A150,RAW_매출A!$A$2:$A$7000,EDATE($E150,I$1-1))=0,"",SUMIFS(RAW_매출A!$J$2:$J$7000,RAW_매출A!$B$2:$B$7000,$A150,RAW_매출A!$A$2:$A$7000,EDATE($E150,I$1-1))/(INDEX(요약_월별시즈널리티!$F$7:$F$18,MONTH(EDATE($E150,I$1-1)))/100))),"")} | J150: {=IFERROR(IF($A150="","",IF(SUMIFS(RAW_매출A!$J$2:$J$7000,RAW_매출A!$B$2:$B$7000,$A150,RAW_매출A!$A$2:$A$7000,EDATE($E150,J$1-1))=0,"",SUMIFS(RAW_매출A!$J$2:$J$7000,RAW_매출A!$B$2:$B$7000,$A150,RAW_매출A!$A$2:$A$7000,EDATE($E150,J$1-1))/(INDEX(요약_월별시즈널리티!$F$7:$F$18,MONTH(EDATE($E150,J$1-1)))/100))),"")} | K150: {=IFERROR(IF($A150="","",IF(SUMIFS(RAW_매출A!$J$2:$J$7000,RAW_매출A!$B$2:$B$7000,$A150,RAW_매출A!$A$2:$A$7000,EDATE($E150,K$1-1))=0,"",SUMIFS(RAW_매출A!$J$2:$J$7000,RAW_매출A!$B$2:$B$7000,$A150,RAW_매출A!$A$2:$A$7000,EDATE($E150,K$1-1))/(INDEX(요약_월별시즈널리티!$F$7:$F$18,MONTH(EDATE($E150,K$1-1)))/100))),"")} | L150: {=IFERROR(IF($A150="","",IF(SUMIFS(RAW_매출A!$J$2:$J$7000,RAW_매출A!$B$2:$B$7000,$A150,RAW_매출A!$A$2:$A$7000,EDATE($E150,L$1-1))=0,"",SUMIFS(RAW_매출A!$J$2:$J$7000,RAW_매출A!$B$2:$B$7000,$A150,RAW_매출A!$A$2:$A$7000,EDATE($E150,L$1-1))/(INDEX(요약_월별시즈널리티!$F$7:$F$18,MONTH(EDATE($E150,L$1-1)))/100))),"")} | M150: {=IFERROR(IF($A150="","",IF(SUMIFS(RAW_매출A!$J$2:$J$7000,RAW_매출A!$B$2:$B$7000,$A150,RAW_매출A!$A$2:$A$7000,EDATE($E150,M$1-1))=0,"",SUMIFS(RAW_매출A!$J$2:$J$7000,RAW_매출A!$B$2:$B$7000,$A150,RAW_매출A!$A$2:$A$7000,EDATE($E150,M$1-1))/(INDEX(요약_월별시즈널리티!$F$7:$F$18,MONTH(EDATE($E150,M$1-1)))/100))),"")} | N150: {=IFERROR(IF($A150="","",IF(SUMIFS(RAW_매출A!$J$2:$J$7000,RAW_매출A!$B$2:$B$7000,$A150,RAW_매출A!$A$2:$A$7000,EDATE($E150,N$1-1))=0,"",SUMIFS(RAW_매출A!$J$2:$J$7000,RAW_매출A!$B$2:$B$7000,$A150,RAW_매출A!$A$2:$A$7000,EDATE($E150,N$1-1))/(INDEX(요약_월별시즈널리티!$F$7:$F$18,MONTH(EDATE($E150,N$1-1)))/100))),"")} | ... BN150: {=IFERROR(IF($A150="","",IF(SUMIFS(RAW_매출A!$J$2:$J$7000,RAW_매출A!$B$2:$B$7000,$A150,RAW_매출A!$A$2:$A$7000,EDATE($E150,BN$1-1))=0,"",SUMIFS(RAW_매출A!$J$2:$J$7000,RAW_매출A!$B$2:$B$7000,$A150,RAW_매출A!$A$2:$A$7000,EDATE($E150,BN$1-1))/(INDEX(요약_월별시즈널리티!$F$7:$F$18,MONTH(EDATE($E150,BN$1-1)))/100))),"")}

Sheet Calc_지수곡선
A1: 지점키 | B1: 경쟁강도 | C1: 경쟁사수 | D1: 그룹 | E1: 오픈다음달1일 | F1: 기준매출(m4-9) | G1: 1 | H1: 2 | I1: 3 | J1: 4 | K1: 5 | L1: 6 | M1: 7 | N1: 8 | O1: 9 | P1: 10 | Q1: 11 | R1: 12 | S1: 13 | T1: 14 | U1: 15 | V1: 16 | W1: 17 | X1: 18 | Y1: 19 | Z1: 20 | AA1: 21 | AB1: 22 | AC1: 23 | AD1: 24 | AE1: 25 | AF1: 26 | AG1: 27 | AH1: 28 | AI1: 29 | AJ1: 30 | AK1: 31 | AL1: 32 | AM1: 33 | AN1: 34 | AO1: 35 | AP1: 36 | AQ1: 37 | AR1: 38 | AS1: 39 | AT1: 40 | AU1: 41 | AV1: 42 | AW1: 43 | AX1: 44 | AY1: 45 | AZ1: 46 | BA1: 47 | BB1: 48 | BC1: 49 | BD1: 50 | BE1: 51 | BF1: 52 | BG1: 53 | BH1: 54 | BI1: 55 | BJ1: 56 | BK1: 57 | BL1: 58 | BM1: 59 | BN1: 60
A2: =Calc_오픈정렬!A2 -> (0001) 건대점 | B2: =Calc_오픈정렬!B2 -> 150-1 | C2: =Calc_오픈정렬!C2 -> 1 | D2: =Calc_오픈정렬!D2 -> 1 | E2: =Calc_오픈정렬!E2 -> 42309 | F2: =Calc_오픈정렬!F2 -> 4717239.8 | G2: =IF(OR(Calc_오픈정렬!$F2="",Calc_오픈정렬!G2=""),"",Calc_오픈정렬!G2/Calc_오픈정렬!$F2*100) -> 80.631418 | H2: =IF(OR(Calc_오픈정렬!$F2="",Calc_오픈정렬!H2=""),"",Calc_오픈정렬!H2/Calc_오픈정렬!$F2*100) -> 91.149479 | I2: =IF(OR(Calc_오픈정렬!$F2="",Calc_오픈정렬!I2=""),"",Calc_오픈정렬!I2/Calc_오픈정렬!$F2*100) -> 103.18766 | J2: =IF(OR(Calc_오픈정렬!$F2="",Calc_오픈정렬!J2=""),"",Calc_오픈정렬!J2/Calc_오픈정렬!$F2*100) -> 113.42897 | K2: =IF(OR(Calc_오픈정렬!$F2="",Calc_오픈정렬!K2=""),"",Calc_오픈정렬!K2/Calc_오픈정렬!$F2*100) -> 109.97384 | L2: =IF(OR(Calc_오픈정렬!$F2="",Calc_오픈정렬!L2=""),"",Calc_오픈정렬!L2/Calc_오픈정렬!$F2*100) -> 105.75264 | M2: =IF(OR(Calc_오픈정렬!$F2="",Calc_오픈정렬!M2=""),"",Calc_오픈정렬!M2/Calc_오픈정렬!$F2*100) -> 97.215276 | N2: =IF(OR(Calc_오픈정렬!$F2="",Calc_오픈정렬!N2=""),"",Calc_오픈정렬!N2/Calc_오픈정렬!$F2*100) -> 84.746109 | ... BN2: =IF(OR(Calc_오픈정렬!$F2="",Calc_오픈정렬!BN2=""),"",Calc_오픈정렬!BN2/Calc_오픈정렬!$F2*100) -> 137.32211
A3: =Calc_오픈정렬!A3 -> (0002) 인헌점 | B3: =Calc_오픈정렬!B3 -> 150-1 | C3: =Calc_오픈정렬!C3 -> 1 | D3: =Calc_오픈정렬!D3 -> 1 | E3: =Calc_오픈정렬!E3 -> 42461 | F3: =Calc_오픈정렬!F3 -> 1702866.4 | G3: =IF(OR(Calc_오픈정렬!$F3="",Calc_오픈정렬!G3=""),"",Calc_오픈정렬!G3/Calc_오픈정렬!$F3*100) -> 95.358954 | H3: =IF(OR(Calc_오픈정렬!$F3="",Calc_오픈정렬!H3=""),"",Calc_오픈정렬!H3/Calc_오픈정렬!$F3*100) -> 80.590388 | I3: =IF(OR(Calc_오픈정렬!$F3="",Calc_오픈정렬!I3=""),"",Calc_오픈정렬!I3/Calc_오픈정렬!$F3*100) -> 71.245501 | J3: =IF(OR(Calc_오픈정렬!$F3="",Calc_오픈정렬!J3=""),"",Calc_오픈정렬!J3/Calc_오픈정렬!$F3*100) -> 86.169291 | K3: =IF(OR(Calc_오픈정렬!$F3="",Calc_오픈정렬!K3=""),"",Calc_오픈정렬!K3/Calc_오픈정렬!$F3*100) -> 81.199578 | L3: =IF(OR(Calc_오픈정렬!$F3="",Calc_오픈정렬!L3=""),"",Calc_오픈정렬!L3/Calc_오픈정렬!$F3*100) -> 92.611553 | M3: =IF(OR(Calc_오픈정렬!$F3="",Calc_오픈정렬!M3=""),"",Calc_오픈정렬!M3/Calc_오픈정렬!$F3*100) -> 112.01872 | N3: =IF(OR(Calc_오픈정렬!$F3="",Calc_오픈정렬!N3=""),"",Calc_오픈정렬!N3/Calc_오픈정렬!$F3*100) -> 105.98472 | ... BN3: =IF(OR(Calc_오픈정렬!$F3="",Calc_오픈정렬!BN3=""),"",Calc_오픈정렬!BN3/Calc_오픈정렬!$F3*100) -> 263.85406
A4: =Calc_오픈정렬!A4 -> (0003) 구디점 | B4: =Calc_오픈정렬!B4 -> 150-3 | C4: =Calc_오픈정렬!C4 -> 3 | D4: =Calc_오픈정렬!D4 -> 3+ | E4: =Calc_오픈정렬!E4 -> 42522 | F4: =Calc_오픈정렬!F4 -> 5899967.7 | G4: =IF(OR(Calc_오픈정렬!$F4="",Calc_오픈정렬!G4=""),"",Calc_오픈정렬!G4/Calc_오픈정렬!$F4*100) -> 75.705815 | H4: =IF(OR(Calc_오픈정렬!$F4="",Calc_오픈정렬!H4=""),"",Calc_오픈정렬!H4/Calc_오픈정렬!$F4*100) -> 87.532291 | I4: =IF(OR(Calc_오픈정렬!$F4="",Calc_오픈정렬!I4=""),"",Calc_오픈정렬!I4/Calc_오픈정렬!$F4*100) -> 80.622727 | J4: =IF(OR(Calc_오픈정렬!$F4="",Calc_오픈정렬!J4=""),"",Calc_오픈정렬!J4/Calc_오픈정렬!$F4*100) -> 89.95712 | K4: =IF(OR(Calc_오픈정렬!$F4="",Calc_오픈정렬!K4=""),"",Calc_오픈정렬!K4/Calc_오픈정렬!$F4*100) -> 90.864544 | L4: =IF(OR(Calc_오픈정렬!$F4="",Calc_오픈정렬!L4=""),"",Calc_오픈정렬!L4/Calc_오픈정렬!$F4*100) -> 94.455043 | M4: =IF(OR(Calc_오픈정렬!$F4="",Calc_오픈정렬!M4=""),"",Calc_오픈정렬!M4/Calc_오픈정렬!$F4*100) -> 101.04083 | N4: =IF(OR(Calc_오픈정렬!$F4="",Calc_오픈정렬!N4=""),"",Calc_오픈정렬!N4/Calc_오픈정렬!$F4*100) -> 105.92543 | ... BN4: =IF(OR(Calc_오픈정렬!$F4="",Calc_오픈정렬!BN4=""),"",Calc_오픈정렬!BN4/Calc_오픈정렬!$F4*100) -> 207.00971
A5: =Calc_오픈정렬!A5 -> (0004) 신림점 | B5: =Calc_오픈정렬!B5 -> 150-4 | C5: =Calc_오픈정렬!C5 -> 4 | D5: =Calc_오픈정렬!D5 -> 3+ | E5: =Calc_오픈정렬!E5 -> 42644 | F5: =Calc_오픈정렬!F5 -> 5385185.1 | G5: =IF(OR(Calc_오픈정렬!$F5="",Calc_오픈정렬!G5=""),"",Calc_오픈정렬!G5/Calc_오픈정렬!$F5*100) -> 63.373685 | H5: =IF(OR(Calc_오픈정렬!$F5="",Calc_오픈정렬!H5=""),"",Calc_오픈정렬!H5/Calc_오픈정렬!$F5*100) -> 71.058454 | I5: =IF(OR(Calc_오픈정렬!$F5="",Calc_오픈정렬!I5=""),"",Calc_오픈정렬!I5/Calc_오픈정렬!$F5*100) -> 86.582872 | J5: =IF(OR(Calc_오픈정렬!$F5="",Calc_오픈정렬!J5=""),"",Calc_오픈정렬!J5/Calc_오픈정렬!$F5*100) -> 100.11931 | K5: =IF(OR(Calc_오픈정렬!$F5="",Calc_오픈정렬!K5=""),"",Calc_오픈정렬!K5/Calc_오픈정렬!$F5*100) -> 101.38679 | L5: =IF(OR(Calc_오픈정렬!$F5="",Calc_오픈정렬!L5=""),"",Calc_오픈정렬!L5/Calc_오픈정렬!$F5*100) -> 99.104304 | M5: =IF(OR(Calc_오픈정렬!$F5="",Calc_오픈정렬!M5=""),"",Calc_오픈정렬!M5/Calc_오픈정렬!$F5*100) -> 104.97048 | N5: =IF(OR(Calc_오픈정렬!$F5="",Calc_오픈정렬!N5=""),"",Calc_오픈정렬!N5/Calc_오픈정렬!$F5*100) -> 100.40171 | ... BN5: =IF(OR(Calc_오픈정렬!$F5="",Calc_오픈정렬!BN5=""),"",Calc_오픈정렬!BN5/Calc_오픈정렬!$F5*100) -> 114.2838
A6: =Calc_오픈정렬!A6 -> (0005) 대학점 | B6: =Calc_오픈정렬!B6 -> 150-2 | C6: =Calc_오픈정렬!C6 -> 2 | D6: =Calc_오픈정렬!D6 -> 2 | E6: =Calc_오픈정렬!E6 -> 42736 | F6: =Calc_오픈정렬!F6 -> 6295452.6 | G6: =IF(OR(Calc_오픈정렬!$F6="",Calc_오픈정렬!G6=""),"",Calc_오픈정렬!G6/Calc_오픈정렬!$F6*100) -> 79.064413 | H6: =IF(OR(Calc_오픈정렬!$F6="",Calc_오픈정렬!H6=""),"",Calc_오픈정렬!H6/Calc_오픈정렬!$F6*100) -> 84.616447 | I6: =IF(OR(Calc_오픈정렬!$F6="",Calc_오픈정렬!I6=""),"",Calc_오픈정렬!I6/Calc_오픈정렬!$F6*100) -> 85.052583 | J6: =IF(OR(Calc_오픈정렬!$F6="",Calc_오픈정렬!J6=""),"",Calc_오픈정렬!J6/Calc_오픈정렬!$F6*100) -> 84.821559 | K6: =IF(OR(Calc_오픈정렬!$F6="",Calc_오픈정렬!K6=""),"",Calc_오픈정렬!K6/Calc_오픈정렬!$F6*100) -> 94.402097 | L6: =IF(OR(Calc_오픈정렬!$F6="",Calc_오픈정렬!L6=""),"",Calc_오픈정렬!L6/Calc_오픈정렬!$F6*100) -> 94.378385 | M6: =IF(OR(Calc_오픈정렬!$F6="",Calc_오픈정렬!M6=""),"",Calc_오픈정렬!M6/Calc_오픈정렬!$F6*100) -> 116.10024 | N6: =IF(OR(Calc_오픈정렬!$F6="",Calc_오픈정렬!N6=""),"",Calc_오픈정렬!N6/Calc_오픈정렬!$F6*100) -> 107.00151 | ... BN6: =IF(OR(Calc_오픈정렬!$F6="",Calc_오픈정렬!BN6=""),"",Calc_오픈정렬!BN6/Calc_오픈정렬!$F6*100) -> 53.280394
A7: =Calc_오픈정렬!A7 -> (0006) 서림점 | B7: =Calc_오픈정렬!B7 -> 150-2 | C7: =Calc_오픈정렬!C7 -> 2 | D7: =Calc_오픈정렬!D7 -> 2 | E7: =Calc_오픈정렬!E7 -> 43040 | F7: =Calc_오픈정렬!F7 -> 4277752.1 | G7: =IF(OR(Calc_오픈정렬!$F7="",Calc_오픈정렬!G7=""),"",Calc_오픈정렬!G7/Calc_오픈정렬!$F7*100) -> 59.995392 | H7: =IF(OR(Calc_오픈정렬!$F7="",Calc_오픈정렬!H7=""),"",Calc_오픈정렬!H7/Calc_오픈정렬!$F7*100) -> 78.162468 | I7: =IF(OR(Calc_오픈정렬!$F7="",Calc_오픈정렬!I7=""),"",Calc_오픈정렬!I7/Calc_오픈정렬!$F7*100) -> 103.00326 | J7: =IF(OR(Calc_오픈정렬!$F7="",Calc_오픈정렬!J7=""),"",Calc_오픈정렬!J7/Calc_오픈정렬!$F7*100) -> 96.460468 | K7: =IF(OR(Calc_오픈정렬!$F7="",Calc_오픈정렬!K7=""),"",Calc_오픈정렬!K7/Calc_오픈정렬!$F7*100) -> 94.616956 | L7: =IF(OR(Calc_오픈정렬!$F7="",Calc_오픈정렬!L7=""),"",Calc_오픈정렬!L7/Calc_오픈정렬!$F7*100) -> 93.192216 | M7: =IF(OR(Calc_오픈정렬!$F7="",Calc_오픈정렬!M7=""),"",Calc_오픈정렬!M7/Calc_오픈정렬!$F7*100) -> 103.96381 | N7: =IF(OR(Calc_오픈정렬!$F7="",Calc_오픈정렬!N7=""),"",Calc_오픈정렬!N7/Calc_오픈정렬!$F7*100) -> 102.04977 | ... BN7: =IF(OR(Calc_오픈정렬!$F7="",Calc_오픈정렬!BN7=""),"",Calc_오픈정렬!BN7/Calc_오픈정렬!$F7*100) -> 167.49147
A8: =Calc_오픈정렬!A8 -> (0007) 낙성대점 | B8: =Calc_오픈정렬!B8 -> 150-1 | C8: =Calc_오픈정렬!C8 -> 1 | D8: =Calc_오픈정렬!D8 -> 1 | E8: =Calc_오픈정렬!E8 -> 43160 | F8: =Calc_오픈정렬!F8 -> 5204137.4 | G8: =IF(OR(Calc_오픈정렬!$F8="",Calc_오픈정렬!G8=""),"",Calc_오픈정렬!G8/Calc_오픈정렬!$F8*100) -> 76.686638 | H8: =IF(OR(Calc_오픈정렬!$F8="",Calc_오픈정렬!H8=""),"",Calc_오픈정렬!H8/Calc_오픈정렬!$F8*100) -> 75.687156 | I8: =IF(OR(Calc_오픈정렬!$F8="",Calc_오픈정렬!I8=""),"",Calc_오픈정렬!I8/Calc_오픈정렬!$F8*100) -> 99.700162 | J8: =IF(OR(Calc_오픈정렬!$F8="",Calc_오픈정렬!J8=""),"",Calc_오픈정렬!J8/Calc_오픈정렬!$F8*100) -> 100.70935 | K8: =IF(OR(Calc_오픈정렬!$F8="",Calc_오픈정렬!K8=""),"",Calc_오픈정렬!K8/Calc_오픈정렬!$F8*100) -> 103.715 | L8: =IF(OR(Calc_오픈정렬!$F8="",Calc_오픈정렬!L8=""),"",Calc_오픈정렬!L8/Calc_오픈정렬!$F8*100) -> 84.811936 | M8: =IF(OR(Calc_오픈정렬!$F8="",Calc_오픈정렬!M8=""),"",Calc_오픈정렬!M8/Calc_오픈정렬!$F8*100) -> 109.10517 | N8: =IF(OR(Calc_오픈정렬!$F8="",Calc_오픈정렬!N8=""),"",Calc_오픈정렬!N8/Calc_오픈정렬!$F8*100) -> 103.72858 | ... BN8: =IF(OR(Calc_오픈정렬!$F8="",Calc_오픈정렬!BN8=""),"",Calc_오픈정렬!BN8/Calc_오픈정렬!$F8*100) -> 167.45426
A9: =Calc_오픈정렬!A9 -> (0008) 트리하우스점 | B9: =Calc_오픈정렬!B9 -> 0 | C9: =Calc_오픈정렬!C9 | D9: =Calc_오픈정렬!D9 | E9: =Calc_오픈정렬!E9 -> 43282 | F9: =Calc_오픈정렬!F9 | G9: =IF(OR(Calc_오픈정렬!$F9="",Calc_오픈정렬!G9=""),"",Calc_오픈정렬!G9/Calc_오픈정렬!$F9*100) | H9: =IF(OR(Calc_오픈정렬!$F9="",Calc_오픈정렬!H9=""),"",Calc_오픈정렬!H9/Calc_오픈정렬!$F9*100) | I9: =IF(OR(Calc_오픈정렬!$F9="",Calc_오픈정렬!I9=""),"",Calc_오픈정렬!I9/Calc_오픈정렬!$F9*100) | J9: =IF(OR(Calc_오픈정렬!$F9="",Calc_오픈정렬!J9=""),"",Calc_오픈정렬!J9/Calc_오픈정렬!$F9*100) | K9: =IF(OR(Calc_오픈정렬!$F9="",Calc_오픈정렬!K9=""),"",Calc_오픈정렬!K9/Calc_오픈정렬!$F9*100) | L9: =IF(OR(Calc_오픈정렬!$F9="",Calc_오픈정렬!L9=""),"",Calc_오픈정렬!L9/Calc_오픈정렬!$F9*100) | M9: =IF(OR(Calc_오픈정렬!$F9="",Calc_오픈정렬!M9=""),"",Calc_오픈정렬!M9/Calc_오픈정렬!$F9*100) | N9: =IF(OR(Calc_오픈정렬!$F9="",Calc_오픈정렬!N9=""),"",Calc_오픈정렬!N9/Calc_오픈정렬!$F9*100) | ... BN9: =IF(OR(Calc_오픈정렬!$F9="",Calc_오픈정렬!BN9=""),"",Calc_오픈정렬!BN9/Calc_오픈정렬!$F9*100)
A10: =Calc_오픈정렬!A10 -> (0009) 신원점 | B10: =Calc_오픈정렬!B10 -> 150-0 | C10: =Calc_오픈정렬!C10 -> 0 | D10: =Calc_오픈정렬!D10 -> 0 | E10: =Calc_오픈정렬!E10 -> 43800 | F10: =Calc_오픈정렬!F10 -> 4670950.9 | G10: =IF(OR(Calc_오픈정렬!$F10="",Calc_오픈정렬!G10=""),"",Calc_오픈정렬!G10/Calc_오픈정렬!$F10*100) -> 79.973818 | H10: =IF(OR(Calc_오픈정렬!$F10="",Calc_오픈정렬!H10=""),"",Calc_오픈정렬!H10/Calc_오픈정렬!$F10*100) -> 82.643823 | I10: =IF(OR(Calc_오픈정렬!$F10="",Calc_오픈정렬!I10=""),"",Calc_오픈정렬!I10/Calc_오픈정렬!$F10*100) -> 92.633028 | J10: =IF(OR(Calc_오픈정렬!$F10="",Calc_오픈정렬!J10=""),"",Calc_오픈정렬!J10/Calc_오픈정렬!$F10*100) -> 92.887214 | K10: =IF(OR(Calc_오픈정렬!$F10="",Calc_오픈정렬!K10=""),"",Calc_오픈정렬!K10/Calc_오픈정렬!$F10*100) -> 82.441041 | L10: =IF(OR(Calc_오픈정렬!$F10="",Calc_오픈정렬!L10=""),"",Calc_오픈정렬!L10/Calc_오픈정렬!$F10*100) -> 104.43675 | M10: =IF(OR(Calc_오픈정렬!$F10="",Calc_오픈정렬!M10=""),"",Calc_오픈정렬!M10/Calc_오픈정렬!$F10*100) -> 95.521322 | N10: =IF(OR(Calc_오픈정렬!$F10="",Calc_오픈정렬!N10=""),"",Calc_오픈정렬!N10/Calc_오픈정렬!$F10*100) -> 86.225791 | ... BN10: =IF(OR(Calc_오픈정렬!$F10="",Calc_오픈정렬!BN10=""),"",Calc_오픈정렬!BN10/Calc_오픈정렬!$F10*100) -> 135.48447
A11: =Calc_오픈정렬!A11 -> (0010) 별빛거리점 | B11: =Calc_오픈정렬!B11 -> 150-3 | C11: =Calc_오픈정렬!C11 -> 3 | D11: =Calc_오픈정렬!D11 -> 3+ | E11: =Calc_오픈정렬!E11 -> 44593 | F11: =Calc_오픈정렬!F11 -> 6295519.9 | G11: =IF(OR(Calc_오픈정렬!$F11="",Calc_오픈정렬!G11=""),"",Calc_오픈정렬!G11/Calc_오픈정렬!$F11*100) -> 60.915653 | H11: =IF(OR(Calc_오픈정렬!$F11="",Calc_오픈정렬!H11=""),"",Calc_오픈정렬!H11/Calc_오픈정렬!$F11*100) -> 65.147981 | I11: =IF(OR(Calc_오픈정렬!$F11="",Calc_오픈정렬!I11=""),"",Calc_오픈정렬!I11/Calc_오픈정렬!$F11*100) -> 72.654741 | J11: =IF(OR(Calc_오픈정렬!$F11="",Calc_오픈정렬!J11=""),"",Calc_오픈정렬!J11/Calc_오픈정렬!$F11*100) -> 81.368553 | K11: =IF(OR(Calc_오픈정렬!$F11="",Calc_오픈정렬!K11=""),"",Calc_오픈정렬!K11/Calc_오픈정렬!$F11*100) -> 99.010476 | L11: =IF(OR(Calc_오픈정렬!$F11="",Calc_오픈정렬!L11=""),"",Calc_오픈정렬!L11/Calc_오픈정렬!$F11*100) -> 103.15983 | M11: =IF(OR(Calc_오픈정렬!$F11="",Calc_오픈정렬!M11=""),"",Calc_오픈정렬!M11/Calc_오픈정렬!$F11*100) -> 115.36396 | N11: =IF(OR(Calc_오픈정렬!$F11="",Calc_오픈정렬!N11=""),"",Calc_오픈정렬!N11/Calc_오픈정렬!$F11*100) -> 106.91225 | ... BN11: =IF(OR(Calc_오픈정렬!$F11="",Calc_오픈정렬!BN11=""),"",Calc_오픈정렬!BN11/Calc_오픈정렬!$F11*100)
A12: =Calc_오픈정렬!A12 -> (0011) 천안성정공원점 | B12: =Calc_오픈정렬!B12 -> 150-2 | C12: =Calc_오픈정렬!C12 -> 2 | D12: =Calc_오픈정렬!D12 -> 2 | E12: =Calc_오픈정렬!E12 -> 44896 | F12: =Calc_오픈정렬!F12 -> 6469805.3 | G12: =IF(OR(Calc_오픈정렬!$F12="",Calc_오픈정렬!G12=""),"",Calc_오픈정렬!G12/Calc_오픈정렬!$F12*100) -> 56.784001 | H12: =IF(OR(Calc_오픈정렬!$F12="",Calc_오픈정렬!H12=""),"",Calc_오픈정렬!H12/Calc_오픈정렬!$F12*100) -> 75.925663 | I12: =IF(OR(Calc_오픈정렬!$F12="",Calc_오픈정렬!I12=""),"",Calc_오픈정렬!I12/Calc_오픈정렬!$F12*100) -> 81.272561 | J12: =IF(OR(Calc_오픈정렬!$F12="",Calc_오픈정렬!J12=""),"",Calc_오픈정렬!J12/Calc_오픈정렬!$F12*100) -> 92.415659 | K12: =IF(OR(Calc_오픈정렬!$F12="",Calc_오픈정렬!K12=""),"",Calc_오픈정렬!K12/Calc_오픈정렬!$F12*100) -> 97.759913 | L12: =IF(OR(Calc_오픈정렬!$F12="",Calc_오픈정렬!L12=""),"",Calc_오픈정렬!L12/Calc_오픈정렬!$F12*100) -> 90.889923 | M12: =IF(OR(Calc_오픈정렬!$F12="",Calc_오픈정렬!M12=""),"",Calc_오픈정렬!M12/Calc_오픈정렬!$F12*100) -> 95.789918 | N12: =IF(OR(Calc_오픈정렬!$F12="",Calc_오픈정렬!N12=""),"",Calc_오픈정렬!N12/Calc_오픈정렬!$F12*100) -> 116.04274 | ... BN12: =IF(OR(Calc_오픈정렬!$F12="",Calc_오픈정렬!BN12=""),"",Calc_오픈정렬!BN12/Calc_오픈정렬!$F12*100)
A13: =Calc_오픈정렬!A13 -> (0012) 우송대북문점 | B13: =Calc_오픈정렬!B13 -> 150-1 | C13: =Calc_오픈정렬!C13 -> 1 | D13: =Calc_오픈정렬!D13 -> 1 | E13: =Calc_오픈정렬!E13 -> 45474 | F13: =Calc_오픈정렬!F13 -> 4048385.6 | G13: =IF(OR(Calc_오픈정렬!$F13="",Calc_오픈정렬!G13=""),"",Calc_오픈정렬!G13/Calc_오픈정렬!$F13*100) -> 66.426993 | H13: =IF(OR(Calc_오픈정렬!$F13="",Calc_오픈정렬!H13=""),"",Calc_오픈정렬!H13/Calc_오픈정렬!$F13*100) -> 72.128719 | I13: =IF(OR(Calc_오픈정렬!$F13="",Calc_오픈정렬!I13=""),"",Calc_오픈정렬!I13/Calc_오픈정렬!$F13*100) -> 100.13079 | J13: =IF(OR(Calc_오픈정렬!$F13="",Calc_오픈정렬!J13=""),"",Calc_오픈정렬!J13/Calc_오픈정렬!$F13*100) -> 90.703627 | K13: =IF(OR(Calc_오픈정렬!$F13="",Calc_오픈정렬!K13=""),"",Calc_오픈정렬!K13/Calc_오픈정렬!$F13*100) -> 92.55717 | L13: =IF(OR(Calc_오픈정렬!$F13="",Calc_오픈정렬!L13=""),"",Calc_오픈정렬!L13/Calc_오픈정렬!$F13*100) -> 98.893895 | M13: =IF(OR(Calc_오픈정렬!$F13="",Calc_오픈정렬!M13=""),"",Calc_오픈정렬!M13/Calc_오픈정렬!$F13*100) -> 109.34756 | N13: =IF(OR(Calc_오픈정렬!$F13="",Calc_오픈정렬!N13=""),"",Calc_오픈정렬!N13/Calc_오픈정렬!$F13*100) -> 101.28963 | ... BN13: =IF(OR(Calc_오픈정렬!$F13="",Calc_오픈정렬!BN13=""),"",Calc_오픈정렬!BN13/Calc_오픈정렬!$F13*100)
... A150: =Calc_오픈정렬!A150 -> (1140) #대전보건대점 | B150: =Calc_오픈정렬!B150 -> 150-1 | C150: =Calc_오픈정렬!C150 -> 1 | D150: =Calc_오픈정렬!D150 -> 1 | E150: =Calc_오픈정렬!E150 -> 46143 | F150: =Calc_오픈정렬!F150 | G150: =IF(OR(Calc_오픈정렬!$F150="",Calc_오픈정렬!G150=""),"",Calc_오픈정렬!G150/Calc_오픈정렬!$F150*100) | H150: =IF(OR(Calc_오픈정렬!$F150="",Calc_오픈정렬!H150=""),"",Calc_오픈정렬!H150/Calc_오픈정렬!$F150*100) | I150: =IF(OR(Calc_오픈정렬!$F150="",Calc_오픈정렬!I150=""),"",Calc_오픈정렬!I150/Calc_오픈정렬!$F150*100) | J150: =IF(OR(Calc_오픈정렬!$F150="",Calc_오픈정렬!J150=""),"",Calc_오픈정렬!J150/Calc_오픈정렬!$F150*100) | K150: =IF(OR(Calc_오픈정렬!$F150="",Calc_오픈정렬!K150=""),"",Calc_오픈정렬!K150/Calc_오픈정렬!$F150*100) | L150: =IF(OR(Calc_오픈정렬!$F150="",Calc_오픈정렬!L150=""),"",Calc_오픈정렬!L150/Calc_오픈정렬!$F150*100) | M150: =IF(OR(Calc_오픈정렬!$F150="",Calc_오픈정렬!M150=""),"",Calc_오픈정렬!M150/Calc_오픈정렬!$F150*100) | N150: =IF(OR(Calc_오픈정렬!$F150="",Calc_오픈정렬!N150=""),"",Calc_오픈정렬!N150/Calc_오픈정렬!$F150*100) | ... BN150: =IF(OR(Calc_오픈정렬!$F150="",Calc_오픈정렬!BN150=""),"",Calc_오픈정렬!BN150/Calc_오픈정렬!$F150*100)

Sheet 요약_연차별성장률
A1: 경쟁강도별 연차별 매출 성장률
A2: 탈시즈널 지수 기준(기준=오픈 4~9개월 평균=100). 연차 평균지수는 요약_성장곡선의 그룹별 곡선을 12개월씩 평균. 비율은 시즈널리티 제거된 실질 성장률.
A4: 경쟁강도그룹 | B4: 1년차(m1-12) | C4: 2년차(m13-24) | D4: 3년차(m25-36) | E4: 4년차(m37-48) | F4: YoY 2년차 | G4: YoY 3년차 | H4: YoY 4년차 | I4: 4년 누적배수
A5: 경쟁0 (없음) | B5: =AVERAGE(요약_성장곡선!B$3:B$14) -> 97.044769 | C5: =AVERAGE(요약_성장곡선!B$15:B$26) -> 121.84545 | D5: =AVERAGE(요약_성장곡선!B$27:B$38) -> 133.17871 | E5: =AVERAGE(요약_성장곡선!B$39:B$50) -> 148.76406 | F5: =C5/B5-1 -> 0.25555917 | G5: =D5/C5-1 -> 0.093013388 | H5: =E5/D5-1 -> 0.11702584 | I5: =E5/B5 -> 1.5329426
A6: 경쟁1 | B6: =AVERAGE(요약_성장곡선!C$3:C$14) -> 97.240642 | C6: =AVERAGE(요약_성장곡선!C$15:C$26) -> 117.2324 | D6: =AVERAGE(요약_성장곡선!C$27:C$38) -> 128.71008 | E6: =AVERAGE(요약_성장곡선!C$39:C$50) -> 142.6508 | F6: =C6/B6-1 -> 0.20559054 | G6: =D6/C6-1 -> 0.097905394 | H6: =E6/D6-1 -> 0.10831101 | I6: =E6/B6 -> 1.4669875
A7: 경쟁2 | B7: =AVERAGE(요약_성장곡선!D$3:D$14) -> 97.411584 | C7: =AVERAGE(요약_성장곡선!D$15:D$26) -> 117.84697 | D7: =AVERAGE(요약_성장곡선!D$27:D$38) -> 129.12105 | E7: =AVERAGE(요약_성장곡선!D$39:D$50) -> 134.53858 | F7: =C7/B7-1 -> 0.20978392 | G7: =D7/C7-1 -> 0.095667166 | H7: =E7/D7-1 -> 0.04195694 | I7: =E7/B7 -> 1.3811353
A8: 경쟁3+ (많음) | B8: =AVERAGE(요약_성장곡선!E$3:E$14) -> 98.220237 | C8: =AVERAGE(요약_성장곡선!E$15:E$26) -> 117.74563 | D8: =AVERAGE(요약_성장곡선!E$27:E$38) -> 121.78269 | E8: =AVERAGE(요약_성장곡선!E$39:E$50) -> 122.90948 | F8: =C8/B8-1 -> 0.19879191 | G8: =D8/C8-1 -> 0.034286305 | H8: =E8/D8-1 -> 0.0092524664 | I8: =E8/B8 -> 1.2513661

Sheet 요약_이탈분석
A1: 할인 종료 후 이탈 분석 및 오픈할인 권고
A3: [1] 경쟁강도별 이탈·잠식 지표 (탈시즈널 지수, 기준=오픈 4~9개월 평균=100)
A4: 경쟁강도그룹 | B4: 할인기 m1-2 | C4: 할인직후 m3 | D4: 안정기 m6 | E4: 1년차 | F4: 4년차 | G4: 4년 누적배수 | H4: YoY 3년차 | I4: YoY 4년차 | J4: 장기 이탈·잠식 판정
A5: 경쟁0 (없음) | B5: =AVERAGE(요약_성장곡선!B3:B4) -> 73.190621 | C5: =요약_성장곡선!B5 -> 90.455862 | D5: =요약_성장곡선!B8 -> 101.79008 | E5: =요약_연차별성장률!B5 -> 97.044769 | F5: =요약_연차별성장률!E5 -> 148.76406 | G5: =요약_연차별성장률!I5 -> 1.5329426 | H5: =요약_연차별성장률!G5 -> 0.093013388 | I5: =요약_연차별성장률!H5 -> 0.11702584 | J5: 이탈 거의 없음 — 4년 지속 성장
A6: 경쟁1 | B6: =AVERAGE(요약_성장곡선!C3:C4) -> 76.105122 | C6: =요약_성장곡선!C5 -> 87.397644 | D6: =요약_성장곡선!C8 -> 97.884006 | E6: =요약_연차별성장률!B6 -> 97.240642 | F6: =요약_연차별성장률!E6 -> 142.6508 | G6: =요약_연차별성장률!I6 -> 1.4669875 | H6: =요약_연차별성장률!G6 -> 0.097905394 | I6: =요약_연차별성장률!H6 -> 0.10831101 | J6: 이탈 낮음 — 경쟁0과 사실상 동일한 성장
A7: 경쟁2 | B7: =AVERAGE(요약_성장곡선!D3:D4) -> 72.392062 | C7: =요약_성장곡선!D5 -> 87.440502 | D7: =요약_성장곡선!D8 -> 98.059746 | E7: =요약_연차별성장률!B7 -> 97.411584 | F7: =요약_연차별성장률!E7 -> 134.53858 | G7: =요약_연차별성장률!I7 -> 1.3811353 | H7: =요약_연차별성장률!G7 -> 0.095667166 | I7: =요약_연차별성장률!H7 -> 0.04195694 | J7: 이탈 낮음 — 지속 성장(초기 변동 다소 큼)
A8: 경쟁3+ (많음) | B8: =AVERAGE(요약_성장곡선!E3:E4) -> 80.305795 | C8: =요약_성장곡선!E5 -> 89.439756 | D8: =요약_성장곡선!E8 -> 99.140146 | E8: =요약_연차별성장률!B8 -> 98.220237 | F8: =요약_연차별성장률!E8 -> 122.90948 | G8: =요약_연차별성장률!I8 -> 1.2513661 | H8: =요약_연차별성장률!G8 -> 0.034286305 | I8: =요약_연차별성장률!H8 -> 0.0092524664 | J8: 누적 이탈 높음 — 2년차 정점 후 역성장(잠식)
A11: [2] 오픈할인 권고 (기준가 4,950원 → 할인가)
A12: 경쟁강도그룹 | B12: 권장 할인폭 | C12: 권장 할인가(원) | D12: 권장 기간 | E12: 현행 대비 | F12: 근거
A13: 경쟁0 (없음) | B13: 0.2 | C13: =4950*(1-B13) -> 3960 | D13: 30 | E13: 현행 60%·60일 → 20%·30일 | F13: 이탈 거의 없음. 4년 1.58배 지속 성장 → 깊은 할인 불필요(인사이트 확정)
A14: 경쟁1 | B14: 0.35 | C14: =4950*(1-B14) -> 3217.5 | D14: 45 | E14: 60%·60일 → 35%·45일 | F14: 곡선·성장(1.49배)이 경쟁0과 거의 동일 → 할인 대폭 완화 가능
A15: 경쟁2 | B15: 0.5 | C15: =4950*(1-B15) -> 2475 | D15: 45 | E15: 60%·60일 → 50%·45일 | F15: 장기 성장(1.50배) 양호하나 초기 변동 큼 → 기간 단축, 할인폭 소폭 완화
A16: 경쟁3+ (많음) | B16: 0.6 | C16: =4950*(1-B16) -> 1980 | D16: 60 | E16: 현행 60%·60일 유지 | F16: 2년차 후 잠식(누적 0.98배). 오픈할인만으론 장기이탈 차단 불가 → 표준 유지 + 상시 리텐션 병행
A18: [방법·한계]
A19: · 곡선은 매장별 매출을 월별 시즈널리티로 보정(탈시즈널)하고, 각 매장의 오픈 4~9개월 평균을 100으로 지수화 후 그룹 평균(이상치 지수>300 제외).
A20: · 표본은 매출 데이터 구간(2021-06~) 내 오픈 매장만(오픈 직후 관측 가능 코호트). 경쟁강도 빈칸·오픈일 오류 매장 자동 제외.
A21: · 한계: 매출만으로는 할인종료(약 60일) 직후 '고객수' 이탈을 직접 측정 불가 — 가격 정상화(1,990→4,950)로 매출은 오히려 상승. 따라서 장기 곡선의 정체·하락을 '누적 이탈'의 대용지표로 사용.
A22: · 권장 할인폭·기간(노란칸, 파란글씨)은 경쟁0(20%·30일) 앵커에서 경쟁강도·잠식정도에 비례해 보정한 권고치이며 실측 dose-response가 아님 → 그룹별 A/B 테스트로 검증 권장.
A23: · 경쟁3+는 오픈할인 강화보다 상시 리텐션(재방문 쿠폰·구독·멤버십)이 핵심. 오픈할인만 늘려도 2년차 후 잠식 추세는 차단되지 않음.

Sheet 요약_성장곡선
A1: 경쟁강도별 성장곡선 — 점포 기준매출(오픈4~9개월 평균)=100, 탈시즈널·이상치제외 평균지수
A2: 오픈후개월(m) | B2: 그룹0(경쟁0) | C2: 그룹1 | D2: 그룹2 | E2: 그룹3+ | F2: 가중평균(0~2) | G2: n0 | H2: n1 | I2: n2 | J2: n3+ | K2: 0 | L2: 1 | M2: 2 | N2: 3+ | P2: 그룹0추세원본(m6-36) | Q2: 그룹1추세원본 | R2: 그룹2추세원본 | S2: 그룹3+추세원본
A3: 1 | B3: =IFERROR(AVERAGEIFS(INDEX(Calc_지수곡선!$G$2:$BN$150,0,$A3),Calc_지수곡선!$D$2:$D$150,K$2,INDEX(Calc_지수곡선!$G$2:$BN$150,0,$A3),">0",INDEX(Calc_지수곡선!$G$2:$BN$150,0,$A3),"<300"),"") -> 68.304842 | C3: =IFERROR(AVERAGEIFS(INDEX(Calc_지수곡선!$G$2:$BN$150,0,$A3),Calc_지수곡선!$D$2:$D$150,L$2,INDEX(Calc_지수곡선!$G$2:$BN$150,0,$A3),">0",INDEX(Calc_지수곡선!$G$2:$BN$150,0,$A3),"<300"),"") -> 71.96424 | D3: =IFERROR(AVERAGEIFS(INDEX(Calc_지수곡선!$G$2:$BN$150,0,$A3),Calc_지수곡선!$D$2:$D$150,M$2,INDEX(Calc_지수곡선!$G$2:$BN$150,0,$A3),">0",INDEX(Calc_지수곡선!$G$2:$BN$150,0,$A3),"<300"),"") -> 66.5293 | E3: =IFERROR(AVERAGEIFS(INDEX(Calc_지수곡선!$G$2:$BN$150,0,$A3),Calc_지수곡선!$D$2:$D$150,N$2,INDEX(Calc_지수곡선!$G$2:$BN$150,0,$A3),">0",INDEX(Calc_지수곡선!$G$2:$BN$150,0,$A3),"<300"),"") -> 77.879624 | F3: =IFERROR((B3*G3+C3*H3+D3*I3)/(G3+H3+I3),"") -> 69.435046 | G3: =COUNTIFS(Calc_지수곡선!$D$2:$D$150,K$2,INDEX(Calc_지수곡선!$G$2:$BN$150,0,$A3),">0",INDEX(Calc_지수곡선!$G$2:$BN$150,0,$A3),"<300") -> 35 | H3: =COUNTIFS(Calc_지수곡선!$D$2:$D$150,L$2,INDEX(Calc_지수곡선!$G$2:$BN$150,0,$A3),">0",INDEX(Calc_지수곡선!$G$2:$BN$150,0,$A3),"<300") -> 57 | I3: =COUNTIFS(Calc_지수곡선!$D$2:$D$150,M$2,INDEX(Calc_지수곡선!$G$2:$BN$150,0,$A3),">0",INDEX(Calc_지수곡선!$G$2:$BN$150,0,$A3),"<300") -> 36 | J3: =COUNTIFS(Calc_지수곡선!$D$2:$D$150,N$2,INDEX(Calc_지수곡선!$G$2:$BN$150,0,$A3),">0",INDEX(Calc_지수곡선!$G$2:$BN$150,0,$A3),"<300") -> 15 | P3: =IF(AND($A3>=6,$A3<=36),B3,NA()) -> #N/A | Q3: =IF(AND($A3>=6,$A3<=36),C3,NA()) -> #N/A | R3: =IF(AND($A3>=6,$A3<=36),D3,NA()) -> #N/A | S3: =IF(AND($A3>=6,$A3<=36),E3,NA()) -> #N/A
A4: 2 | B4: =IFERROR(AVERAGEIFS(INDEX(Calc_지수곡선!$G$2:$BN$150,0,$A4),Calc_지수곡선!$D$2:$D$150,K$2,INDEX(Calc_지수곡선!$G$2:$BN$150,0,$A4),">0",INDEX(Calc_지수곡선!$G$2:$BN$150,0,$A4),"<300"),"") -> 78.076401 | C4: =IFERROR(AVERAGEIFS(INDEX(Calc_지수곡선!$G$2:$BN$150,0,$A4),Calc_지수곡선!$D$2:$D$150,L$2,INDEX(Calc_지수곡선!$G$2:$BN$150,0,$A4),">0",INDEX(Calc_지수곡선!$G$2:$BN$150,0,$A4),"<300"),"") -> 80.246004 | D4: =IFERROR(AVERAGEIFS(INDEX(Calc_지수곡선!$G$2:$BN$150,0,$A4),Calc_지수곡선!$D$2:$D$150,M$2,INDEX(Calc_지수곡선!$G$2:$BN$150,0,$A4),">0",INDEX(Calc_지수곡선!$G$2:$BN$150,0,$A4),"<300"),"") -> 78.254825 | E4: =IFERROR(AVERAGEIFS(INDEX(Calc_지수곡선!$G$2:$BN$150,0,$A4),Calc_지수곡선!$D$2:$D$150,N$2,INDEX(Calc_지수곡선!$G$2:$BN$150,0,$A4),">0",INDEX(Calc_지수곡선!$G$2:$BN$150,0,$A4),"<300"),"") -> 82.731966 | F4: =IFERROR((B4*G4+C4*H4+D4*I4)/(G4+H4+I4),"") -> 79.092734 | G4: =COUNTIFS(Calc_지수곡선!$D$2:$D$150,K$2,INDEX(Calc_지수곡선!$G$2:$BN$150,0,$A4),">0",INDEX(Calc_지수곡선!$G$2:$BN$150,0,$A4),"<300") -> 35 | H4: =COUNTIFS(Calc_지수곡선!$D$2:$D$150,L$2,INDEX(Calc_지수곡선!$G$2:$BN$150,0,$A4),">0",INDEX(Calc_지수곡선!$G$2:$BN$150,0,$A4),"<300") -> 57 | I4: =COUNTIFS(Calc_지수곡선!$D$2:$D$150,M$2,INDEX(Calc_지수곡선!$G$2:$BN$150,0,$A4),">0",INDEX(Calc_지수곡선!$G$2:$BN$150,0,$A4),"<300") -> 36 | J4: =COUNTIFS(Calc_지수곡선!$D$2:$D$150,N$2,INDEX(Calc_지수곡선!$G$2:$BN$150,0,$A4),">0",INDEX(Calc_지수곡선!$G$2:$BN$150,0,$A4),"<300") -> 15 | P4: =IF(AND($A4>=6,$A4<=36),B4,NA()) -> #N/A | Q4: =IF(AND($A4>=6,$A4<=36),C4,NA()) -> #N/A | R4: =IF(AND($A4>=6,$A4<=36),D4,NA()) -> #N/A | S4: =IF(AND($A4>=6,$A4<=36),E4,NA()) -> #N/A
A5: 3 | B5: =IFERROR(AVERAGEIFS(INDEX(Calc_지수곡선!$G$2:$BN$150,0,$A5),Calc_지수곡선!$D$2:$D$150,K$2,INDEX(Calc_지수곡선!$G$2:$BN$150,0,$A5),">0",INDEX(Calc_지수곡선!$G$2:$BN$150,0,$A5),"<300"),"") -> 90.455862 | C5: =IFERROR(AVERAGEIFS(INDEX(Calc_지수곡선!$G$2:$BN$150,0,$A5),Calc_지수곡선!$D$2:$D$150,L$2,INDEX(Calc_지수곡선!$G$2:$BN$150,0,$A5),">0",INDEX(Calc_지수곡선!$G$2:$BN$150,0,$A5),"<300"),"") -> 87.397644 | D5: =IFERROR(AVERAGEIFS(INDEX(Calc_지수곡선!$G$2:$BN$150,0,$A5),Calc_지수곡선!$D$2:$D$150,M$2,INDEX(Calc_지수곡선!$G$2:$BN$150,0,$A5),">0",INDEX(Calc_지수곡선!$G$2:$BN$150,0,$A5),"<300"),"") -> 87.440502 | E5: =IFERROR(AVERAGEIFS(INDEX(Calc_지수곡선!$G$2:$BN$150,0,$A5),Calc_지수곡선!$D$2:$D$150,N$2,INDEX(Calc_지수곡선!$G$2:$BN$150,0,$A5),">0",INDEX(Calc_지수곡선!$G$2:$BN$150,0,$A5),"<300"),"") -> 89.439756 | F5: =IFERROR((B5*G5+C5*H5+D5*I5)/(G5+H5+I5),"") -> 88.245929 | G5: =COUNTIFS(Calc_지수곡선!$D$2:$D$150,K$2,INDEX(Calc_지수곡선!$G$2:$BN$150,0,$A5),">0",INDEX(Calc_지수곡선!$G$2:$BN$150,0,$A5),"<300") -> 35 | H5: =COUNTIFS(Calc_지수곡선!$D$2:$D$150,L$2,INDEX(Calc_지수곡선!$G$2:$BN$150,0,$A5),">0",INDEX(Calc_지수곡선!$G$2:$BN$150,0,$A5),"<300") -> 57 | I5: =COUNTIFS(Calc_지수곡선!$D$2:$D$150,M$2,INDEX(Calc_지수곡선!$G$2:$BN$150,0,$A5),">0",INDEX(Calc_지수곡선!$G$2:$BN$150,0,$A5),"<300") -> 36 | J5: =COUNTIFS(Calc_지수곡선!$D$2:$D$150,N$2,INDEX(Calc_지수곡선!$G$2:$BN$150,0,$A5),">0",INDEX(Calc_지수곡선!$G$2:$BN$150,0,$A5),"<300") -> 15 | P5: =IF(AND($A5>=6,$A5<=36),B5,NA()) -> #N/A | Q5: =IF(AND($A5>=6,$A5<=36),C5,NA()) -> #N/A | R5: =IF(AND($A5>=6,$A5<=36),D5,NA()) -> #N/A | S5: =IF(AND($A5>=6,$A5<=36),E5,NA()) -> #N/A
A6: 4 | B6: =IFERROR(AVERAGEIFS(INDEX(Calc_지수곡선!$G$2:$BN$150,0,$A6),Calc_지수곡선!$D$2:$D$150,K$2,INDEX(Calc_지수곡선!$G$2:$BN$150,0,$A6),">0",INDEX(Calc_지수곡선!$G$2:$BN$150,0,$A6),"<300"),"") -> 92.976132 | C6: =IFERROR(AVERAGEIFS(INDEX(Calc_지수곡선!$G$2:$BN$150,0,$A6),Calc_지수곡선!$D$2:$D$150,L$2,INDEX(Calc_지수곡선!$G$2:$BN$150,0,$A6),">0",INDEX(Calc_지수곡선!$G$2:$BN$150,0,$A6),"<300"),"") -> 93.159703 | D6: =IFERROR(AVERAGEIFS(INDEX(Calc_지수곡선!$G$2:$BN$150,0,$A6),Calc_지수곡선!$D$2:$D$150,M$2,INDEX(Calc_지수곡선!$G$2:$BN$150,0,$A6),">0",INDEX(Calc_지수곡선!$G$2:$BN$150,0,$A6),"<300"),"") -> 92.320854 | E6: =IFERROR(AVERAGEIFS(INDEX(Calc_지수곡선!$G$2:$BN$150,0,$A6),Calc_지수곡선!$D$2:$D$150,N$2,INDEX(Calc_지수곡선!$G$2:$BN$150,0,$A6),">0",INDEX(Calc_지수곡선!$G$2:$BN$150,0,$A6),"<300"),"") -> 93.679838 | F6: =IFERROR((B6*G6+C6*H6+D6*I6)/(G6+H6+I6),"") -> 92.873581 | G6: =COUNTIFS(Calc_지수곡선!$D$2:$D$150,K$2,INDEX(Calc_지수곡선!$G$2:$BN$150,0,$A6),">0",INDEX(Calc_지수곡선!$G$2:$BN$150,0,$A6),"<300") -> 35 | H6: =COUNTIFS(Calc_지수곡선!$D$2:$D$150,L$2,INDEX(Calc_지수곡선!$G$2:$BN$150,0,$A6),">0",INDEX(Calc_지수곡선!$G$2:$BN$150,0,$A6),"<300") -> 57 | I6: =COUNTIFS(Calc_지수곡선!$D$2:$D$150,M$2,INDEX(Calc_지수곡선!$G$2:$BN$150,0,$A6),">0",INDEX(Calc_지수곡선!$G$2:$BN$150,0,$A6),"<300") -> 36 | J6: =COUNTIFS(Calc_지수곡선!$D$2:$D$150,N$2,INDEX(Calc_지수곡선!$G$2:$BN$150,0,$A6),">0",INDEX(Calc_지수곡선!$G$2:$BN$150,0,$A6),"<300") -> 15 | P6: =IF(AND($A6>=6,$A6<=36),B6,NA()) -> #N/A | Q6: =IF(AND($A6>=6,$A6<=36),C6,NA()) -> #N/A | R6: =IF(AND($A6>=6,$A6<=36),D6,NA()) -> #N/A | S6: =IF(AND($A6>=6,$A6<=36),E6,NA()) -> #N/A
A7: 5 | B7: =IFERROR(AVERAGEIFS(INDEX(Calc_지수곡선!$G$2:$BN$150,0,$A7),Calc_지수곡선!$D$2:$D$150,K$2,INDEX(Calc_지수곡선!$G$2:$BN$150,0,$A7),">0",INDEX(Calc_지수곡선!$G$2:$BN$150,0,$A7),"<300"),"") -> 96.750113 | C7: =IFERROR(AVERAGEIFS(INDEX(Calc_지수곡선!$G$2:$BN$150,0,$A7),Calc_지수곡선!$D$2:$D$150,L$2,INDEX(Calc_지수곡선!$G$2:$BN$150,0,$A7),">0",INDEX(Calc_지수곡선!$G$2:$BN$150,0,$A7),"<300"),"") -> 97.939115 | D7: =IFERROR(AVERAGEIFS(INDEX(Calc_지수곡선!$G$2:$BN$150,0,$A7),Calc_지수곡선!$D$2:$D$150,M$2,INDEX(Calc_지수곡선!$G$2:$BN$150,0,$A7),">0",INDEX(Calc_지수곡선!$G$2:$BN$150,0,$A7),"<300"),"") -> 95.118127 | E7: =IFERROR(AVERAGEIFS(INDEX(Calc_지수곡선!$G$2:$BN$150,0,$A7),Calc_지수곡선!$D$2:$D$150,N$2,INDEX(Calc_지수곡선!$G$2:$BN$150,0,$A7),">0",INDEX(Calc_지수곡선!$G$2:$BN$150,0,$A7),"<300"),"") -> 98.815373 | F7: =IFERROR((B7*G7+C7*H7+D7*I7)/(G7+H7+I7),"") -> 96.820595 | G7: =COUNTIFS(Calc_지수곡선!$D$2:$D$150,K$2,INDEX(Calc_지수곡선!$G$2:$BN$150,0,$A7),">0",INDEX(Calc_지수곡선!$G$2:$BN$150,0,$A7),"<300") -> 35 | H7: =COUNTIFS(Calc_지수곡선!$D$2:$D$150,L$2,INDEX(Calc_지수곡선!$G$2:$BN$150,0,$A7),">0",INDEX(Calc_지수곡선!$G$2:$BN$150,0,$A7),"<300") -> 57 | I7: =COUNTIFS(Calc_지수곡선!$D$2:$D$150,M$2,INDEX(Calc_지수곡선!$G$2:$BN$150,0,$A7),">0",INDEX(Calc_지수곡선!$G$2:$BN$150,0,$A7),"<300") -> 36 | J7: =COUNTIFS(Calc_지수곡선!$D$2:$D$150,N$2,INDEX(Calc_지수곡선!$G$2:$BN$150,0,$A7),">0",INDEX(Calc_지수곡선!$G$2:$BN$150,0,$A7),"<300") -> 15 | P7: =IF(AND($A7>=6,$A7<=36),B7,NA()) -> #N/A | Q7: =IF(AND($A7>=6,$A7<=36),C7,NA()) -> #N/A | R7: =IF(AND($A7>=6,$A7<=36),D7,NA()) -> #N/A | S7: =IF(AND($A7>=6,$A7<=36),E7,NA()) -> #N/A
A8: 6 | B8: =IFERROR(AVERAGEIFS(INDEX(Calc_지수곡선!$G$2:$BN$150,0,$A8),Calc_지수곡선!$D$2:$D$150,K$2,INDEX(Calc_지수곡선!$G$2:$BN$150,0,$A8),">0",INDEX(Calc_지수곡선!$G$2:$BN$150,0,$A8),"<300"),"") -> 101.79008 | C8: =IFERROR(AVERAGEIFS(INDEX(Calc_지수곡선!$G$2:$BN$150,0,$A8),Calc_지수곡선!$D$2:$D$150,L$2,INDEX(Calc_지수곡선!$G$2:$BN$150,0,$A8),">0",INDEX(Calc_지수곡선!$G$2:$BN$150,0,$A8),"<300"),"") -> 97.884006 | D8: =IFERROR(AVERAGEIFS(INDEX(Calc_지수곡선!$G$2:$BN$150,0,$A8),Calc_지수곡선!$D$2:$D$150,M$2,INDEX(Calc_지수곡선!$G$2:$BN$150,0,$A8),">0",INDEX(Calc_지수곡선!$G$2:$BN$150,0,$A8),"<300"),"") -> 98.059746 | E8: =IFERROR(AVERAGEIFS(INDEX(Calc_지수곡선!$G$2:$BN$150,0,$A8),Calc_지수곡선!$D$2:$D$150,N$2,INDEX(Calc_지수곡선!$G$2:$BN$150,0,$A8),">0",INDEX(Calc_지수곡선!$G$2:$BN$150,0,$A8),"<300"),"") -> 99.140146 | F8: =IFERROR((B8*G8+C8*H8+D8*I8)/(G8+H8+I8),"") -> 99.0015 | G8: =COUNTIFS(Calc_지수곡선!$D$2:$D$150,K$2,INDEX(Calc_지수곡선!$G$2:$BN$150,0,$A8),">0",INDEX(Calc_지수곡선!$G$2:$BN$150,0,$A8),"<300") -> 35 | H8: =COUNTIFS(Calc_지수곡선!$D$2:$D$150,L$2,INDEX(Calc_지수곡선!$G$2:$BN$150,0,$A8),">0",INDEX(Calc_지수곡선!$G$2:$BN$150,0,$A8),"<300") -> 57 | I8: =COUNTIFS(Calc_지수곡선!$D$2:$D$150,M$2,INDEX(Calc_지수곡선!$G$2:$BN$150,0,$A8),">0",INDEX(Calc_지수곡선!$G$2:$BN$150,0,$A8),"<300") -> 36 | J8: =COUNTIFS(Calc_지수곡선!$D$2:$D$150,N$2,INDEX(Calc_지수곡선!$G$2:$BN$150,0,$A8),">0",INDEX(Calc_지수곡선!$G$2:$BN$150,0,$A8),"<300") -> 15 | P8: =IF(AND($A8>=6,$A8<=36),B8,NA()) -> 101.79008 | Q8: =IF(AND($A8>=6,$A8<=36),C8,NA()) -> 97.884006 | R8: =IF(AND($A8>=6,$A8<=36),D8,NA()) -> 98.059746 | S8: =IF(AND($A8>=6,$A8<=36),E8,NA()) -> 99.140146
A9: 7 | B9: =IFERROR(AVERAGEIFS(INDEX(Calc_지수곡선!$G$2:$BN$150,0,$A9),Calc_지수곡선!$D$2:$D$150,K$2,INDEX(Calc_지수곡선!$G$2:$BN$150,0,$A9),">0",INDEX(Calc_지수곡선!$G$2:$BN$150,0,$A9),"<300"),"") -> 100.44916 | C9: =IFERROR(AVERAGEIFS(INDEX(Calc_지수곡선!$G$2:$BN$150,0,$A9),Calc_지수곡선!$D$2:$D$150,L$2,INDEX(Calc_지수곡선!$G$2:$BN$150,0,$A9),">0",INDEX(Calc_지수곡선!$G$2:$BN$150,0,$A9),"<300"),"") -> 103.89211 | D9: =IFERROR(AVERAGEIFS(INDEX(Calc_지수곡선!$G$2:$BN$150,0,$A9),Calc_지수곡선!$D$2:$D$150,M$2,INDEX(Calc_지수곡선!$G$2:$BN$150,0,$A9),">0",INDEX(Calc_지수곡선!$G$2:$BN$150,0,$A9),"<300"),"") -> 104.71409 | E9: =IFERROR(AVERAGEIFS(INDEX(Calc_지수곡선!$G$2:$BN$150,0,$A9),Calc_지수곡선!$D$2:$D$150,N$2,INDEX(Calc_지수곡선!$G$2:$BN$150,0,$A9),">0",INDEX(Calc_지수곡선!$G$2:$BN$150,0,$A9),"<300"),"") -> 103.13996 | F9: =IFERROR((B9*G9+C9*H9+D9*I9)/(G9+H9+I9),"") -> 103.18186 | G9: =COUNTIFS(Calc_지수곡선!$D$2:$D$150,K$2,INDEX(Calc_지수곡선!$G$2:$BN$150,0,$A9),">0",INDEX(Calc_지수곡선!$G$2:$BN$150,0,$A9),"<300") -> 35 | H9: =COUNTIFS(Calc_지수곡선!$D$2:$D$150,L$2,INDEX(Calc_지수곡선!$G$2:$BN$150,0,$A9),">0",INDEX(Calc_지수곡선!$G$2:$BN$150,0,$A9),"<300") -> 57 | I9: =COUNTIFS(Calc_지수곡선!$D$2:$D$150,M$2,INDEX(Calc_지수곡선!$G$2:$BN$150,0,$A9),">0",INDEX(Calc_지수곡선!$G$2:$BN$150,0,$A9),"<300") -> 36 | J9: =COUNTIFS(Calc_지수곡선!$D$2:$D$150,N$2,INDEX(Calc_지수곡선!$G$2:$BN$150,0,$A9),">0",INDEX(Calc_지수곡선!$G$2:$BN$150,0,$A9),"<300") -> 15 | P9: =IF(AND($A9>=6,$A9<=36),B9,NA()) -> 100.44916 | Q9: =IF(AND($A9>=6,$A9<=36),C9,NA()) -> 103.89211 | R9: =IF(AND($A9>=6,$A9<=36),D9,NA()) -> 104.71409 | S9: =IF(AND($A9>=6,$A9<=36),E9,NA()) -> 103.13996
A10: 8 | B10: =IFERROR(AVERAGEIFS(INDEX(Calc_지수곡선!$G$2:$BN$150,0,$A10),Calc_지수곡선!$D$2:$D$150,K$2,INDEX(Calc_지수곡선!$G$2:$BN$150,0,$A10),">0",INDEX(Calc_지수곡선!$G$2:$BN$150,0,$A10),"<300"),"") -> 102.72995 | C10: =IFERROR(AVERAGEIFS(INDEX(Calc_지수곡선!$G$2:$BN$150,0,$A10),Calc_지수곡선!$D$2:$D$150,L$2,INDEX(Calc_지수곡선!$G$2:$BN$150,0,$A10),">0",INDEX(Calc_지수곡선!$G$2:$BN$150,0,$A10),"<300"),"") -> 101.76704 | D10: =IFERROR(AVERAGEIFS(INDEX(Calc_지수곡선!$G$2:$BN$150,0,$A10),Calc_지수곡선!$D$2:$D$150,M$2,INDEX(Calc_지수곡선!$G$2:$BN$150,0,$A10),">0",INDEX(Calc_지수곡선!$G$2:$BN$150,0,$A10),"<300"),"") -> 104.6068 | E10: =IFERROR(AVERAGEIFS(INDEX(Calc_지수곡선!$G$2:$BN$150,0,$A10),Calc_지수곡선!$D$2:$D$150,N$2,INDEX(Calc_지수곡선!$G$2:$BN$150,0,$A10),">0",INDEX(Calc_지수곡선!$G$2:$BN$150,0,$A10),"<300"),"") -> 101.49112 | F10: =IFERROR((B10*G10+C10*H10+D10*I10)/(G10+H10+I10),"") -> 102.8157 | G10: =COUNTIFS(Calc_지수곡선!$D$2:$D$150,K$2,INDEX(Calc_지수곡선!$G$2:$BN$150,0,$A10),">0",INDEX(Calc_지수곡선!$G$2:$BN$150,0,$A10),"<300") -> 34 | H10: =COUNTIFS(Calc_지수곡선!$D$2:$D$150,L$2,INDEX(Calc_지수곡선!$G$2:$BN$150,0,$A10),">0",INDEX(Calc_지수곡선!$G$2:$BN$150,0,$A10),"<300") -> 57 | I10: =COUNTIFS(Calc_지수곡선!$D$2:$D$150,M$2,INDEX(Calc_지수곡선!$G$2:$BN$150,0,$A10),">0",INDEX(Calc_지수곡선!$G$2:$BN$150,0,$A10),"<300") -> 35 | J10: =COUNTIFS(Calc_지수곡선!$D$2:$D$150,N$2,INDEX(Calc_지수곡선!$G$2:$BN$150,0,$A10),">0",INDEX(Calc_지수곡선!$G$2:$BN$150,0,$A10),"<300") -> 15 | P10: =IF(AND($A10>=6,$A10<=36),B10,NA()) -> 102.72995 | Q10: =IF(AND($A10>=6,$A10<=36),C10,NA()) -> 101.76704 | R10: =IF(AND($A10>=6,$A10<=36),D10,NA()) -> 104.6068 | S10: =IF(AND($A10>=6,$A10<=36),E10,NA()) -> 101.49112
A11: 9 | B11: =IFERROR(AVERAGEIFS(INDEX(Calc_지수곡선!$G$2:$BN$150,0,$A11),Calc_지수곡선!$D$2:$D$150,K$2,INDEX(Calc_지수곡선!$G$2:$BN$150,0,$A11),">0",INDEX(Calc_지수곡선!$G$2:$BN$150,0,$A11),"<300"),"") -> 105.54088 | C11: =IFERROR(AVERAGEIFS(INDEX(Calc_지수곡선!$G$2:$BN$150,0,$A11),Calc_지수곡선!$D$2:$D$150,L$2,INDEX(Calc_지수곡선!$G$2:$BN$150,0,$A11),">0",INDEX(Calc_지수곡선!$G$2:$BN$150,0,$A11),"<300"),"") -> 105.55286 | D11: =IFERROR(AVERAGEIFS(INDEX(Calc_지수곡선!$G$2:$BN$150,0,$A11),Calc_지수곡선!$D$2:$D$150,M$2,INDEX(Calc_지수곡선!$G$2:$BN$150,0,$A11),">0",INDEX(Calc_지수곡선!$G$2:$BN$150,0,$A11),"<300"),"") -> 105.46002 | E11: =IFERROR(AVERAGEIFS(INDEX(Calc_지수곡선!$G$2:$BN$150,0,$A11),Calc_지수곡선!$D$2:$D$150,N$2,INDEX(Calc_지수곡선!$G$2:$BN$150,0,$A11),">0",INDEX(Calc_지수곡선!$G$2:$BN$150,0,$A11),"<300"),"") -> 103.73356 | F11: =IFERROR((B11*G11+C11*H11+D11*I11)/(G11+H11+I11),"") -> 105.52337 | G11: =COUNTIFS(Calc_지수곡선!$D$2:$D$150,K$2,INDEX(Calc_지수곡선!$G$2:$BN$150,0,$A11),">0",INDEX(Calc_지수곡선!$G$2:$BN$150,0,$A11),"<300") -> 34 | H11: =COUNTIFS(Calc_지수곡선!$D$2:$D$150,L$2,INDEX(Calc_지수곡선!$G$2:$BN$150,0,$A11),">0",INDEX(Calc_지수곡선!$G$2:$BN$150,0,$A11),"<300") -> 55 | I11: =COUNTIFS(Calc_지수곡선!$D$2:$D$150,M$2,INDEX(Calc_지수곡선!$G$2:$BN$150,0,$A11),">0",INDEX(Calc_지수곡선!$G$2:$BN$150,0,$A11),"<300") -> 35 | J11: =COUNTIFS(Calc_지수곡선!$D$2:$D$150,N$2,INDEX(Calc_지수곡선!$G$2:$BN$150,0,$A11),">0",INDEX(Calc_지수곡선!$G$2:$BN$150,0,$A11),"<300") -> 15 | P11: =IF(AND($A11>=6,$A11<=36),B11,NA()) -> 105.54088 | Q11: =IF(AND($A11>=6,$A11<=36),C11,NA()) -> 105.55286 | R11: =IF(AND($A11>=6,$A11<=36),D11,NA()) -> 105.46002 | S11: =IF(AND($A11>=6,$A11<=36),E11,NA()) -> 103.73356
A12: 10 | B12: =IFERROR(AVERAGEIFS(INDEX(Calc_지수곡선!$G$2:$BN$150,0,$A12),Calc_지수곡선!$D$2:$D$150,K$2,INDEX(Calc_지수곡선!$G$2:$BN$150,0,$A12),">0",INDEX(Calc_지수곡선!$G$2:$BN$150,0,$A12),"<300"),"") -> 106.54722 | C12: =IFERROR(AVERAGEIFS(INDEX(Calc_지수곡선!$G$2:$BN$150,0,$A12),Calc_지수곡선!$D$2:$D$150,L$2,INDEX(Calc_지수곡선!$G$2:$BN$150,0,$A12),">0",INDEX(Calc_지수곡선!$G$2:$BN$150,0,$A12),"<300"),"") -> 108.39257 | D12: =IFERROR(AVERAGEIFS(INDEX(Calc_지수곡선!$G$2:$BN$150,0,$A12),Calc_지수곡선!$D$2:$D$150,M$2,INDEX(Calc_지수곡선!$G$2:$BN$150,0,$A12),">0",INDEX(Calc_지수곡선!$G$2:$BN$150,0,$A12),"<300"),"") -> 108.97185 | E12: =IFERROR(AVERAGEIFS(INDEX(Calc_지수곡선!$G$2:$BN$150,0,$A12),Calc_지수곡선!$D$2:$D$150,N$2,INDEX(Calc_지수곡선!$G$2:$BN$150,0,$A12),">0",INDEX(Calc_지수곡선!$G$2:$BN$150,0,$A12),"<300"),"") -> 106.91147 | F12: =IFERROR((B12*G12+C12*H12+D12*I12)/(G12+H12+I12),"") -> 108.05207 | G12: =COUNTIFS(Calc_지수곡선!$D$2:$D$150,K$2,INDEX(Calc_지수곡선!$G$2:$BN$150,0,$A12),">0",INDEX(Calc_지수곡선!$G$2:$BN$150,0,$A12),"<300") -> 33 | H12: =COUNTIFS(Calc_지수곡선!$D$2:$D$150,L$2,INDEX(Calc_지수곡선!$G$2:$BN$150,0,$A12),">0",INDEX(Calc_지수곡선!$G$2:$BN$150,0,$A12),"<300") -> 54 | I12: =COUNTIFS(Calc_지수곡선!$D$2:$D$150,M$2,INDEX(Calc_지수곡선!$G$2:$BN$150,0,$A12),">0",INDEX(Calc_지수곡선!$G$2:$BN$150,0,$A12),"<300") -> 34 | J12: =COUNTIFS(Calc_지수곡선!$D$2:$D$150,N$2,INDEX(Calc_지수곡선!$G$2:$BN$150,0,$A12),">0",INDEX(Calc_지수곡선!$G$2:$BN$150,0,$A12),"<300") -> 15 | P12: =IF(AND($A12>=6,$A12<=36),B12,NA()) -> 106.54722 | Q12: =IF(AND($A12>=6,$A12<=36),C12,NA()) -> 108.39257 | R12: =IF(AND($A12>=6,$A12<=36),D12,NA()) -> 108.97185 | S12: =IF(AND($A12>=6,$A12<=36),E12,NA()) -> 106.91147
A13: 11 | B13: =IFERROR(AVERAGEIFS(INDEX(Calc_지수곡선!$G$2:$BN$150,0,$A13),Calc_지수곡선!$D$2:$D$150,K$2,INDEX(Calc_지수곡선!$G$2:$BN$150,0,$A13),">0",INDEX(Calc_지수곡선!$G$2:$BN$150,0,$A13),"<300"),"") -> 108.38539 | C13: =IFERROR(AVERAGEIFS(INDEX(Calc_지수곡선!$G$2:$BN$150,0,$A13),Calc_지수곡선!$D$2:$D$150,L$2,INDEX(Calc_지수곡선!$G$2:$BN$150,0,$A13),">0",INDEX(Calc_지수곡선!$G$2:$BN$150,0,$A13),"<300"),"") -> 108.97334 | D13: =IFERROR(AVERAGEIFS(INDEX(Calc_지수곡선!$G$2:$BN$150,0,$A13),Calc_지수곡선!$D$2:$D$150,M$2,INDEX(Calc_지수곡선!$G$2:$BN$150,0,$A13),">0",INDEX(Calc_지수곡선!$G$2:$BN$150,0,$A13),"<300"),"") -> 113.23117 | E13: =IFERROR(AVERAGEIFS(INDEX(Calc_지수곡선!$G$2:$BN$150,0,$A13),Calc_지수곡선!$D$2:$D$150,N$2,INDEX(Calc_지수곡선!$G$2:$BN$150,0,$A13),">0",INDEX(Calc_지수곡선!$G$2:$BN$150,0,$A13),"<300"),"") -> 109.80214 | F13: =IFERROR((B13*G13+C13*H13+D13*I13)/(G13+H13+I13),"") -> 110.01804 | G13: =COUNTIFS(Calc_지수곡선!$D$2:$D$150,K$2,INDEX(Calc_지수곡선!$G$2:$BN$150,0,$A13),">0",INDEX(Calc_지수곡선!$G$2:$BN$150,0,$A13),"<300") -> 33 | H13: =COUNTIFS(Calc_지수곡선!$D$2:$D$150,L$2,INDEX(Calc_지수곡선!$G$2:$BN$150,0,$A13),">0",INDEX(Calc_지수곡선!$G$2:$BN$150,0,$A13),"<300") -> 53 | I13: =COUNTIFS(Calc_지수곡선!$D$2:$D$150,M$2,INDEX(Calc_지수곡선!$G$2:$BN$150,0,$A13),">0",INDEX(Calc_지수곡선!$G$2:$BN$150,0,$A13),"<300") -> 34 | J13: =COUNTIFS(Calc_지수곡선!$D$2:$D$150,N$2,INDEX(Calc_지수곡선!$G$2:$BN$150,0,$A13),">0",INDEX(Calc_지수곡선!$G$2:$BN$150,0,$A13),"<300") -> 15 | P13: =IF(AND($A13>=6,$A13<=36),B13,NA()) -> 108.38539 | Q13: =IF(AND($A13>=6,$A13<=36),C13,NA()) -> 108.97334 | R13: =IF(AND($A13>=6,$A13<=36),D13,NA()) -> 113.23117 | S13: =IF(AND($A13>=6,$A13<=36),E13,NA()) -> 109.80214
A14: 12 | B14: =IFERROR(AVERAGEIFS(INDEX(Calc_지수곡선!$G$2:$BN$150,0,$A14),Calc_지수곡선!$D$2:$D$150,K$2,INDEX(Calc_지수곡선!$G$2:$BN$150,0,$A14),">0",INDEX(Calc_지수곡선!$G$2:$BN$150,0,$A14),"<300"),"") -> 112.5312 | C14: =IFERROR(AVERAGEIFS(INDEX(Calc_지수곡선!$G$2:$BN$150,0,$A14),Calc_지수곡선!$D$2:$D$150,L$2,INDEX(Calc_지수곡선!$G$2:$BN$150,0,$A14),">0",INDEX(Calc_지수곡선!$G$2:$BN$150,0,$A14),"<300"),"") -> 109.71907 | D14: =IFERROR(AVERAGEIFS(INDEX(Calc_지수곡선!$G$2:$BN$150,0,$A14),Calc_지수곡선!$D$2:$D$150,M$2,INDEX(Calc_지수곡선!$G$2:$BN$150,0,$A14),">0",INDEX(Calc_지수곡선!$G$2:$BN$150,0,$A14),"<300"),"") -> 114.23173 | E14: =IFERROR(AVERAGEIFS(INDEX(Calc_지수곡선!$G$2:$BN$150,0,$A14),Calc_지수곡선!$D$2:$D$150,N$2,INDEX(Calc_지수곡선!$G$2:$BN$150,0,$A14),">0",INDEX(Calc_지수곡선!$G$2:$BN$150,0,$A14),"<300"),"") -> 111.87789 | F14: =IFERROR((B14*G14+C14*H14+D14*I14)/(G14+H14+I14),"") -> 111.77554 | G14: =COUNTIFS(Calc_지수곡선!$D$2:$D$150,K$2,INDEX(Calc_지수곡선!$G$2:$BN$150,0,$A14),">0",INDEX(Calc_지수곡선!$G$2:$BN$150,0,$A14),"<300") -> 31 | H14: =COUNTIFS(Calc_지수곡선!$D$2:$D$150,L$2,INDEX(Calc_지수곡선!$G$2:$BN$150,0,$A14),">0",INDEX(Calc_지수곡선!$G$2:$BN$150,0,$A14),"<300") -> 52 | I14: =COUNTIFS(Calc_지수곡선!$D$2:$D$150,M$2,INDEX(Calc_지수곡선!$G$2:$BN$150,0,$A14),">0",INDEX(Calc_지수곡선!$G$2:$BN$150,0,$A14),"<300") -> 34 | J14: =COUNTIFS(Calc_지수곡선!$D$2:$D$150,N$2,INDEX(Calc_지수곡선!$G$2:$BN$150,0,$A14),">0",INDEX(Calc_지수곡선!$G$2:$BN$150,0,$A14),"<300") -> 15 | P14: =IF(AND($A14>=6,$A14<=36),B14,NA()) -> 112.5312 | Q14: =IF(AND($A14>=6,$A14<=36),C14,NA()) -> 109.71907 | R14: =IF(AND($A14>=6,$A14<=36),D14,NA()) -> 114.23173 | S14: =IF(AND($A14>=6,$A14<=36),E14,NA()) -> 111.87789
... A28: 26 | B28: =IFERROR(AVERAGEIFS(INDEX(Calc_지수곡선!$G$2:$BN$150,0,$A28),Calc_지수곡선!$D$2:$D$150,K$2,INDEX(Calc_지수곡선!$G$2:$BN$150,0,$A28),">0",INDEX(Calc_지수곡선!$G$2:$BN$150,0,$A28),"<300"),"") -> 131.40584 | C28: =IFERROR(AVERAGEIFS(INDEX(Calc_지수곡선!$G$2:$BN$150,0,$A28),Calc_지수곡선!$D$2:$D$150,L$2,INDEX(Calc_지수곡선!$G$2:$BN$150,0,$A28),">0",INDEX(Calc_지수곡선!$G$2:$BN$150,0,$A28),"<300"),"") -> 122.07494 | D28: =IFERROR(AVERAGEIFS(INDEX(Calc_지수곡선!$G$2:$BN$150,0,$A28),Calc_지수곡선!$D$2:$D$150,M$2,INDEX(Calc_지수곡선!$G$2:$BN$150,0,$A28),">0",INDEX(Calc_지수곡선!$G$2:$BN$150,0,$A28),"<300"),"") -> 123.64254 | E28: =IFERROR(AVERAGEIFS(INDEX(Calc_지수곡선!$G$2:$BN$150,0,$A28),Calc_지수곡선!$D$2:$D$150,N$2,INDEX(Calc_지수곡선!$G$2:$BN$150,0,$A28),">0",INDEX(Calc_지수곡선!$G$2:$BN$150,0,$A28),"<300"),"") -> 116.41866 | F28: =IFERROR((B28*G28+C28*H28+D28*I28)/(G28+H28+I28),"") -> 125.06601 | G28: =COUNTIFS(Calc_지수곡선!$D$2:$D$150,K$2,INDEX(Calc_지수곡선!$G$2:$BN$150,0,$A28),">0",INDEX(Calc_지수곡선!$G$2:$BN$150,0,$A28),"<300") -> 27 | H28: =COUNTIFS(Calc_지수곡선!$D$2:$D$150,L$2,INDEX(Calc_지수곡선!$G$2:$BN$150,0,$A28),">0",INDEX(Calc_지수곡선!$G$2:$BN$150,0,$A28),"<300") -> 42 | I28: =COUNTIFS(Calc_지수곡선!$D$2:$D$150,M$2,INDEX(Calc_지수곡선!$G$2:$BN$150,0,$A28),">0",INDEX(Calc_지수곡선!$G$2:$BN$150,0,$A28),"<300") -> 32 | J28: =COUNTIFS(Calc_지수곡선!$D$2:$D$150,N$2,INDEX(Calc_지수곡선!$G$2:$BN$150,0,$A28),">0",INDEX(Calc_지수곡선!$G$2:$BN$150,0,$A28),"<300") -> 13 | P28: =IF(AND($A28>=6,$A28<=36),B28,NA()) -> 131.40584 | Q28: =IF(AND($A28>=6,$A28<=36),C28,NA()) -> 122.07494 | R28: =IF(AND($A28>=6,$A28<=36),D28,NA()) -> 123.64254 | S28: =IF(AND($A28>=6,$A28<=36),E28,NA()) -> 116.41866
A29: 27 | B29: =IFERROR(AVERAGEIFS(INDEX(Calc_지수곡선!$G$2:$BN$150,0,$A29),Calc_지수곡선!$D$2:$D$150,K$2,INDEX(Calc_지수곡선!$G$2:$BN$150,0,$A29),">0",INDEX(Calc_지수곡선!$G$2:$BN$150,0,$A29),"<300"),"") -> 127.32811 | C29: =IFERROR(AVERAGEIFS(INDEX(Calc_지수곡선!$G$2:$BN$150,0,$A29),Calc_지수곡선!$D$2:$D$150,L$2,INDEX(Calc_지수곡선!$G$2:$BN$150,0,$A29),">0",INDEX(Calc_지수곡선!$G$2:$BN$150,0,$A29),"<300"),"") -> 127.97678 | D29: =IFERROR(AVERAGEIFS(INDEX(Calc_지수곡선!$G$2:$BN$150,0,$A29),Calc_지수곡선!$D$2:$D$150,M$2,INDEX(Calc_지수곡선!$G$2:$BN$150,0,$A29),">0",INDEX(Calc_지수곡선!$G$2:$BN$150,0,$A29),"<300"),"") -> 125.48577 | E29: =IFERROR(AVERAGEIFS(INDEX(Calc_지수곡선!$G$2:$BN$150,0,$A29),Calc_지수곡선!$D$2:$D$150,N$2,INDEX(Calc_지수곡선!$G$2:$BN$150,0,$A29),">0",INDEX(Calc_지수곡선!$G$2:$BN$150,0,$A29),"<300"),"") -> 117.32117 | F29: =IFERROR((B29*G29+C29*H29+D29*I29)/(G29+H29+I29),"") -> 127.01986 | G29: =COUNTIFS(Calc_지수곡선!$D$2:$D$150,K$2,INDEX(Calc_지수곡선!$G$2:$BN$150,0,$A29),">0",INDEX(Calc_지수곡선!$G$2:$BN$150,0,$A29),"<300") -> 27 | H29: =COUNTIFS(Calc_지수곡선!$D$2:$D$150,L$2,INDEX(Calc_지수곡선!$G$2:$BN$150,0,$A29),">0",INDEX(Calc_지수곡선!$G$2:$BN$150,0,$A29),"<300") -> 41 | I29: =COUNTIFS(Calc_지수곡선!$D$2:$D$150,M$2,INDEX(Calc_지수곡선!$G$2:$BN$150,0,$A29),">0",INDEX(Calc_지수곡선!$G$2:$BN$150,0,$A29),"<300") -> 31 | J29: =COUNTIFS(Calc_지수곡선!$D$2:$D$150,N$2,INDEX(Calc_지수곡선!$G$2:$BN$150,0,$A29),">0",INDEX(Calc_지수곡선!$G$2:$BN$150,0,$A29),"<300") -> 13
A30: 28 | B30: =IFERROR(AVERAGEIFS(INDEX(Calc_지수곡선!$G$2:$BN$150,0,$A30),Calc_지수곡선!$D$2:$D$150,K$2,INDEX(Calc_지수곡선!$G$2:$BN$150,0,$A30),">0",INDEX(Calc_지수곡선!$G$2:$BN$150,0,$A30),"<300"),"") -> 134.69091 | C30: =IFERROR(AVERAGEIFS(INDEX(Calc_지수곡선!$G$2:$BN$150,0,$A30),Calc_지수곡선!$D$2:$D$150,L$2,INDEX(Calc_지수곡선!$G$2:$BN$150,0,$A30),">0",INDEX(Calc_지수곡선!$G$2:$BN$150,0,$A30),"<300"),"") -> 126.32371 | D30: =IFERROR(AVERAGEIFS(INDEX(Calc_지수곡선!$G$2:$BN$150,0,$A30),Calc_지수곡선!$D$2:$D$150,M$2,INDEX(Calc_지수곡선!$G$2:$BN$150,0,$A30),">0",INDEX(Calc_지수곡선!$G$2:$BN$150,0,$A30),"<300"),"") -> 124.90791 | E30: =IFERROR(AVERAGEIFS(INDEX(Calc_지수곡선!$G$2:$BN$150,0,$A30),Calc_지수곡선!$D$2:$D$150,N$2,INDEX(Calc_지수곡선!$G$2:$BN$150,0,$A30),">0",INDEX(Calc_지수곡선!$G$2:$BN$150,0,$A30),"<300"),"") -> 122.85401 | F30: =IFERROR((B30*G30+C30*H30+D30*I30)/(G30+H30+I30),"") -> 128.14739 | G30: =COUNTIFS(Calc_지수곡선!$D$2:$D$150,K$2,INDEX(Calc_지수곡선!$G$2:$BN$150,0,$A30),">0",INDEX(Calc_지수곡선!$G$2:$BN$150,0,$A30),"<300") -> 26 | H30: =COUNTIFS(Calc_지수곡선!$D$2:$D$150,L$2,INDEX(Calc_지수곡선!$G$2:$BN$150,0,$A30),">0",INDEX(Calc_지수곡선!$G$2:$BN$150,0,$A30),"<300") -> 40 | I30: =COUNTIFS(Calc_지수곡선!$D$2:$D$150,M$2,INDEX(Calc_지수곡선!$G$2:$BN$150,0,$A30),">0",INDEX(Calc_지수곡선!$G$2:$BN$150,0,$A30),"<300") -> 30 | J30: =COUNTIFS(Calc_지수곡선!$D$2:$D$150,N$2,INDEX(Calc_지수곡선!$G$2:$BN$150,0,$A30),">0",INDEX(Calc_지수곡선!$G$2:$BN$150,0,$A30),"<300") -> 13 | L30: 경쟁강도별 성장곡선 추세 (선형회귀 · 오픈 m6~36 구간 기준)
A31: 29 | B31: =IFERROR(AVERAGEIFS(INDEX(Calc_지수곡선!$G$2:$BN$150,0,$A31),Calc_지수곡선!$D$2:$D$150,K$2,INDEX(Calc_지수곡선!$G$2:$BN$150,0,$A31),">0",INDEX(Calc_지수곡선!$G$2:$BN$150,0,$A31),"<300"),"") -> 132.72214 | C31: =IFERROR(AVERAGEIFS(INDEX(Calc_지수곡선!$G$2:$BN$150,0,$A31),Calc_지수곡선!$D$2:$D$150,L$2,INDEX(Calc_지수곡선!$G$2:$BN$150,0,$A31),">0",INDEX(Calc_지수곡선!$G$2:$BN$150,0,$A31),"<300"),"") -> 124.96988 | D31: =IFERROR(AVERAGEIFS(INDEX(Calc_지수곡선!$G$2:$BN$150,0,$A31),Calc_지수곡선!$D$2:$D$150,M$2,INDEX(Calc_지수곡선!$G$2:$BN$150,0,$A31),">0",INDEX(Calc_지수곡선!$G$2:$BN$150,0,$A31),"<300"),"") -> 127.75345 | E31: =IFERROR(AVERAGEIFS(INDEX(Calc_지수곡선!$G$2:$BN$150,0,$A31),Calc_지수곡선!$D$2:$D$150,N$2,INDEX(Calc_지수곡선!$G$2:$BN$150,0,$A31),">0",INDEX(Calc_지수곡선!$G$2:$BN$150,0,$A31),"<300"),"") -> 126.32807 | F31: =IFERROR((B31*G31+C31*H31+D31*I31)/(G31+H31+I31),"") -> 128.0351 | G31: =COUNTIFS(Calc_지수곡선!$D$2:$D$150,K$2,INDEX(Calc_지수곡선!$G$2:$BN$150,0,$A31),">0",INDEX(Calc_지수곡선!$G$2:$BN$150,0,$A31),"<300") -> 26 | H31: =COUNTIFS(Calc_지수곡선!$D$2:$D$150,L$2,INDEX(Calc_지수곡선!$G$2:$BN$150,0,$A31),">0",INDEX(Calc_지수곡선!$G$2:$BN$150,0,$A31),"<300") -> 37 | I31: =COUNTIFS(Calc_지수곡선!$D$2:$D$150,M$2,INDEX(Calc_지수곡선!$G$2:$BN$150,0,$A31),">0",INDEX(Calc_지수곡선!$G$2:$BN$150,0,$A31),"<300") -> 30 | J31: =COUNTIFS(Calc_지수곡선!$D$2:$D$150,N$2,INDEX(Calc_지수곡선!$G$2:$BN$150,0,$A31),">0",INDEX(Calc_지수곡선!$G$2:$BN$150,0,$A31),"<300") -> 13 | L31: 그룹 | M31: 기울기 (지수/월) | N31: 절편 | O31: R² | P31: 연환산 (기울기×12)
A32: 30 | B32: =IFERROR(AVERAGEIFS(INDEX(Calc_지수곡선!$G$2:$BN$150,0,$A32),Calc_지수곡선!$D$2:$D$150,K$2,INDEX(Calc_지수곡선!$G$2:$BN$150,0,$A32),">0",INDEX(Calc_지수곡선!$G$2:$BN$150,0,$A32),"<300"),"") -> 136.85853 | C32: =IFERROR(AVERAGEIFS(INDEX(Calc_지수곡선!$G$2:$BN$150,0,$A32),Calc_지수곡선!$D$2:$D$150,L$2,INDEX(Calc_지수곡선!$G$2:$BN$150,0,$A32),">0",INDEX(Calc_지수곡선!$G$2:$BN$150,0,$A32),"<300"),"") -> 130.22945 | D32: =IFERROR(AVERAGEIFS(INDEX(Calc_지수곡선!$G$2:$BN$150,0,$A32),Calc_지수곡선!$D$2:$D$150,M$2,INDEX(Calc_지수곡선!$G$2:$BN$150,0,$A32),">0",INDEX(Calc_지수곡선!$G$2:$BN$150,0,$A32),"<300"),"") -> 130.0126 | E32: =IFERROR(AVERAGEIFS(INDEX(Calc_지수곡선!$G$2:$BN$150,0,$A32),Calc_지수곡선!$D$2:$D$150,N$2,INDEX(Calc_지수곡선!$G$2:$BN$150,0,$A32),">0",INDEX(Calc_지수곡선!$G$2:$BN$150,0,$A32),"<300"),"") -> 118.78853 | F32: =IFERROR((B32*G32+C32*H32+D32*I32)/(G32+H32+I32),"") -> 131.92733 | G32: =COUNTIFS(Calc_지수곡선!$D$2:$D$150,K$2,INDEX(Calc_지수곡선!$G$2:$BN$150,0,$A32),">0",INDEX(Calc_지수곡선!$G$2:$BN$150,0,$A32),"<300") -> 24 | H32: =COUNTIFS(Calc_지수곡선!$D$2:$D$150,L$2,INDEX(Calc_지수곡선!$G$2:$BN$150,0,$A32),">0",INDEX(Calc_지수곡선!$G$2:$BN$150,0,$A32),"<300") -> 37 | I32: =COUNTIFS(Calc_지수곡선!$D$2:$D$150,M$2,INDEX(Calc_지수곡선!$G$2:$BN$150,0,$A32),">0",INDEX(Calc_지수곡선!$G$2:$BN$150,0,$A32),"<300") -> 29 | J32: =COUNTIFS(Calc_지수곡선!$D$2:$D$150,N$2,INDEX(Calc_지수곡선!$G$2:$BN$150,0,$A32),">0",INDEX(Calc_지수곡선!$G$2:$BN$150,0,$A32),"<300") -> 12 | L32: 그룹0 (경쟁0) | M32: =SLOPE(B8:B38,$A8:$A38) -> 1.1917684 | N32: =INTERCEPT(B8:B38,$A8:$A38) -> 97.497502 | O32: =RSQ(B8:B38,$A8:$A38) -> 0.90324981 | P32: =M32*12 -> 14.30122
A33: 31 | B33: =IFERROR(AVERAGEIFS(INDEX(Calc_지수곡선!$G$2:$BN$150,0,$A33),Calc_지수곡선!$D$2:$D$150,K$2,INDEX(Calc_지수곡선!$G$2:$BN$150,0,$A33),">0",INDEX(Calc_지수곡선!$G$2:$BN$150,0,$A33),"<300"),"") -> 137.85872 | C33: =IFERROR(AVERAGEIFS(INDEX(Calc_지수곡선!$G$2:$BN$150,0,$A33),Calc_지수곡선!$D$2:$D$150,L$2,INDEX(Calc_지수곡선!$G$2:$BN$150,0,$A33),">0",INDEX(Calc_지수곡선!$G$2:$BN$150,0,$A33),"<300"),"") -> 127.14454 | D33: =IFERROR(AVERAGEIFS(INDEX(Calc_지수곡선!$G$2:$BN$150,0,$A33),Calc_지수곡선!$D$2:$D$150,M$2,INDEX(Calc_지수곡선!$G$2:$BN$150,0,$A33),">0",INDEX(Calc_지수곡선!$G$2:$BN$150,0,$A33),"<300"),"") -> 134.17287 | E33: =IFERROR(AVERAGEIFS(INDEX(Calc_지수곡선!$G$2:$BN$150,0,$A33),Calc_지수곡선!$D$2:$D$150,N$2,INDEX(Calc_지수곡선!$G$2:$BN$150,0,$A33),">0",INDEX(Calc_지수곡선!$G$2:$BN$150,0,$A33),"<300"),"") -> 120.50029 | F33: =IFERROR((B33*G33+C33*H33+D33*I33)/(G33+H33+I33),"") -> 132.30288 | G33: =COUNTIFS(Calc_지수곡선!$D$2:$D$150,K$2,INDEX(Calc_지수곡선!$G$2:$BN$150,0,$A33),">0",INDEX(Calc_지수곡선!$G$2:$BN$150,0,$A33),"<300") -> 24 | H33: =COUNTIFS(Calc_지수곡선!$D$2:$D$150,L$2,INDEX(Calc_지수곡선!$G$2:$BN$150,0,$A33),">0",INDEX(Calc_지수곡선!$G$2:$BN$150,0,$A33),"<300") -> 36 | I33: =COUNTIFS(Calc_지수곡선!$D$2:$D$150,M$2,INDEX(Calc_지수곡선!$G$2:$BN$150,0,$A33),">0",INDEX(Calc_지수곡선!$G$2:$BN$150,0,$A33),"<300") -> 28 | J33: =COUNTIFS(Calc_지수곡선!$D$2:$D$150,N$2,INDEX(Calc_지수곡선!$G$2:$BN$150,0,$A33),">0",INDEX(Calc_지수곡선!$G$2:$BN$150,0,$A33),"<300") -> 12 | L33: 그룹1 (경쟁1) | M33: =SLOPE(C8:C38,$A8:$A38) -> 1.0801116 | N33: =INTERCEPT(C8:C38,$A8:$A38) -> 96.268971 | O33: =RSQ(C8:C38,$A8:$A38) -> 0.96126114 | P33: =M33*12 -> 12.96134
A34: 32 | B34: =IFERROR(AVERAGEIFS(INDEX(Calc_지수곡선!$G$2:$BN$150,0,$A34),Calc_지수곡선!$D$2:$D$150,K$2,INDEX(Calc_지수곡선!$G$2:$BN$150,0,$A34),">0",INDEX(Calc_지수곡선!$G$2:$BN$150,0,$A34),"<300"),"") -> 132.58391 | C34: =IFERROR(AVERAGEIFS(INDEX(Calc_지수곡선!$G$2:$BN$150,0,$A34),Calc_지수곡선!$D$2:$D$150,L$2,INDEX(Calc_지수곡선!$G$2:$BN$150,0,$A34),">0",INDEX(Calc_지수곡선!$G$2:$BN$150,0,$A34),"<300"),"") -> 129.60955 | D34: =IFERROR(AVERAGEIFS(INDEX(Calc_지수곡선!$G$2:$BN$150,0,$A34),Calc_지수곡선!$D$2:$D$150,M$2,INDEX(Calc_지수곡선!$G$2:$BN$150,0,$A34),">0",INDEX(Calc_지수곡선!$G$2:$BN$150,0,$A34),"<300"),"") -> 134.77916 | E34: =IFERROR(AVERAGEIFS(INDEX(Calc_지수곡선!$G$2:$BN$150,0,$A34),Calc_지수곡선!$D$2:$D$150,N$2,INDEX(Calc_지수곡선!$G$2:$BN$150,0,$A34),">0",INDEX(Calc_지수곡선!$G$2:$BN$150,0,$A34),"<300"),"") -> 118.25547 | F34: =IFERROR((B34*G34+C34*H34+D34*I34)/(G34+H34+I34),"") -> 132.06262 | G34: =COUNTIFS(Calc_지수곡선!$D$2:$D$150,K$2,INDEX(Calc_지수곡선!$G$2:$BN$150,0,$A34),">0",INDEX(Calc_지수곡선!$G$2:$BN$150,0,$A34),"<300") -> 24 | H34: =COUNTIFS(Calc_지수곡선!$D$2:$D$150,L$2,INDEX(Calc_지수곡선!$G$2:$BN$150,0,$A34),">0",INDEX(Calc_지수곡선!$G$2:$BN$150,0,$A34),"<300") -> 35 | I34: =COUNTIFS(Calc_지수곡선!$D$2:$D$150,M$2,INDEX(Calc_지수곡선!$G$2:$BN$150,0,$A34),">0",INDEX(Calc_지수곡선!$G$2:$BN$150,0,$A34),"<300") -> 27 | J34: =COUNTIFS(Calc_지수곡선!$D$2:$D$150,N$2,INDEX(Calc_지수곡선!$G$2:$BN$150,0,$A34),">0",INDEX(Calc_지수곡선!$G$2:$BN$150,0,$A34),"<300") -> 12 | L34: 그룹2 (경쟁2) | M34: =SLOPE(D8:D38,$A8:$A38) -> 0.98129695 | N34: =INTERCEPT(D8:D38,$A8:$A38) -> 99.163463 | O34: =RSQ(D8:D38,$A8:$A38) -> 0.89293611 | P34: =M34*12 -> 11.775563
A35: 33 | B35: =IFERROR(AVERAGEIFS(INDEX(Calc_지수곡선!$G$2:$BN$150,0,$A35),Calc_지수곡선!$D$2:$D$150,K$2,INDEX(Calc_지수곡선!$G$2:$BN$150,0,$A35),">0",INDEX(Calc_지수곡선!$G$2:$BN$150,0,$A35),"<300"),"") -> 131.4046 | C35: =IFERROR(AVERAGEIFS(INDEX(Calc_지수곡선!$G$2:$BN$150,0,$A35),Calc_지수곡선!$D$2:$D$150,L$2,INDEX(Calc_지수곡선!$G$2:$BN$150,0,$A35),">0",INDEX(Calc_지수곡선!$G$2:$BN$150,0,$A35),"<300"),"") -> 127.88752 | D35: =IFERROR(AVERAGEIFS(INDEX(Calc_지수곡선!$G$2:$BN$150,0,$A35),Calc_지수곡선!$D$2:$D$150,M$2,INDEX(Calc_지수곡선!$G$2:$BN$150,0,$A35),">0",INDEX(Calc_지수곡선!$G$2:$BN$150,0,$A35),"<300"),"") -> 133.37064 | E35: =IFERROR(AVERAGEIFS(INDEX(Calc_지수곡선!$G$2:$BN$150,0,$A35),Calc_지수곡선!$D$2:$D$150,N$2,INDEX(Calc_지수곡선!$G$2:$BN$150,0,$A35),">0",INDEX(Calc_지수곡선!$G$2:$BN$150,0,$A35),"<300"),"") -> 120.28958 | F35: =IFERROR((B35*G35+C35*H35+D35*I35)/(G35+H35+I35),"") -> 130.58956 | G35: =COUNTIFS(Calc_지수곡선!$D$2:$D$150,K$2,INDEX(Calc_지수곡선!$G$2:$BN$150,0,$A35),">0",INDEX(Calc_지수곡선!$G$2:$BN$150,0,$A35),"<300") -> 24 | H35: =COUNTIFS(Calc_지수곡선!$D$2:$D$150,L$2,INDEX(Calc_지수곡선!$G$2:$BN$150,0,$A35),">0",INDEX(Calc_지수곡선!$G$2:$BN$150,0,$A35),"<300") -> 34 | I35: =COUNTIFS(Calc_지수곡선!$D$2:$D$150,M$2,INDEX(Calc_지수곡선!$G$2:$BN$150,0,$A35),">0",INDEX(Calc_지수곡선!$G$2:$BN$150,0,$A35),"<300") -> 26 | J35: =COUNTIFS(Calc_지수곡선!$D$2:$D$150,N$2,INDEX(Calc_지수곡선!$G$2:$BN$150,0,$A35),">0",INDEX(Calc_지수곡선!$G$2:$BN$150,0,$A35),"<300") -> 12 | L35: 그룹3+ (경쟁3+) | M35: =SLOPE(E8:E38,$A8:$A38) -> 0.70974498 | N35: =INTERCEPT(E8:E38,$A8:$A38) -> 101.56103 | O35: =RSQ(E8:E38,$A8:$A38) -> 0.71981531 | P35: =M35*12 -> 8.5169398
A36: 34 | B36: =IFERROR(AVERAGEIFS(INDEX(Calc_지수곡선!$G$2:$BN$150,0,$A36),Calc_지수곡선!$D$2:$D$150,K$2,INDEX(Calc_지수곡선!$G$2:$BN$150,0,$A36),">0",INDEX(Calc_지수곡선!$G$2:$BN$150,0,$A36),"<300"),"") -> 134.90504 | C36: =IFERROR(AVERAGEIFS(INDEX(Calc_지수곡선!$G$2:$BN$150,0,$A36),Calc_지수곡선!$D$2:$D$150,L$2,INDEX(Calc_지수곡선!$G$2:$BN$150,0,$A36),">0",INDEX(Calc_지수곡선!$G$2:$BN$150,0,$A36),"<300"),"") -> 133.76407 | D36: =IFERROR(AVERAGEIFS(INDEX(Calc_지수곡선!$G$2:$BN$150,0,$A36),Calc_지수곡선!$D$2:$D$150,M$2,INDEX(Calc_지수곡선!$G$2:$BN$150,0,$A36),">0",INDEX(Calc_지수곡선!$G$2:$BN$150,0,$A36),"<300"),"") -> 132.43917 | E36: =IFERROR(AVERAGEIFS(INDEX(Calc_지수곡선!$G$2:$BN$150,0,$A36),Calc_지수곡선!$D$2:$D$150,N$2,INDEX(Calc_지수곡선!$G$2:$BN$150,0,$A36),">0",INDEX(Calc_지수곡선!$G$2:$BN$150,0,$A36),"<300"),"") -> 122.09416 | F36: =IFERROR((B36*G36+C36*H36+D36*I36)/(G36+H36+I36),"") -> 133.69285 | G36: =COUNTIFS(Calc_지수곡선!$D$2:$D$150,K$2,INDEX(Calc_지수곡선!$G$2:$BN$150,0,$A36),">0",INDEX(Calc_지수곡선!$G$2:$BN$150,0,$A36),"<300") -> 23 | H36: =COUNTIFS(Calc_지수곡선!$D$2:$D$150,L$2,INDEX(Calc_지수곡선!$G$2:$BN$150,0,$A36),">0",INDEX(Calc_지수곡선!$G$2:$BN$150,0,$A36),"<300") -> 31 | I36: =COUNTIFS(Calc_지수곡선!$D$2:$D$150,M$2,INDEX(Calc_지수곡선!$G$2:$BN$150,0,$A36),">0",INDEX(Calc_지수곡선!$G$2:$BN$150,0,$A36),"<300") -> 24 | J36: =COUNTIFS(Calc_지수곡선!$D$2:$D$150,N$2,INDEX(Calc_지수곡선!$G$2:$BN$150,0,$A36),">0",INDEX(Calc_지수곡선!$G$2:$BN$150,0,$A36),"<300") -> 12
A37: 35 | B37: =IFERROR(AVERAGEIFS(INDEX(Calc_지수곡선!$G$2:$BN$150,0,$A37),Calc_지수곡선!$D$2:$D$150,K$2,INDEX(Calc_지수곡선!$G$2:$BN$150,0,$A37),">0",INDEX(Calc_지수곡선!$G$2:$BN$150,0,$A37),"<300"),"") -> 129.78823 | C37: =IFERROR(AVERAGEIFS(INDEX(Calc_지수곡선!$G$2:$BN$150,0,$A37),Calc_지수곡선!$D$2:$D$150,L$2,INDEX(Calc_지수곡선!$G$2:$BN$150,0,$A37),">0",INDEX(Calc_지수곡선!$G$2:$BN$150,0,$A37),"<300"),"") -> 134.1741 | D37: =IFERROR(AVERAGEIFS(INDEX(Calc_지수곡선!$G$2:$BN$150,0,$A37),Calc_지수곡선!$D$2:$D$150,M$2,INDEX(Calc_지수곡선!$G$2:$BN$150,0,$A37),">0",INDEX(Calc_지수곡선!$G$2:$BN$150,0,$A37),"<300"),"") -> 128.00861 | E37: =IFERROR(AVERAGEIFS(INDEX(Calc_지수곡선!$G$2:$BN$150,0,$A37),Calc_지수곡선!$D$2:$D$150,N$2,INDEX(Calc_지수곡선!$G$2:$BN$150,0,$A37),">0",INDEX(Calc_지수곡선!$G$2:$BN$150,0,$A37),"<300"),"") -> 127.12568 | F37: =IFERROR((B37*G37+C37*H37+D37*I37)/(G37+H37+I37),"") -> 131.03864 | G37: =COUNTIFS(Calc_지수곡선!$D$2:$D$150,K$2,INDEX(Calc_지수곡선!$G$2:$BN$150,0,$A37),">0",INDEX(Calc_지수곡선!$G$2:$BN$150,0,$A37),"<300") -> 22 | H37: =COUNTIFS(Calc_지수곡선!$D$2:$D$150,L$2,INDEX(Calc_지수곡선!$G$2:$BN$150,0,$A37),">0",INDEX(Calc_지수곡선!$G$2:$BN$150,0,$A37),"<300") -> 31 | I37: =COUNTIFS(Calc_지수곡선!$D$2:$D$150,M$2,INDEX(Calc_지수곡선!$G$2:$BN$150,0,$A37),">0",INDEX(Calc_지수곡선!$G$2:$BN$150,0,$A37),"<300") -> 23 | J37: =COUNTIFS(Calc_지수곡선!$D$2:$D$150,N$2,INDEX(Calc_지수곡선!$G$2:$BN$150,0,$A37),">0",INDEX(Calc_지수곡선!$G$2:$BN$150,0,$A37),"<300") -> 11 | L37: ※ 기울기=월당 지수 증가폭(지수 100=오픈 4~9개월 평균). 그룹3+는 m18~24 정점 후 역성장이라 선형기울기가 0 부근/음수(R² 낮음) — 2년차 정체·잠식 반영(n=9, 신뢰구간 24개월).
A38: 36 | B38: =IFERROR(AVERAGEIFS(INDEX(Calc_지수곡선!$G$2:$BN$150,0,$A38),Calc_지수곡선!$D$2:$D$150,K$2,INDEX(Calc_지수곡선!$G$2:$BN$150,0,$A38),">0",INDEX(Calc_지수곡선!$G$2:$BN$150,0,$A38),"<300"),"") -> 138.9501 | C38: =IFERROR(AVERAGEIFS(INDEX(Calc_지수곡선!$G$2:$BN$150,0,$A38),Calc_지수곡선!$D$2:$D$150,L$2,INDEX(Calc_지수곡선!$G$2:$BN$150,0,$A38),">0",INDEX(Calc_지수곡선!$G$2:$BN$150,0,$A38),"<300"),"") -> 137.80473 | D38: =IFERROR(AVERAGEIFS(INDEX(Calc_지수곡선!$G$2:$BN$150,0,$A38),Calc_지수곡선!$D$2:$D$150,M$2,INDEX(Calc_지수곡선!$G$2:$BN$150,0,$A38),">0",INDEX(Calc_지수곡선!$G$2:$BN$150,0,$A38),"<300"),"") -> 133.38143 | E38: =IFERROR(AVERAGEIFS(INDEX(Calc_지수곡선!$G$2:$BN$150,0,$A38),Calc_지수곡선!$D$2:$D$150,N$2,INDEX(Calc_지수곡선!$G$2:$BN$150,0,$A38),">0",INDEX(Calc_지수곡선!$G$2:$BN$150,0,$A38),"<300"),"") -> 125.74796 | F38: =IFERROR((B38*G38+C38*H38+D38*I38)/(G38+H38+I38),"") -> 136.70907 | G38: =COUNTIFS(Calc_지수곡선!$D$2:$D$150,K$2,INDEX(Calc_지수곡선!$G$2:$BN$150,0,$A38),">0",INDEX(Calc_지수곡선!$G$2:$BN$150,0,$A38),"<300") -> 18 | H38: =COUNTIFS(Calc_지수곡선!$D$2:$D$150,L$2,INDEX(Calc_지수곡선!$G$2:$BN$150,0,$A38),">0",INDEX(Calc_지수곡선!$G$2:$BN$150,0,$A38),"<300") -> 30 | I38: =COUNTIFS(Calc_지수곡선!$D$2:$D$150,M$2,INDEX(Calc_지수곡선!$G$2:$BN$150,0,$A38),">0",INDEX(Calc_지수곡선!$G$2:$BN$150,0,$A38),"<300") -> 22 | J38: =COUNTIFS(Calc_지수곡선!$D$2:$D$150,N$2,INDEX(Calc_지수곡선!$G$2:$BN$150,0,$A38),">0",INDEX(Calc_지수곡선!$G$2:$BN$150,0,$A38),"<300") -> 11
A39: 37 | B39: =IFERROR(AVERAGEIFS(INDEX(Calc_지수곡선!$G$2:$BN$150,0,$A39),Calc_지수곡선!$D$2:$D$150,K$2,INDEX(Calc_지수곡선!$G$2:$BN$150,0,$A39),">0",INDEX(Calc_지수곡선!$G$2:$BN$150,0,$A39),"<300"),"") -> 141.82313 | C39: =IFERROR(AVERAGEIFS(INDEX(Calc_지수곡선!$G$2:$BN$150,0,$A39),Calc_지수곡선!$D$2:$D$150,L$2,INDEX(Calc_지수곡선!$G$2:$BN$150,0,$A39),">0",INDEX(Calc_지수곡선!$G$2:$BN$150,0,$A39),"<300"),"") -> 138.71048 | D39: =IFERROR(AVERAGEIFS(INDEX(Calc_지수곡선!$G$2:$BN$150,0,$A39),Calc_지수곡선!$D$2:$D$150,M$2,INDEX(Calc_지수곡선!$G$2:$BN$150,0,$A39),">0",INDEX(Calc_지수곡선!$G$2:$BN$150,0,$A39),"<300"),"") -> 131.43741 | E39: =IFERROR(AVERAGEIFS(INDEX(Calc_지수곡선!$G$2:$BN$150,0,$A39),Calc_지수곡선!$D$2:$D$150,N$2,INDEX(Calc_지수곡선!$G$2:$BN$150,0,$A39),">0",INDEX(Calc_지수곡선!$G$2:$BN$150,0,$A39),"<300"),"") -> 119.78236 | F39: =IFERROR((B39*G39+C39*H39+D39*I39)/(G39+H39+I39),"") -> 137.15842 | G39: =COUNTIFS(Calc_지수곡선!$D$2:$D$150,K$2,INDEX(Calc_지수곡선!$G$2:$BN$150,0,$A39),">0",INDEX(Calc_지수곡선!$G$2:$BN$150,0,$A39),"<300") -> 17 | H39: =COUNTIFS(Calc_지수곡선!$D$2:$D$150,L$2,INDEX(Calc_지수곡선!$G$2:$BN$150,0,$A39),">0",INDEX(Calc_지수곡선!$G$2:$BN$150,0,$A39),"<300") -> 30 | I39: =COUNTIFS(Calc_지수곡선!$D$2:$D$150,M$2,INDEX(Calc_지수곡선!$G$2:$BN$150,0,$A39),">0",INDEX(Calc_지수곡선!$G$2:$BN$150,0,$A39),"<300") -> 22 | J39: =COUNTIFS(Calc_지수곡선!$D$2:$D$150,N$2,INDEX(Calc_지수곡선!$G$2:$BN$150,0,$A39),">0",INDEX(Calc_지수곡선!$G$2:$BN$150,0,$A39),"<300") -> 11
A40: 38 | B40: =IFERROR(AVERAGEIFS(INDEX(Calc_지수곡선!$G$2:$BN$150,0,$A40),Calc_지수곡선!$D$2:$D$150,K$2,INDEX(Calc_지수곡선!$G$2:$BN$150,0,$A40),">0",INDEX(Calc_지수곡선!$G$2:$BN$150,0,$A40),"<300"),"") -> 136.82523 | C40: =IFERROR(AVERAGEIFS(INDEX(Calc_지수곡선!$G$2:$BN$150,0,$A40),Calc_지수곡선!$D$2:$D$150,L$2,INDEX(Calc_지수곡선!$G$2:$BN$150,0,$A40),">0",INDEX(Calc_지수곡선!$G$2:$BN$150,0,$A40),"<300"),"") -> 138.79951 | D40: =IFERROR(AVERAGEIFS(INDEX(Calc_지수곡선!$G$2:$BN$150,0,$A40),Calc_지수곡선!$D$2:$D$150,M$2,INDEX(Calc_지수곡선!$G$2:$BN$150,0,$A40),">0",INDEX(Calc_지수곡선!$G$2:$BN$150,0,$A40),"<300"),"") -> 134.57608 | E40: =IFERROR(AVERAGEIFS(INDEX(Calc_지수곡선!$G$2:$BN$150,0,$A40),Calc_지수곡선!$D$2:$D$150,N$2,INDEX(Calc_지수곡선!$G$2:$BN$150,0,$A40),">0",INDEX(Calc_지수곡선!$G$2:$BN$150,0,$A40),"<300"),"") -> 122.44589 | F40: =IFERROR((B40*G40+C40*H40+D40*I40)/(G40+H40+I40),"") -> 136.91177 | G40: =COUNTIFS(Calc_지수곡선!$D$2:$D$150,K$2,INDEX(Calc_지수곡선!$G$2:$BN$150,0,$A40),">0",INDEX(Calc_지수곡선!$G$2:$BN$150,0,$A40),"<300") -> 17 | H40: =COUNTIFS(Calc_지수곡선!$D$2:$D$150,L$2,INDEX(Calc_지수곡선!$G$2:$BN$150,0,$A40),">0",INDEX(Calc_지수곡선!$G$2:$BN$150,0,$A40),"<300") -> 28 | I40: =COUNTIFS(Calc_지수곡선!$D$2:$D$150,M$2,INDEX(Calc_지수곡선!$G$2:$BN$150,0,$A40),">0",INDEX(Calc_지수곡선!$G$2:$BN$150,0,$A40),"<300") -> 22 | J40: =COUNTIFS(Calc_지수곡선!$D$2:$D$150,N$2,INDEX(Calc_지수곡선!$G$2:$BN$150,0,$A40),">0",INDEX(Calc_지수곡선!$G$2:$BN$150,0,$A40),"<300") -> 11
A41: 39 | B41: =IFERROR(AVERAGEIFS(INDEX(Calc_지수곡선!$G$2:$BN$150,0,$A41),Calc_지수곡선!$D$2:$D$150,K$2,INDEX(Calc_지수곡선!$G$2:$BN$150,0,$A41),">0",INDEX(Calc_지수곡선!$G$2:$BN$150,0,$A41),"<300"),"") -> 139.99846 | C41: =IFERROR(AVERAGEIFS(INDEX(Calc_지수곡선!$G$2:$BN$150,0,$A41),Calc_지수곡선!$D$2:$D$150,L$2,INDEX(Calc_지수곡선!$G$2:$BN$150,0,$A41),">0",INDEX(Calc_지수곡선!$G$2:$BN$150,0,$A41),"<300"),"") -> 136.49085 | D41: =IFERROR(AVERAGEIFS(INDEX(Calc_지수곡선!$G$2:$BN$150,0,$A41),Calc_지수곡선!$D$2:$D$150,M$2,INDEX(Calc_지수곡선!$G$2:$BN$150,0,$A41),">0",INDEX(Calc_지수곡선!$G$2:$BN$150,0,$A41),"<300"),"") -> 140.28007 | E41: =IFERROR(AVERAGEIFS(INDEX(Calc_지수곡선!$G$2:$BN$150,0,$A41),Calc_지수곡선!$D$2:$D$150,N$2,INDEX(Calc_지수곡선!$G$2:$BN$150,0,$A41),">0",INDEX(Calc_지수곡선!$G$2:$BN$150,0,$A41),"<300"),"") -> 120.07503 | F41: =IFERROR((B41*G41+C41*H41+D41*I41)/(G41+H41+I41),"") -> 138.6411 | G41: =COUNTIFS(Calc_지수곡선!$D$2:$D$150,K$2,INDEX(Calc_지수곡선!$G$2:$BN$150,0,$A41),">0",INDEX(Calc_지수곡선!$G$2:$BN$150,0,$A41),"<300") -> 15 | H41: =COUNTIFS(Calc_지수곡선!$D$2:$D$150,L$2,INDEX(Calc_지수곡선!$G$2:$BN$150,0,$A41),">0",INDEX(Calc_지수곡선!$G$2:$BN$150,0,$A41),"<300") -> 27 | I41: =COUNTIFS(Calc_지수곡선!$D$2:$D$150,M$2,INDEX(Calc_지수곡선!$G$2:$BN$150,0,$A41),">0",INDEX(Calc_지수곡선!$G$2:$BN$150,0,$A41),"<300") -> 23 | J41: =COUNTIFS(Calc_지수곡선!$D$2:$D$150,N$2,INDEX(Calc_지수곡선!$G$2:$BN$150,0,$A41),">0",INDEX(Calc_지수곡선!$G$2:$BN$150,0,$A41),"<300") -> 11 | L41: (참고용)
A42: 40 | B42: =IFERROR(AVERAGEIFS(INDEX(Calc_지수곡선!$G$2:$BN$150,0,$A42),Calc_지수곡선!$D$2:$D$150,K$2,INDEX(Calc_지수곡선!$G$2:$BN$150,0,$A42),">0",INDEX(Calc_지수곡선!$G$2:$BN$150,0,$A42),"<300"),"") -> 150.35333 | C42: =IFERROR(AVERAGEIFS(INDEX(Calc_지수곡선!$G$2:$BN$150,0,$A42),Calc_지수곡선!$D$2:$D$150,L$2,INDEX(Calc_지수곡선!$G$2:$BN$150,0,$A42),">0",INDEX(Calc_지수곡선!$G$2:$BN$150,0,$A42),"<300"),"") -> 135.99045 | D42: =IFERROR(AVERAGEIFS(INDEX(Calc_지수곡선!$G$2:$BN$150,0,$A42),Calc_지수곡선!$D$2:$D$150,M$2,INDEX(Calc_지수곡선!$G$2:$BN$150,0,$A42),">0",INDEX(Calc_지수곡선!$G$2:$BN$150,0,$A42),"<300"),"") -> 134.68373 | E42: =IFERROR(AVERAGEIFS(INDEX(Calc_지수곡선!$G$2:$BN$150,0,$A42),Calc_지수곡선!$D$2:$D$150,N$2,INDEX(Calc_지수곡선!$G$2:$BN$150,0,$A42),">0",INDEX(Calc_지수곡선!$G$2:$BN$150,0,$A42),"<300"),"") -> 124.92206 | F42: =IFERROR((B42*G42+C42*H42+D42*I42)/(G42+H42+I42),"") -> 138.58012 | G42: =COUNTIFS(Calc_지수곡선!$D$2:$D$150,K$2,INDEX(Calc_지수곡선!$G$2:$BN$150,0,$A42),">0",INDEX(Calc_지수곡선!$G$2:$BN$150,0,$A42),"<300") -> 13 | H42: =COUNTIFS(Calc_지수곡선!$D$2:$D$150,L$2,INDEX(Calc_지수곡선!$G$2:$BN$150,0,$A42),">0",INDEX(Calc_지수곡선!$G$2:$BN$150,0,$A42),"<300") -> 26 | I42: =COUNTIFS(Calc_지수곡선!$D$2:$D$150,M$2,INDEX(Calc_지수곡선!$G$2:$BN$150,0,$A42),">0",INDEX(Calc_지수곡선!$G$2:$BN$150,0,$A42),"<300") -> 22 | J42: =COUNTIFS(Calc_지수곡선!$D$2:$D$150,N$2,INDEX(Calc_지수곡선!$G$2:$BN$150,0,$A42),">0",INDEX(Calc_지수곡선!$G$2:$BN$150,0,$A42),"<300") -> 11 | L42: 구간별 선형기울기 — 오픈 1개월차부터 포함 (신규 매장 초기실적 적용용)
A43: 41 | B43: =IFERROR(AVERAGEIFS(INDEX(Calc_지수곡선!$G$2:$BN$150,0,$A43),Calc_지수곡선!$D$2:$D$150,K$2,INDEX(Calc_지수곡선!$G$2:$BN$150,0,$A43),">0",INDEX(Calc_지수곡선!$G$2:$BN$150,0,$A43),"<300"),"") -> 156.99461 | C43: =IFERROR(AVERAGEIFS(INDEX(Calc_지수곡선!$G$2:$BN$150,0,$A43),Calc_지수곡선!$D$2:$D$150,L$2,INDEX(Calc_지수곡선!$G$2:$BN$150,0,$A43),">0",INDEX(Calc_지수곡선!$G$2:$BN$150,0,$A43),"<300"),"") -> 139.14053 | D43: =IFERROR(AVERAGEIFS(INDEX(Calc_지수곡선!$G$2:$BN$150,0,$A43),Calc_지수곡선!$D$2:$D$150,M$2,INDEX(Calc_지수곡선!$G$2:$BN$150,0,$A43),">0",INDEX(Calc_지수곡선!$G$2:$BN$150,0,$A43),"<300"),"") -> 138.1728 | E43: =IFERROR(AVERAGEIFS(INDEX(Calc_지수곡선!$G$2:$BN$150,0,$A43),Calc_지수곡선!$D$2:$D$150,N$2,INDEX(Calc_지수곡선!$G$2:$BN$150,0,$A43),">0",INDEX(Calc_지수곡선!$G$2:$BN$150,0,$A43),"<300"),"") -> 122.3572 | F43: =IFERROR((B43*G43+C43*H43+D43*I43)/(G43+H43+I43),"") -> 142.34038 | G43: =COUNTIFS(Calc_지수곡선!$D$2:$D$150,K$2,INDEX(Calc_지수곡선!$G$2:$BN$150,0,$A43),">0",INDEX(Calc_지수곡선!$G$2:$BN$150,0,$A43),"<300") -> 12 | H43: =COUNTIFS(Calc_지수곡선!$D$2:$D$150,L$2,INDEX(Calc_지수곡선!$G$2:$BN$150,0,$A43),">0",INDEX(Calc_지수곡선!$G$2:$BN$150,0,$A43),"<300") -> 25 | I43: =COUNTIFS(Calc_지수곡선!$D$2:$D$150,M$2,INDEX(Calc_지수곡선!$G$2:$BN$150,0,$A43),">0",INDEX(Calc_지수곡선!$G$2:$BN$150,0,$A43),"<300") -> 23 | J43: =COUNTIFS(Calc_지수곡선!$D$2:$D$150,N$2,INDEX(Calc_지수곡선!$G$2:$BN$150,0,$A43),">0",INDEX(Calc_지수곡선!$G$2:$BN$150,0,$A43),"<300") -> 11 | L43: 그룹 | M43: 기울기 m1-12 | N43: 기울기 m1-24 | O43: 기울기 m1-36 | P43: R² m1-12 | Q43: R² m1-24 | R43: R² m1-36
A44: 42 | B44: =IFERROR(AVERAGEIFS(INDEX(Calc_지수곡선!$G$2:$BN$150,0,$A44),Calc_지수곡선!$D$2:$D$150,K$2,INDEX(Calc_지수곡선!$G$2:$BN$150,0,$A44),">0",INDEX(Calc_지수곡선!$G$2:$BN$150,0,$A44),"<300"),"") -> 161.99938 | C44: =IFERROR(AVERAGEIFS(INDEX(Calc_지수곡선!$G$2:$BN$150,0,$A44),Calc_지수곡선!$D$2:$D$150,L$2,INDEX(Calc_지수곡선!$G$2:$BN$150,0,$A44),">0",INDEX(Calc_지수곡선!$G$2:$BN$150,0,$A44),"<300"),"") -> 142.07561 | D44: =IFERROR(AVERAGEIFS(INDEX(Calc_지수곡선!$G$2:$BN$150,0,$A44),Calc_지수곡선!$D$2:$D$150,M$2,INDEX(Calc_지수곡선!$G$2:$BN$150,0,$A44),">0",INDEX(Calc_지수곡선!$G$2:$BN$150,0,$A44),"<300"),"") -> 132.95175 | E44: =IFERROR(AVERAGEIFS(INDEX(Calc_지수곡선!$G$2:$BN$150,0,$A44),Calc_지수곡선!$D$2:$D$150,N$2,INDEX(Calc_지수곡선!$G$2:$BN$150,0,$A44),">0",INDEX(Calc_지수곡선!$G$2:$BN$150,0,$A44),"<300"),"") -> 122.26022 | F44: =IFERROR((B44*G44+C44*H44+D44*I44)/(G44+H44+I44),"") -> 142.57114 | G44: =COUNTIFS(Calc_지수곡선!$D$2:$D$150,K$2,INDEX(Calc_지수곡선!$G$2:$BN$150,0,$A44),">0",INDEX(Calc_지수곡선!$G$2:$BN$150,0,$A44),"<300") -> 12 | H44: =COUNTIFS(Calc_지수곡선!$D$2:$D$150,L$2,INDEX(Calc_지수곡선!$G$2:$BN$150,0,$A44),">0",INDEX(Calc_지수곡선!$G$2:$BN$150,0,$A44),"<300") -> 24 | I44: =COUNTIFS(Calc_지수곡선!$D$2:$D$150,M$2,INDEX(Calc_지수곡선!$G$2:$BN$150,0,$A44),">0",INDEX(Calc_지수곡선!$G$2:$BN$150,0,$A44),"<300") -> 23 | J44: =COUNTIFS(Calc_지수곡선!$D$2:$D$150,N$2,INDEX(Calc_지수곡선!$G$2:$BN$150,0,$A44),">0",INDEX(Calc_지수곡선!$G$2:$BN$150,0,$A44),"<300") -> 11 | L44: 그룹0 (경쟁0) | M44: =SLOPE(B$3:B$14,$A$3:$A$14) -> 3.326338 | N44: =SLOPE(B$3:B$26,$A$3:$A$26) -> 2.1140771 | O44: =SLOPE(B$3:B$38,$A$3:$A$38) -> 1.521571 | P44: =RSQ(B$3:B$14,$A$3:$A$14) -> 0.85841983 | Q44: =RSQ(B$3:B$26,$A$3:$A$26) -> 0.89014941 | R44: =RSQ(B$3:B$38,$A$3:$A$38) -> 0.86324842
A45: 43 | B45: =IFERROR(AVERAGEIFS(INDEX(Calc_지수곡선!$G$2:$BN$150,0,$A45),Calc_지수곡선!$D$2:$D$150,K$2,INDEX(Calc_지수곡선!$G$2:$BN$150,0,$A45),">0",INDEX(Calc_지수곡선!$G$2:$BN$150,0,$A45),"<300"),"") -> 158.09643 | C45: =IFERROR(AVERAGEIFS(INDEX(Calc_지수곡선!$G$2:$BN$150,0,$A45),Calc_지수곡선!$D$2:$D$150,L$2,INDEX(Calc_지수곡선!$G$2:$BN$150,0,$A45),">0",INDEX(Calc_지수곡선!$G$2:$BN$150,0,$A45),"<300"),"") -> 143.9637 | D45: =IFERROR(AVERAGEIFS(INDEX(Calc_지수곡선!$G$2:$BN$150,0,$A45),Calc_지수곡선!$D$2:$D$150,M$2,INDEX(Calc_지수곡선!$G$2:$BN$150,0,$A45),">0",INDEX(Calc_지수곡선!$G$2:$BN$150,0,$A45),"<300"),"") -> 132.46775 | E45: =IFERROR(AVERAGEIFS(INDEX(Calc_지수곡선!$G$2:$BN$150,0,$A45),Calc_지수곡선!$D$2:$D$150,N$2,INDEX(Calc_지수곡선!$G$2:$BN$150,0,$A45),">0",INDEX(Calc_지수곡선!$G$2:$BN$150,0,$A45),"<300"),"") -> 122.63489 | F45: =IFERROR((B45*G45+C45*H45+D45*I45)/(G45+H45+I45),"") -> 142.47587 | G45: =COUNTIFS(Calc_지수곡선!$D$2:$D$150,K$2,INDEX(Calc_지수곡선!$G$2:$BN$150,0,$A45),">0",INDEX(Calc_지수곡선!$G$2:$BN$150,0,$A45),"<300") -> 12 | H45: =COUNTIFS(Calc_지수곡선!$D$2:$D$150,L$2,INDEX(Calc_지수곡선!$G$2:$BN$150,0,$A45),">0",INDEX(Calc_지수곡선!$G$2:$BN$150,0,$A45),"<300") -> 22 | I45: =COUNTIFS(Calc_지수곡선!$D$2:$D$150,M$2,INDEX(Calc_지수곡선!$G$2:$BN$150,0,$A45),">0",INDEX(Calc_지수곡선!$G$2:$BN$150,0,$A45),"<300") -> 22 | J45: =COUNTIFS(Calc_지수곡선!$D$2:$D$150,N$2,INDEX(Calc_지수곡선!$G$2:$BN$150,0,$A45),">0",INDEX(Calc_지수곡선!$G$2:$BN$150,0,$A45),"<300") -> 10 | L45: 그룹1 (경쟁1) | M45: =SLOPE(C$3:C$14,$A$3:$A$14) -> 3.147802 | N45: =SLOPE(C$3:C$26,$A$3:$A$26) -> 1.7619613 | O45: =SLOPE(C$3:C$38,$A$3:$A$38) -> 1.3606984 | P45: =RSQ(C$3:C$14,$A$3:$A$14) -> 0.88908092 | Q45: =RSQ(C$3:C$26,$A$3:$A$26) -> 0.86335846 | R45: =RSQ(C$3:C$38,$A$3:$A$38) -> 0.89127552
A46: 44 | B46: =IFERROR(AVERAGEIFS(INDEX(Calc_지수곡선!$G$2:$BN$150,0,$A46),Calc_지수곡선!$D$2:$D$150,K$2,INDEX(Calc_지수곡선!$G$2:$BN$150,0,$A46),">0",INDEX(Calc_지수곡선!$G$2:$BN$150,0,$A46),"<300"),"") -> 153.98411 | C46: =IFERROR(AVERAGEIFS(INDEX(Calc_지수곡선!$G$2:$BN$150,0,$A46),Calc_지수곡선!$D$2:$D$150,L$2,INDEX(Calc_지수곡선!$G$2:$BN$150,0,$A46),">0",INDEX(Calc_지수곡선!$G$2:$BN$150,0,$A46),"<300"),"") -> 145.28225 | D46: =IFERROR(AVERAGEIFS(INDEX(Calc_지수곡선!$G$2:$BN$150,0,$A46),Calc_지수곡선!$D$2:$D$150,M$2,INDEX(Calc_지수곡선!$G$2:$BN$150,0,$A46),">0",INDEX(Calc_지수곡선!$G$2:$BN$150,0,$A46),"<300"),"") -> 138.20306 | E46: =IFERROR(AVERAGEIFS(INDEX(Calc_지수곡선!$G$2:$BN$150,0,$A46),Calc_지수곡선!$D$2:$D$150,N$2,INDEX(Calc_지수곡선!$G$2:$BN$150,0,$A46),">0",INDEX(Calc_지수곡선!$G$2:$BN$150,0,$A46),"<300"),"") -> 123.3993 | F46: =IFERROR((B46*G46+C46*H46+D46*I46)/(G46+H46+I46),"") -> 144.40026 | G46: =COUNTIFS(Calc_지수곡선!$D$2:$D$150,K$2,INDEX(Calc_지수곡선!$G$2:$BN$150,0,$A46),">0",INDEX(Calc_지수곡선!$G$2:$BN$150,0,$A46),"<300") -> 11 | H46: =COUNTIFS(Calc_지수곡선!$D$2:$D$150,L$2,INDEX(Calc_지수곡선!$G$2:$BN$150,0,$A46),">0",INDEX(Calc_지수곡선!$G$2:$BN$150,0,$A46),"<300") -> 21 | I46: =COUNTIFS(Calc_지수곡선!$D$2:$D$150,M$2,INDEX(Calc_지수곡선!$G$2:$BN$150,0,$A46),">0",INDEX(Calc_지수곡선!$G$2:$BN$150,0,$A46),"<300") -> 20 | J46: =COUNTIFS(Calc_지수곡선!$D$2:$D$150,N$2,INDEX(Calc_지수곡선!$G$2:$BN$150,0,$A46),">0",INDEX(Calc_지수곡선!$G$2:$BN$150,0,$A46),"<300") -> 10 | L46: 그룹2 (경쟁2) | M46: =SLOPE(D$3:D$14,$A$3:$A$14) -> 3.8148584 | N46: =SLOPE(D$3:D$26,$A$3:$A$26) -> 1.7777144 | O46: =SLOPE(D$3:D$38,$A$3:$A$38) -> 1.3596663 | P46: =RSQ(D$3:D$14,$A$3:$A$14) -> 0.90940998 | Q46: =RSQ(D$3:D$26,$A$3:$A$26) -> 0.75333309 | R46: =RSQ(D$3:D$38,$A$3:$A$38) -> 0.82108043
A47: 45 | B47: =IFERROR(AVERAGEIFS(INDEX(Calc_지수곡선!$G$2:$BN$150,0,$A47),Calc_지수곡선!$D$2:$D$150,K$2,INDEX(Calc_지수곡선!$G$2:$BN$150,0,$A47),">0",INDEX(Calc_지수곡선!$G$2:$BN$150,0,$A47),"<300"),"") -> 148.68765 | C47: =IFERROR(AVERAGEIFS(INDEX(Calc_지수곡선!$G$2:$BN$150,0,$A47),Calc_지수곡선!$D$2:$D$150,L$2,INDEX(Calc_지수곡선!$G$2:$BN$150,0,$A47),">0",INDEX(Calc_지수곡선!$G$2:$BN$150,0,$A47),"<300"),"") -> 144.83796 | D47: =IFERROR(AVERAGEIFS(INDEX(Calc_지수곡선!$G$2:$BN$150,0,$A47),Calc_지수곡선!$D$2:$D$150,M$2,INDEX(Calc_지수곡선!$G$2:$BN$150,0,$A47),">0",INDEX(Calc_지수곡선!$G$2:$BN$150,0,$A47),"<300"),"") -> 136.96325 | E47: =IFERROR(AVERAGEIFS(INDEX(Calc_지수곡선!$G$2:$BN$150,0,$A47),Calc_지수곡선!$D$2:$D$150,N$2,INDEX(Calc_지수곡선!$G$2:$BN$150,0,$A47),">0",INDEX(Calc_지수곡선!$G$2:$BN$150,0,$A47),"<300"),"") -> 124.41773 | F47: =IFERROR((B47*G47+C47*H47+D47*I47)/(G47+H47+I47),"") -> 142.50975 | G47: =COUNTIFS(Calc_지수곡선!$D$2:$D$150,K$2,INDEX(Calc_지수곡선!$G$2:$BN$150,0,$A47),">0",INDEX(Calc_지수곡선!$G$2:$BN$150,0,$A47),"<300") -> 9 | H47: =COUNTIFS(Calc_지수곡선!$D$2:$D$150,L$2,INDEX(Calc_지수곡선!$G$2:$BN$150,0,$A47),">0",INDEX(Calc_지수곡선!$G$2:$BN$150,0,$A47),"<300") -> 19 | I47: =COUNTIFS(Calc_지수곡선!$D$2:$D$150,M$2,INDEX(Calc_지수곡선!$G$2:$BN$150,0,$A47),">0",INDEX(Calc_지수곡선!$G$2:$BN$150,0,$A47),"<300") -> 18 | J47: =COUNTIFS(Calc_지수곡선!$D$2:$D$150,N$2,INDEX(Calc_지수곡선!$G$2:$BN$150,0,$A47),">0",INDEX(Calc_지수곡선!$G$2:$BN$150,0,$A47),"<300") -> 10 | L47: 그룹3+ (경쟁3+) | M47: =SLOPE(E$3:E$14,$A$3:$A$14) -> 2.8049305 | N47: =SLOPE(E$3:E$26,$A$3:$A$26) -> 1.6911143 | O47: =SLOPE(E$3:E$38,$A$3:$A$38) -> 1.0243514 | P47: =RSQ(E$3:E$14,$A$3:$A$14) -> 0.92671108 | Q47: =RSQ(E$3:E$26,$A$3:$A$26) -> 0.88838138 | R47: =RSQ(E$3:E$38,$A$3:$A$38) -> 0.75760818
A48: 46 | B48: =IFERROR(AVERAGEIFS(INDEX(Calc_지수곡선!$G$2:$BN$150,0,$A48),Calc_지수곡선!$D$2:$D$150,K$2,INDEX(Calc_지수곡선!$G$2:$BN$150,0,$A48),">0",INDEX(Calc_지수곡선!$G$2:$BN$150,0,$A48),"<300"),"") -> 151.86816 | C48: =IFERROR(AVERAGEIFS(INDEX(Calc_지수곡선!$G$2:$BN$150,0,$A48),Calc_지수곡선!$D$2:$D$150,L$2,INDEX(Calc_지수곡선!$G$2:$BN$150,0,$A48),">0",INDEX(Calc_지수곡선!$G$2:$BN$150,0,$A48),"<300"),"") -> 151.03039 | D48: =IFERROR(AVERAGEIFS(INDEX(Calc_지수곡선!$G$2:$BN$150,0,$A48),Calc_지수곡선!$D$2:$D$150,M$2,INDEX(Calc_지수곡선!$G$2:$BN$150,0,$A48),">0",INDEX(Calc_지수곡선!$G$2:$BN$150,0,$A48),"<300"),"") -> 130.40765 | E48: =IFERROR(AVERAGEIFS(INDEX(Calc_지수곡선!$G$2:$BN$150,0,$A48),Calc_지수곡선!$D$2:$D$150,N$2,INDEX(Calc_지수곡선!$G$2:$BN$150,0,$A48),">0",INDEX(Calc_지수곡선!$G$2:$BN$150,0,$A48),"<300"),"") -> 123.01528 | F48: =IFERROR((B48*G48+C48*H48+D48*I48)/(G48+H48+I48),"") -> 143.70257 | G48: =COUNTIFS(Calc_지수곡선!$D$2:$D$150,K$2,INDEX(Calc_지수곡선!$G$2:$BN$150,0,$A48),">0",INDEX(Calc_지수곡선!$G$2:$BN$150,0,$A48),"<300") -> 9 | H48: =COUNTIFS(Calc_지수곡선!$D$2:$D$150,L$2,INDEX(Calc_지수곡선!$G$2:$BN$150,0,$A48),">0",INDEX(Calc_지수곡선!$G$2:$BN$150,0,$A48),"<300") -> 19 | I48: =COUNTIFS(Calc_지수곡선!$D$2:$D$150,M$2,INDEX(Calc_지수곡선!$G$2:$BN$150,0,$A48),">0",INDEX(Calc_지수곡선!$G$2:$BN$150,0,$A48),"<300") -> 16 | J48: =COUNTIFS(Calc_지수곡선!$D$2:$D$150,N$2,INDEX(Calc_지수곡선!$G$2:$BN$150,0,$A48),">0",INDEX(Calc_지수곡선!$G$2:$BN$150,0,$A48),"<300") -> 10 | L48: 평균 (그룹3+ 제외) | M48: =AVERAGE(M44:M46) -> 3.4296661 | N48: =AVERAGE(N44:N46) -> 1.8845843 | O48: =AVERAGE(O44:O46) -> 1.4139785 | P48: =AVERAGE(P44:P46) -> 0.88563691 | Q48: =AVERAGE(Q44:Q46) -> 0.83561365 | R48: =AVERAGE(R44:R46) -> 0.85853479
A49: 47 | B49: =IFERROR(AVERAGEIFS(INDEX(Calc_지수곡선!$G$2:$BN$150,0,$A49),Calc_지수곡선!$D$2:$D$150,K$2,INDEX(Calc_지수곡선!$G$2:$BN$150,0,$A49),">0",INDEX(Calc_지수곡선!$G$2:$BN$150,0,$A49),"<300"),"") -> 143.41707 | C49: =IFERROR(AVERAGEIFS(INDEX(Calc_지수곡선!$G$2:$BN$150,0,$A49),Calc_지수곡선!$D$2:$D$150,L$2,INDEX(Calc_지수곡선!$G$2:$BN$150,0,$A49),">0",INDEX(Calc_지수곡선!$G$2:$BN$150,0,$A49),"<300"),"") -> 149.44659 | D49: =IFERROR(AVERAGEIFS(INDEX(Calc_지수곡선!$G$2:$BN$150,0,$A49),Calc_지수곡선!$D$2:$D$150,M$2,INDEX(Calc_지수곡선!$G$2:$BN$150,0,$A49),">0",INDEX(Calc_지수곡선!$G$2:$BN$150,0,$A49),"<300"),"") -> 132.20882 | E49: =IFERROR(AVERAGEIFS(INDEX(Calc_지수곡선!$G$2:$BN$150,0,$A49),Calc_지수곡선!$D$2:$D$150,N$2,INDEX(Calc_지수곡선!$G$2:$BN$150,0,$A49),">0",INDEX(Calc_지수곡선!$G$2:$BN$150,0,$A49),"<300"),"") -> 125.16824 | F49: =IFERROR((B49*G49+C49*H49+D49*I49)/(G49+H49+I49),"") -> 142.23697 | G49: =COUNTIFS(Calc_지수곡선!$D$2:$D$150,K$2,INDEX(Calc_지수곡선!$G$2:$BN$150,0,$A49),">0",INDEX(Calc_지수곡선!$G$2:$BN$150,0,$A49),"<300") -> 9 | H49: =COUNTIFS(Calc_지수곡선!$D$2:$D$150,L$2,INDEX(Calc_지수곡선!$G$2:$BN$150,0,$A49),">0",INDEX(Calc_지수곡선!$G$2:$BN$150,0,$A49),"<300") -> 18 | I49: =COUNTIFS(Calc_지수곡선!$D$2:$D$150,M$2,INDEX(Calc_지수곡선!$G$2:$BN$150,0,$A49),">0",INDEX(Calc_지수곡선!$G$2:$BN$150,0,$A49),"<300") -> 14 | J49: =COUNTIFS(Calc_지수곡선!$D$2:$D$150,N$2,INDEX(Calc_지수곡선!$G$2:$BN$150,0,$A49),">0",INDEX(Calc_지수곡선!$G$2:$BN$150,0,$A49),"<300") -> 9 | L49: ※ 기울기=월당 지수 증가폭(지수 100=오픈 4~9개월 평균). m1부터 포함하면 램프업 급상승이 섞여 구간이 짧을수록 기울기가 큼 — 동일 구간 예상에만 사용하고 장기 외삽은 금지.
A50: 48 | B50: =IFERROR(AVERAGEIFS(INDEX(Calc_지수곡선!$G$2:$BN$150,0,$A50),Calc_지수곡선!$D$2:$D$150,K$2,INDEX(Calc_지수곡선!$G$2:$BN$150,0,$A50),">0",INDEX(Calc_지수곡선!$G$2:$BN$150,0,$A50),"<300"),"") -> 141.12112 | C50: =IFERROR(AVERAGEIFS(INDEX(Calc_지수곡선!$G$2:$BN$150,0,$A50),Calc_지수곡선!$D$2:$D$150,L$2,INDEX(Calc_지수곡선!$G$2:$BN$150,0,$A50),">0",INDEX(Calc_지수곡선!$G$2:$BN$150,0,$A50),"<300"),"") -> 146.04131 | D50: =IFERROR(AVERAGEIFS(INDEX(Calc_지수곡선!$G$2:$BN$150,0,$A50),Calc_지수곡선!$D$2:$D$150,M$2,INDEX(Calc_지수곡선!$G$2:$BN$150,0,$A50),">0",INDEX(Calc_지수곡선!$G$2:$BN$150,0,$A50),"<300"),"") -> 132.11058 | E50: =IFERROR(AVERAGEIFS(INDEX(Calc_지수곡선!$G$2:$BN$150,0,$A50),Calc_지수곡선!$D$2:$D$150,N$2,INDEX(Calc_지수곡선!$G$2:$BN$150,0,$A50),">0",INDEX(Calc_지수곡선!$G$2:$BN$150,0,$A50),"<300"),"") -> 124.43554 | F50: =IFERROR((B50*G50+C50*H50+D50*I50)/(G50+H50+I50),"") -> 140.40678 | G50: =COUNTIFS(Calc_지수곡선!$D$2:$D$150,K$2,INDEX(Calc_지수곡선!$G$2:$BN$150,0,$A50),">0",INDEX(Calc_지수곡선!$G$2:$BN$150,0,$A50),"<300") -> 9 | H50: =COUNTIFS(Calc_지수곡선!$D$2:$D$150,L$2,INDEX(Calc_지수곡선!$G$2:$BN$150,0,$A50),">0",INDEX(Calc_지수곡선!$G$2:$BN$150,0,$A50),"<300") -> 18 | I50: =COUNTIFS(Calc_지수곡선!$D$2:$D$150,M$2,INDEX(Calc_지수곡선!$G$2:$BN$150,0,$A50),">0",INDEX(Calc_지수곡선!$G$2:$BN$150,0,$A50),"<300") -> 13 | J50: =COUNTIFS(Calc_지수곡선!$D$2:$D$150,N$2,INDEX(Calc_지수곡선!$G$2:$BN$150,0,$A50),">0",INDEX(Calc_지수곡선!$G$2:$BN$150,0,$A50),"<300") -> 9 | L50: ※ 평균(그룹3+ 제외)은 그룹0·1·2 기울기의 단순평균(매장수 가중 아님). 그룹3+는 m1-36 R² 0.16으로 직선 회귀를 적용하기 어려움(m18~24 정점 후 역성장).
A52: 경쟁강도별 성장곡선 — 핵심 인사이트
A53: 기준=오픈 4~9개월 평균=100 · 할인 60일은 전 매장 공통(그룹 간 비교 유효) · 신뢰구간: 전 그룹 24개월, 경쟁0·1·2는 36개월까지
A55: 1. 공통 패턴: 오픈 약 6개월차에 기준선(100) 도달 — m1 66~76 → m3 88~90 → m6 약 100 | L55: 오픈 초기 실적 기반 매출 예측 테이블 (성장곡선 적용)
A56: ="2. 초기 출발은 고경쟁 입지가 빠름 — m1차 경쟁3+ "&TEXT(E3,"0")&" vs 경쟁0 "&TEXT(B3,"0")&" (유동인구 많은 상권 효과)" -> 2. 초기 출발은 고경쟁 입지가 빠름 — m1차 경쟁3+ 78 vs 경쟁0 68 (유동인구 많은 상권 효과) | L56: ① 입력값 (파란 셀만 수정)
A57: ="3. 장기 우상향(2년·3년): 경쟁0 "&TEXT(B26,"0")&"·"&TEXT(B38,"0")&" / 경쟁1 "&TEXT(C26,"0")&"·"&TEXT(C38,"0")&" / 경쟁2 "&TEXT(D26,"0")&"·"&TEXT(D38,"0")&" — 지속 성장" -> 3. 장기 우상향(2년·3년): 경쟁0 126·139 / 경쟁1 121·138 / 경쟁2 118·133 — 지속 성장 | L57: 적용 그룹 (0 / 1 / 2 / 3+ / 평균) | M57: 평균
A58: ="4. 경쟁3+는 m18~24 정점("&TEXT(E20,"0")&"~"&TEXT(E26,"0")&") 후 역성장 (m30 "&TEXT(E32,"0")&", m36 "&TEXT(E38,"0")&") — 2년차 정체·잠식" -> 4. 경쟁3+는 m18~24 정점(119~128) 후 역성장 (m30 119, m36 126) — 2년차 정체·잠식 | L58: 지점 선택 | M58: (1114) #관악초등점
A59: 5. 시사점: 경쟁 0~2개 입지는 3~4년 성장 지속, 경쟁 3개+ 입지는 2년차 이후 꺾임 → 출점심사 강화 및 고경쟁 입지 리텐션 전략 필요 | L59: 오픈일 (자동) | M59: =IFERROR(INDEX(세팅!$C$3:$C$151,MATCH($M$58,세팅!$A$3:$A$151,0)),"") -> 45475
A60: ※ 할인이 전 매장 동일(60일)해 초기 매출에 가격할인 효과가 공통 반영됨 → 그룹 간 비교는 유효, 단 초기 절대수준은 실수요보다 낮게 표시됨 | L60: 시즈널지수 반영 (Y/N) | M60: Y
A61: ※ 2026-07 갱신: 매출 원천을 Raw_매출(2021-06이후)에서 RAW_매출A(2015년~전기간)로 교체. 2021-06 이전 오픈 지점이 전부 포함되면서 표본수와 곱선값이 변경됨. | L61: ② 보유 실적 입력 (기준레벨 역산)
A62: 표본수(n) 신뢰도 음영 기준 (G:J = 그룹별 개월차 매장 수) | L62: 구분 | M62: 오픈후개월(m) | N62: 실매출 | O62: 시즈널지수 | P62: 탈시즈널 매출 | Q62: 그룹 곡선지수 | R62: 환산 기준매출(지수100) | S62: 역산 사용(Y/N) | T62: 해당 연월
A63: n ≥ 30 | B63: 견고 — 평균 안정, 결론 내려도 됨 | L63: M0 (오픈달) | M63: 제외 | N63: =IF($M$58="","",IF(SUMIFS(RAW_매출A!$J$2:$J$7000,RAW_매출A!$B$2:$B$7000,$M$58,RAW_매출A!$A$2:$A$7000,EOMONTH($M$59,-1)+1)=0,"",SUMIFS(RAW_매출A!$J$2:$J$7000,RAW_매출A!$B$2:$B$7000,$M$58,RAW_매출A!$A$2:$A$7000,EOMONTH($M$59,-1)+1))) -> 3077310 | O63: {=IF(OR($M$60<>"Y",$M$59=""),"-",INDEX(요약_월별시즈널리티!$F$7:$F$18,MONTH($M$59)))} -> 104.67865 | P63: - | Q63: - | R63: - | S63: - | T63: =IF($M$59="","-",$M$59) -> 45475
A64: 15 ~ 29 | B64: 주의 — 사용 가능하나 신뢰구간 넓음 | L64: M1 (오픈 다음달) | M64: 1 | N64: =IF($M$58="","",IF(SUMIFS(RAW_매출A!$J$2:$J$7000,RAW_매출A!$B$2:$B$7000,$M$58,RAW_매출A!$A$2:$A$7000,EDATE(EOMONTH($M$59,-1)+1,$M64))=0,"",SUMIFS(RAW_매출A!$J$2:$J$7000,RAW_매출A!$B$2:$B$7000,$M$58,RAW_매출A!$A$2:$A$7000,EDATE(EOMONTH($M$59,-1)+1,$M64)))) -> 2750840 | O64: {=IF(OR($M$60<>"Y",$M$59=""),100,INDEX(요약_월별시즈널리티!$F$7:$F$18,MONTH(EDATE($M$59,$M64))))} -> 102.04522 | P64: =IF($N64="","",N64/(O64/100)) -> 2695706.9 | Q64: {=IF($M$57="평균",AVERAGE(INDEX($B$3:$D$48,$M64,0)),INDEX($B$3:$E$48,$M64,MATCH("그룹"&$M$57&"*",$B$2:$E$2,0)))} -> 68.932794 | R64: =IF($N64="","",P64/Q64*100) -> 3910630.6 | S64: Y | T64: =IF($M$59="","-",EDATE($M$59,$M64)) -> 45506
A65: 10 ~ 14 | B65: 참고 — 매장 1~2곳 변동에 민감 | L65: M2 | M65: 2 | N65: =IF($M$58="","",IF(SUMIFS(RAW_매출A!$J$2:$J$7000,RAW_매출A!$B$2:$B$7000,$M$58,RAW_매출A!$A$2:$A$7000,EDATE(EOMONTH($M$59,-1)+1,$M65))=0,"",SUMIFS(RAW_매출A!$J$2:$J$7000,RAW_매출A!$B$2:$B$7000,$M$58,RAW_매출A!$A$2:$A$7000,EDATE(EOMONTH($M$59,-1)+1,$M65)))) -> 3071780 | O65: {=IF(OR($M$60<>"Y",$M$59=""),100,INDEX(요약_월별시즈널리티!$F$7:$F$18,MONTH(EDATE($M$59,$M65))))} -> 100.12358 | P65: =IF($N65="","",N65/(O65/100)) -> 3067988.6 | Q65: {=IF($M$57="평균",AVERAGE(INDEX($B$3:$D$48,$M65,0)),INDEX($B$3:$E$48,$M65,MATCH("그룹"&$M$57&"*",$B$2:$E$2,0)))} -> 78.859076 | R65: =IF($N65="","",P65/Q65*100) -> 3890469.8 | S65: Y | T65: =IF($M$59="","-",EDATE($M$59,$M65)) -> 45537
A66: < 10 | B66: 일화적 — 방향성만, 수치 단정 금지 | L66: M3 | M66: 3 | N66: =IF($M$58="","",IF(SUMIFS(RAW_매출A!$J$2:$J$7000,RAW_매출A!$B$2:$B$7000,$M$58,RAW_매출A!$A$2:$A$7000,EDATE(EOMONTH($M$59,-1)+1,$M66))=0,"",SUMIFS(RAW_매출A!$J$2:$J$7000,RAW_매출A!$B$2:$B$7000,$M$58,RAW_매출A!$A$2:$A$7000,EDATE(EOMONTH($M$59,-1)+1,$M66)))) -> 3668450 | O66: {=IF(OR($M$60<>"Y",$M$59=""),100,INDEX(요약_월별시즈널리티!$F$7:$F$18,MONTH(EDATE($M$59,$M66))))} -> 115.59456 | P66: =IF($N66="","",N66/(O66/100)) -> 3173548.9 | Q66: {=IF($M$57="평균",AVERAGE(INDEX($B$3:$D$48,$M66,0)),INDEX($B$3:$E$48,$M66,MATCH("그룹"&$M$57&"*",$B$2:$E$2,0)))} -> 88.431336 | R66: =IF($N66="","",P66/Q66*100) -> 3588715.3 | S66: Y | T66: =IF($M$59="","-",EDATE($M$59,$M66)) -> 45567
L67: M4 | M67: 4 | N67: =IF($M$58="","",IF(SUMIFS(RAW_매출A!$J$2:$J$7000,RAW_매출A!$B$2:$B$7000,$M$58,RAW_매출A!$A$2:$A$7000,EDATE(EOMONTH($M$59,-1)+1,$M67))=0,"",SUMIFS(RAW_매출A!$J$2:$J$7000,RAW_매출A!$B$2:$B$7000,$M$58,RAW_매출A!$A$2:$A$7000,EDATE(EOMONTH($M$59,-1)+1,$M67)))) -> 3540350 | O67: {=IF(OR($M$60<>"Y",$M$59=""),100,INDEX(요약_월별시즈널리티!$F$7:$F$18,MONTH(EDATE($M$59,$M67))))} -> 104.11252 | P67: =IF($N67="","",N67/(O67/100)) -> 3400503.8 | Q67: {=IF($M$57="평균",AVERAGE(INDEX($B$3:$D$48,$M67,0)),INDEX($B$3:$E$48,$M67,MATCH("그룹"&$M$57&"*",$B$2:$E$2,0)))} -> 92.818896 | R67: =IF($N67="","",P67/Q67*100) -> 3663590 | S67: Y | T67: =IF($M$59="","-",EDATE($M$59,$M67)) -> 45598
L68: M5 | M68: 5 | N68: =IF($M$58="","",IF(SUMIFS(RAW_매출A!$J$2:$J$7000,RAW_매출A!$B$2:$B$7000,$M$58,RAW_매출A!$A$2:$A$7000,EDATE(EOMONTH($M$59,-1)+1,$M68))=0,"",SUMIFS(RAW_매출A!$J$2:$J$7000,RAW_매출A!$B$2:$B$7000,$M$58,RAW_매출A!$A$2:$A$7000,EDATE(EOMONTH($M$59,-1)+1,$M68)))) -> 3806250 | O68: {=IF(OR($M$60<>"Y",$M$59=""),100,INDEX(요약_월별시즈널리티!$F$7:$F$18,MONTH(EDATE($M$59,$M68))))} -> 103.33184 | P68: =IF($N68="","",N68/(O68/100)) -> 3683520.9 | Q68: {=IF($M$57="평균",AVERAGE(INDEX($B$3:$D$48,$M68,0)),INDEX($B$3:$E$48,$M68,MATCH("그룹"&$M$57&"*",$B$2:$E$2,0)))} -> 96.602452 | R68: =IF($N68="","",P68/Q68*100) -> 3813071.9 | S68: Y | T68: =IF($M$59="","-",EDATE($M$59,$M68)) -> 45628
L69: M6 | M69: 6 | N69: =IF($M$58="","",IF(SUMIFS(RAW_매출A!$J$2:$J$7000,RAW_매출A!$B$2:$B$7000,$M$58,RAW_매출A!$A$2:$A$7000,EDATE(EOMONTH($M$59,-1)+1,$M69))=0,"",SUMIFS(RAW_매출A!$J$2:$J$7000,RAW_매출A!$B$2:$B$7000,$M$58,RAW_매출A!$A$2:$A$7000,EDATE(EOMONTH($M$59,-1)+1,$M69)))) -> 3604700 | O69: {=IF(OR($M$60<>"Y",$M$59=""),100,INDEX(요약_월별시즈널리티!$F$7:$F$18,MONTH(EDATE($M$59,$M69))))} -> 91.030317 | P69: =IF($N69="","",N69/(O69/100)) -> 3959889.6 | Q69: {=IF($M$57="평균",AVERAGE(INDEX($B$3:$D$48,$M69,0)),INDEX($B$3:$E$48,$M69,MATCH("그룹"&$M$57&"*",$B$2:$E$2,0)))} -> 99.244611 | R69: =IF($N69="","",P69/Q69*100) -> 3990029.8 | S69: Y | T69: =IF($M$59="","-",EDATE($M$59,$M69)) -> 45659
L70: M7 | M70: 7 | N70: =IF($M$58="","",IF(SUMIFS(RAW_매출A!$J$2:$J$7000,RAW_매출A!$B$2:$B$7000,$M$58,RAW_매출A!$A$2:$A$7000,EDATE(EOMONTH($M$59,-1)+1,$M70))=0,"",SUMIFS(RAW_매출A!$J$2:$J$7000,RAW_매출A!$B$2:$B$7000,$M$58,RAW_매출A!$A$2:$A$7000,EDATE(EOMONTH($M$59,-1)+1,$M70)))) -> 3400450 | O70: {=IF(OR($M$60<>"Y",$M$59=""),100,INDEX(요약_월별시즈널리티!$F$7:$F$18,MONTH(EDATE($M$59,$M70))))} -> 84.287776 | P70: =IF($N70="","",N70/(O70/100)) -> 4034333.5 | Q70: {=IF($M$57="평균",AVERAGE(INDEX($B$3:$D$48,$M70,0)),INDEX($B$3:$E$48,$M70,MATCH("그룹"&$M$57&"*",$B$2:$E$2,0)))} -> 103.01845 | R70: =IF($N70="","",P70/Q70*100) -> 3916127.1 | S70: Y | T70: =IF($M$59="","-",EDATE($M$59,$M70)) -> 45690
L71: M8 | M71: 8 | N71: =IF($M$58="","",IF(SUMIFS(RAW_매출A!$J$2:$J$7000,RAW_매출A!$B$2:$B$7000,$M$58,RAW_매출A!$A$2:$A$7000,EDATE(EOMONTH($M$59,-1)+1,$M71))=0,"",SUMIFS(RAW_매출A!$J$2:$J$7000,RAW_매출A!$B$2:$B$7000,$M$58,RAW_매출A!$A$2:$A$7000,EDATE(EOMONTH($M$59,-1)+1,$M71)))) -> 4334750 | O71: {=IF(OR($M$60<>"Y",$M$59=""),100,INDEX(요약_월별시즈널리티!$F$7:$F$18,MONTH(EDATE($M$59,$M71))))} -> 97.171601 | P71: =IF($N71="","",N71/(O71/100)) -> 4460922.7 | Q71: {=IF($M$57="평균",AVERAGE(INDEX($B$3:$D$48,$M71,0)),INDEX($B$3:$E$48,$M71,MATCH("그룹"&$M$57&"*",$B$2:$E$2,0)))} -> 103.0346 | R71: =IF($N71="","",P71/Q71*100) -> 4329538.7 | S71: Y | T71: =IF($M$59="","-",EDATE($M$59,$M71)) -> 45718
L72: M9 | M72: 9 | N72: =IF($M$58="","",IF(SUMIFS(RAW_매출A!$J$2:$J$7000,RAW_매출A!$B$2:$B$7000,$M$58,RAW_매출A!$A$2:$A$7000,EDATE(EOMONTH($M$59,-1)+1,$M72))=0,"",SUMIFS(RAW_매출A!$J$2:$J$7000,RAW_매출A!$B$2:$B$7000,$M$58,RAW_매출A!$A$2:$A$7000,EDATE(EOMONTH($M$59,-1)+1,$M72)))) -> 4359050 | O72: {=IF(OR($M$60<>"Y",$M$59=""),100,INDEX(요약_월별시즈널리티!$F$7:$F$18,MONTH(EDATE($M$59,$M72))))} -> 96.499915 | P72: =IF($N72="","",N72/(O72/100)) -> 4517154.2 | Q72: {=IF($M$57="평균",AVERAGE(INDEX($B$3:$D$48,$M72,0)),INDEX($B$3:$E$48,$M72,MATCH("그룹"&$M$57&"*",$B$2:$E$2,0)))} -> 105.51792 | R72: =IF($N72="","",P72/Q72*100) -> 4280935.6 | S72: Y | T72: =IF($M$59="","-",EDATE($M$59,$M72)) -> 45749
L73: M10 | M73: 10 | N73: =IF($M$58="","",IF(SUMIFS(RAW_매출A!$J$2:$J$7000,RAW_매출A!$B$2:$B$7000,$M$58,RAW_매출A!$A$2:$A$7000,EDATE(EOMONTH($M$59,-1)+1,$M73))=0,"",SUMIFS(RAW_매출A!$J$2:$J$7000,RAW_매출A!$B$2:$B$7000,$M$58,RAW_매출A!$A$2:$A$7000,EDATE(EOMONTH($M$59,-1)+1,$M73)))) -> 4741550 | O73: {=IF(OR($M$60<>"Y",$M$59=""),100,INDEX(요약_월별시즈널리티!$F$7:$F$18,MONTH(EDATE($M$59,$M73))))} -> 105.36696 | P73: =IF($N73="","",N73/(O73/100)) -> 4500034.8 | Q73: {=IF($M$57="평균",AVERAGE(INDEX($B$3:$D$48,$M73,0)),INDEX($B$3:$E$48,$M73,MATCH("그룹"&$M$57&"*",$B$2:$E$2,0)))} -> 107.97055 | R73: =IF($N73="","",P73/Q73*100) -> 4167835.5 | S73: Y | T73: =IF($M$59="","-",EDATE($M$59,$M73)) -> 45779
L74: M11 | M74: 11 | N74: =IF($M$58="","",IF(SUMIFS(RAW_매출A!$J$2:$J$7000,RAW_매출A!$B$2:$B$7000,$M$58,RAW_매출A!$A$2:$A$7000,EDATE(EOMONTH($M$59,-1)+1,$M74))=0,"",SUMIFS(RAW_매출A!$J$2:$J$7000,RAW_매출A!$B$2:$B$7000,$M$58,RAW_매출A!$A$2:$A$7000,EDATE(EOMONTH($M$59,-1)+1,$M74)))) -> 5646500 | O74: {=IF(OR($M$60<>"Y",$M$59=""),100,INDEX(요약_월별시즈널리티!$F$7:$F$18,MONTH(EDATE($M$59,$M74))))} -> 102.78469 | P74: =IF($N74="","",N74/(O74/100)) -> 5493522.6 | Q74: {=IF($M$57="평균",AVERAGE(INDEX($B$3:$D$48,$M74,0)),INDEX($B$3:$E$48,$M74,MATCH("그룹"&$M$57&"*",$B$2:$E$2,0)))} -> 110.19663 | R74: =IF($N74="","",P74/Q74*100) -> 4985200 | S74: Y | T74: =IF($M$59="","-",EDATE($M$59,$M74)) -> 45810
L75: M12 | M75: 12 | N75: =IF($M$58="","",IF(SUMIFS(RAW_매출A!$J$2:$J$7000,RAW_매출A!$B$2:$B$7000,$M$58,RAW_매출A!$A$2:$A$7000,EDATE(EOMONTH($M$59,-1)+1,$M75))=0,"",SUMIFS(RAW_매출A!$J$2:$J$7000,RAW_매출A!$B$2:$B$7000,$M$58,RAW_매출A!$A$2:$A$7000,EDATE(EOMONTH($M$59,-1)+1,$M75)))) -> 4833600 | O75: {=IF(OR($M$60<>"Y",$M$59=""),100,INDEX(요약_월별시즈널리티!$F$7:$F$18,MONTH(EDATE($M$59,$M75))))} -> 104.67865 | P75: =IF($N75="","",N75/(O75/100)) -> 4617560.5 | Q75: {=IF($M$57="평균",AVERAGE(INDEX($B$3:$D$48,$M75,0)),INDEX($B$3:$E$48,$M75,MATCH("그룹"&$M$57&"*",$B$2:$E$2,0)))} -> 112.16067 | R75: =IF($N75="","",P75/Q75*100) -> 4116916.1 | S75: Y | T75: =IF($M$59="","-",EDATE($M$59,$M75)) -> 45840
L77: ③ 산출 파라미터 — 역산 시작월별 기준매출 (끝은 입력된 마지막 월까지 자동) | M77: 시작 m | N77: 기준매출(지수100) | O77: 사용 개월수
L78: A. M1부터 사용 | M78: 1 | N78: =IFERROR(AVERAGEIFS($R$64:$R$75,$S$64:$S$75,"Y",$M$64:$M$75,">="&$M78),"-") -> 4054421.7 | O78: =COUNTIFS($S$64:$S$75,"Y",$R$64:$R$75,">0",$M$64:$M$75,">="&$M78) -> 12
L79: B. M2부터 사용 (M1 제외) | M79: 2 | N79: =IFERROR(AVERAGEIFS($R$64:$R$75,$S$64:$S$75,"Y",$M$64:$M$75,">="&$M79),"-") -> 4067493.6 | O79: =COUNTIFS($S$64:$S$75,"Y",$R$64:$R$75,">0",$M$64:$M$75,">="&$M79) -> 11
L80: C. M3부터 사용 (M2까지 제외) | M80: 3 | N80: =IFERROR(AVERAGEIFS($R$64:$R$75,$S$64:$S$75,"Y",$M$64:$M$75,">="&$M80),"-") -> 4085196 | O80: =COUNTIFS($S$64:$S$75,"Y",$R$64:$R$75,">0",$M$64:$M$75,">="&$M80) -> 10
L81: 적용 기울기 (지수/월, m6~36 회귀) | N81: =IF($M$57="평균",AVERAGE($M$32:$M$34),INDEX($M$32:$M$35,MATCH("그룹"&$M$57&"*",$L$32:$L$35,0))) -> 1.0843923
L82: 적용 절편 (m=0 지점, m37~ 외삽용) | N82: =IF($M$57="평균",AVERAGE($N$32:$N$34),INDEX($N$32:$N$35,MATCH("그룹"&$M$57&"*",$L$32:$L$35,0))) -> 97.643312
L85: ④ 월별 예상매출 (m1~m48)
L86: 오픈후개월(m) | M86: 곡선지수 | N86: 지수 산출근거 | O86: 탈시즈널 A (M1~) | P86: 탈시즈널 B (M2~) | Q86: 탈시즈널 C (M3~) | R86: 실적(참고) | S86: 해당 연월 | T86: 시즈널지수 | U86: 시즈널반영 A | V86: 시즈널반영 B | W86: 시즈널반영 C | X86: 실제매출 (RAW_매출A) | Y86: 실제매출-시즈널반영C
L87: 1 | M87: {=IF($L87>36,$N$82+$N$81*$L87,IF($M$57="평균",AVERAGE(INDEX($B$3:$D$48,$L87,0)),INDEX($B$3:$E$48,$L87,MATCH("그룹"&$M$57&"*",$B$2:$E$2,0))))} -> 68.932794 | N87: =IF($L87<=36,"실제 곡선값","회귀 외삽 (절편+기울기×m)") -> 실제 곡선값 | O87: =$N$78*$M87/100 -> 2794826.1 | P87: =$N$79*$M87/100 -> 2803837 | Q87: =$N$80*$M87/100 -> 2816039.7 | R87: {=IF($L87>12,"",IF(INDEX($N$64:$N$75,$L87)="","",INDEX($N$64:$N$75,$L87)))} -> 2750840 | S87: =IF($M$59="","-",EDATE($M$59,$L87)) -> 45506 | T87: {=IF(OR($M$60<>"Y",$M$59=""),100,INDEX(요약_월별시즈널리티!$F$7:$F$18,MONTH(EDATE($M$59,$L87))))} -> 102.04522 | U87: =O87*$T87/100 -> 2851986.4 | V87: =P87*$T87/100 -> 2861181.6 | W87: =Q87*$T87/100 -> 2873633.9 | X87: =IF($M$58="","",IF(SUMIFS(RAW_매출A!$J$2:$J$7000,RAW_매출A!$B$2:$B$7000,$M$58,RAW_매출A!$A$2:$A$7000,EDATE(EOMONTH($M$59,-1)+1,$L87))=0,"",SUMIFS(RAW_매출A!$J$2:$J$7000,RAW_매출A!$B$2:$B$7000,$M$58,RAW_매출A!$A$2:$A$7000,EDATE(EOMONTH($M$59,-1)+1,$L87)))) -> 2750840 | Y87: =IF(X87<>"",X87-W87,"") -> -122793.87
L88: =L87+1 -> 2 | M88: {=IF($L88>36,$N$82+$N$81*$L88,IF($M$57="평균",AVERAGE(INDEX($B$3:$D$48,$L88,0)),INDEX($B$3:$E$48,$L88,MATCH("그룹"&$M$57&"*",$B$2:$E$2,0))))} -> 78.859076 | N88: =IF($L88<=36,"실제 곡선값","회귀 외삽 (절편+기울기×m)") -> 실제 곡선값 | O88: =$N$78*$M88/100 -> 3197279.5 | P88: =$N$79*$M88/100 -> 3207587.9 | Q88: =$N$80*$M88/100 -> 3221547.8 | R88: {=IF($L88>12,"",IF(INDEX($N$64:$N$75,$L88)="","",INDEX($N$64:$N$75,$L88)))} -> 3071780 | S88: =IF($M$59="","-",EDATE($M$59,$L88)) -> 45537 | T88: {=IF(OR($M$60<>"Y",$M$59=""),100,INDEX(요약_월별시즈널리티!$F$7:$F$18,MONTH(EDATE($M$59,$L88))))} -> 100.12358 | U88: =O88*$T88/100 -> 3201230.7 | V88: =P88*$T88/100 -> 3211551.9 | W88: =Q88*$T88/100 -> 3225529 | X88: =IF($M$58="","",IF(SUMIFS(RAW_매출A!$J$2:$J$7000,RAW_매출A!$B$2:$B$7000,$M$58,RAW_매출A!$A$2:$A$7000,EDATE(EOMONTH($M$59,-1)+1,$L88))=0,"",SUMIFS(RAW_매출A!$J$2:$J$7000,RAW_매출A!$B$2:$B$7000,$M$58,RAW_매출A!$A$2:$A$7000,EDATE(EOMONTH($M$59,-1)+1,$L88)))) -> 3071780 | Y88: =IF(X88<>"",X88-W88,"") -> -153749.04
L89: =L88+1 -> 3 | M89: {=IF($L89>36,$N$82+$N$81*$L89,IF($M$57="평균",AVERAGE(INDEX($B$3:$D$48,$L89,0)),INDEX($B$3:$E$48,$L89,MATCH("그룹"&$M$57&"*",$B$2:$E$2,0))))} -> 88.431336 | N89: =IF($L89<=36,"실제 곡선값","회귀 외삽 (절편+기울기×m)") -> 실제 곡선값 | O89: =$N$78*$M89/100 -> 3585379.3 | P89: =$N$79*$M89/100 -> 3596938.9 | Q89: =$N$80*$M89/100 -> 3612593.4 | R89: {=IF($L89>12,"",IF(INDEX($N$64:$N$75,$L89)="","",INDEX($N$64:$N$75,$L89)))} -> 3668450 | S89: =IF($M$59="","-",EDATE($M$59,$L89)) -> 45567 | T89: {=IF(OR($M$60<>"Y",$M$59=""),100,INDEX(요약_월별시즈널리티!$F$7:$F$18,MONTH(EDATE($M$59,$L89))))} -> 115.59456 | U89: =O89*$T89/100 -> 4144503.5 | V89: =P89*$T89/100 -> 4157865.9 | W89: =Q89*$T89/100 -> 4175961.6 | X89: =IF($M$58="","",IF(SUMIFS(RAW_매출A!$J$2:$J$7000,RAW_매출A!$B$2:$B$7000,$M$58,RAW_매출A!$A$2:$A$7000,EDATE(EOMONTH($M$59,-1)+1,$L89))=0,"",SUMIFS(RAW_매출A!$J$2:$J$7000,RAW_매출A!$B$2:$B$7000,$M$58,RAW_매출A!$A$2:$A$7000,EDATE(EOMONTH($M$59,-1)+1,$L89)))) -> 3668450 | Y89: =IF(X89<>"",X89-W89,"") -> -507511.56
L90: =L89+1 -> 4 | M90: {=IF($L90>36,$N$82+$N$81*$L90,IF($M$57="평균",AVERAGE(INDEX($B$3:$D$48,$L90,0)),INDEX($B$3:$E$48,$L90,MATCH("그룹"&$M$57&"*",$B$2:$E$2,0))))} -> 92.818896 | N90: =IF($L90<=36,"실제 곡선값","회귀 외삽 (절편+기울기×m)") -> 실제 곡선값 | O90: =$N$78*$M90/100 -> 3763269.5 | P90: =$N$79*$M90/100 -> 3775402.7 | Q90: =$N$80*$M90/100 -> 3791833.8 | R90: {=IF($L90>12,"",IF(INDEX($N$64:$N$75,$L90)="","",INDEX($N$64:$N$75,$L90)))} -> 3540350 | S90: =IF($M$59="","-",EDATE($M$59,$L90)) -> 45598 | T90: {=IF(OR($M$60<>"Y",$M$59=""),100,INDEX(요약_월별시즈널리티!$F$7:$F$18,MONTH(EDATE($M$59,$L90))))} -> 104.11252 | U90: =O90*$T90/100 -> 3918034.5 | V90: =P90*$T90/100 -> 3930666.7 | W90: =Q90*$T90/100 -> 3947773.6 | X90: =IF($M$58="","",IF(SUMIFS(RAW_매출A!$J$2:$J$7000,RAW_매출A!$B$2:$B$7000,$M$58,RAW_매출A!$A$2:$A$7000,EDATE(EOMONTH($M$59,-1)+1,$L90))=0,"",SUMIFS(RAW_매출A!$J$2:$J$7000,RAW_매출A!$B$2:$B$7000,$M$58,RAW_매출A!$A$2:$A$7000,EDATE(EOMONTH($M$59,-1)+1,$L90)))) -> 3540350 | Y90: =IF(X90<>"",X90-W90,"") -> -407423.57
L91: =L90+1 -> 5 | M91: {=IF($L91>36,$N$82+$N$81*$L91,IF($M$57="평균",AVERAGE(INDEX($B$3:$D$48,$L91,0)),INDEX($B$3:$E$48,$L91,MATCH("그룹"&$M$57&"*",$B$2:$E$2,0))))} -> 96.602452 | N91: =IF($L91<=36,"실제 곡선값","회귀 외삽 (절편+기울기×m)") -> 실제 곡선값 | O91: =$N$78*$M91/100 -> 3916670.8 | P91: =$N$79*$M91/100 -> 3929298.6 | Q91: =$N$80*$M91/100 -> 3946399.5 | R91: {=IF($L91>12,"",IF(INDEX($N$64:$N$75,$L91)="","",INDEX($N$64:$N$75,$L91)))} -> 3806250 | S91: =IF($M$59="","-",EDATE($M$59,$L91)) -> 45628 | T91: {=IF(OR($M$60<>"Y",$M$59=""),100,INDEX(요약_월별시즈널리티!$F$7:$F$18,MONTH(EDATE($M$59,$L91))))} -> 103.33184 | U91: =O91*$T91/100 -> 4047168 | V91: =P91*$T91/100 -> 4060216.6 | W91: =Q91*$T91/100 -> 4077887.3 | X91: =IF($M$58="","",IF(SUMIFS(RAW_매출A!$J$2:$J$7000,RAW_매출A!$B$2:$B$7000,$M$58,RAW_매출A!$A$2:$A$7000,EDATE(EOMONTH($M$59,-1)+1,$L91))=0,"",SUMIFS(RAW_매출A!$J$2:$J$7000,RAW_매출A!$B$2:$B$7000,$M$58,RAW_매출A!$A$2:$A$7000,EDATE(EOMONTH($M$59,-1)+1,$L91)))) -> 3806250 | Y91: =IF(X91<>"",X91-W91,"") -> -271637.27
L92: =L91+1 -> 6 | M92: {=IF($L92>36,$N$82+$N$81*$L92,IF($M$57="평균",AVERAGE(INDEX($B$3:$D$48,$L92,0)),INDEX($B$3:$E$48,$L92,MATCH("그룹"&$M$57&"*",$B$2:$E$2,0))))} -> 99.244611 | N92: =IF($L92<=36,"실제 곡선값","회귀 외삽 (절편+기울기×m)") -> 실제 곡선값 | O92: =$N$78*$M92/100 -> 4023795 | P92: =$N$79*$M92/100 -> 4036768.2 | Q92: =$N$80*$M92/100 -> 4054336.9 | R92: {=IF($L92>12,"",IF(INDEX($N$64:$N$75,$L92)="","",INDEX($N$64:$N$75,$L92)))} -> 3604700 | S92: =IF($M$59="","-",EDATE($M$59,$L92)) -> 45659 | T92: {=IF(OR($M$60<>"Y",$M$59=""),100,INDEX(요약_월별시즈널리티!$F$7:$F$18,MONTH(EDATE($M$59,$L92))))} -> 91.030317 | U92: =O92*$T92/100 -> 3662873.4 | V92: =P92*$T92/100 -> 3674682.9 | W92: =Q92*$T92/100 -> 3690675.7 | X92: =IF($M$58="","",IF(SUMIFS(RAW_매출A!$J$2:$J$7000,RAW_매출A!$B$2:$B$7000,$M$58,RAW_매출A!$A$2:$A$7000,EDATE(EOMONTH($M$59,-1)+1,$L92))=0,"",SUMIFS(RAW_매출A!$J$2:$J$7000,RAW_매출A!$B$2:$B$7000,$M$58,RAW_매출A!$A$2:$A$7000,EDATE(EOMONTH($M$59,-1)+1,$L92)))) -> 3604700 | Y92: =IF(X92<>"",X92-W92,"") -> -85975.684
L93: =L92+1 -> 7 | M93: {=IF($L93>36,$N$82+$N$81*$L93,IF($M$57="평균",AVERAGE(INDEX($B$3:$D$48,$L93,0)),INDEX($B$3:$E$48,$L93,MATCH("그룹"&$M$57&"*",$B$2:$E$2,0))))} -> 103.01845 | N93: =IF($L93<=36,"실제 곡선값","회귀 외삽 (절편+기울기×m)") -> 실제 곡선값 | O93: =$N$78*$M93/100 -> 4176802.4 | P93: =$N$79*$M93/100 -> 4190268.9 | Q93: =$N$80*$M93/100 -> 4208505.6 | R93: {=IF($L93>12,"",IF(INDEX($N$64:$N$75,$L93)="","",INDEX($N$64:$N$75,$L93)))} -> 3400450 | S93: =IF($M$59="","-",EDATE($M$59,$L93)) -> 45690 | T93: {=IF(OR($M$60<>"Y",$M$59=""),100,INDEX(요약_월별시즈널리티!$F$7:$F$18,MONTH(EDATE($M$59,$L93))))} -> 84.287776 | U93: =O93*$T93/100 -> 3520533.9 | V93: =P93*$T93/100 -> 3531884.5 | W93: =Q93*$T93/100 -> 3547255.8 | X93: =IF($M$58="","",IF(SUMIFS(RAW_매출A!$J$2:$J$7000,RAW_매출A!$B$2:$B$7000,$M$58,RAW_매출A!$A$2:$A$7000,EDATE(EOMONTH($M$59,-1)+1,$L93))=0,"",SUMIFS(RAW_매출A!$J$2:$J$7000,RAW_매출A!$B$2:$B$7000,$M$58,RAW_매출A!$A$2:$A$7000,EDATE(EOMONTH($M$59,-1)+1,$L93)))) -> 3400450 | Y93: =IF(X93<>"",X93-W93,"") -> -146805.81
L94: =L93+1 -> 8 | M94: {=IF($L94>36,$N$82+$N$81*$L94,IF($M$57="평균",AVERAGE(INDEX($B$3:$D$48,$L94,0)),INDEX($B$3:$E$48,$L94,MATCH("그룹"&$M$57&"*",$B$2:$E$2,0))))} -> 103.0346 | N94: =IF($L94<=36,"실제 곡선값","회귀 외삽 (절편+기울기×m)") -> 실제 곡선값 | O94: =$N$78*$M94/100 -> 4177457 | P94: =$N$79*$M94/100 -> 4190925.6 | Q94: =$N$80*$M94/100 -> 4209165.2 | R94: {=IF($L94>12,"",IF(INDEX($N$64:$N$75,$L94)="","",INDEX($N$64:$N$75,$L94)))} -> 4334750 | S94: =IF($M$59="","-",EDATE($M$59,$L94)) -> 45718 | T94: {=IF(OR($M$60<>"Y",$M$59=""),100,INDEX(요약_월별시즈널리티!$F$7:$F$18,MONTH(EDATE($M$59,$L94))))} -> 97.171601 | U94: =O94*$T94/100 -> 4059301.9 | V94: =P94*$T94/100 -> 4072389.5 | W94: =Q94*$T94/100 -> 4090113.2 | X94: =IF($M$58="","",IF(SUMIFS(RAW_매출A!$J$2:$J$7000,RAW_매출A!$B$2:$B$7000,$M$58,RAW_매출A!$A$2:$A$7000,EDATE(EOMONTH($M$59,-1)+1,$L94))=0,"",SUMIFS(RAW_매출A!$J$2:$J$7000,RAW_매출A!$B$2:$B$7000,$M$58,RAW_매출A!$A$2:$A$7000,EDATE(EOMONTH($M$59,-1)+1,$L94)))) -> 4334750 | Y94: =IF(X94<>"",X94-W94,"") -> 244636.78
L95: =L94+1 -> 9 | M95: {=IF($L95>36,$N$82+$N$81*$L95,IF($M$57="평균",AVERAGE(INDEX($B$3:$D$48,$L95,0)),INDEX($B$3:$E$48,$L95,MATCH("그룹"&$M$57&"*",$B$2:$E$2,0))))} -> 105.51792 | N95: =IF($L95<=36,"실제 곡선값","회귀 외삽 (절편+기울기×m)") -> 실제 곡선값 | O95: =$N$78*$M95/100 -> 4278141.4 | P95: =$N$79*$M95/100 -> 4291934.7 | Q95: =$N$80*$M95/100 -> 4310613.8 | R95: {=IF($L95>12,"",IF(INDEX($N$64:$N$75,$L95)="","",INDEX($N$64:$N$75,$L95)))} -> 4359050 | S95: =IF($M$59="","-",EDATE($M$59,$L95)) -> 45749 | T95: {=IF(OR($M$60<>"Y",$M$59=""),100,INDEX(요약_월별시즈널리티!$F$7:$F$18,MONTH(EDATE($M$59,$L95))))} -> 96.499915 | U95: =O95*$T95/100 -> 4128402.8 | V95: =P95*$T95/100 -> 4141713.3 | W95: =Q95*$T95/100 -> 4159738.7 | X95: =IF($M$58="","",IF(SUMIFS(RAW_매출A!$J$2:$J$7000,RAW_매출A!$B$2:$B$7000,$M$58,RAW_매출A!$A$2:$A$7000,EDATE(EOMONTH($M$59,-1)+1,$L95))=0,"",SUMIFS(RAW_매출A!$J$2:$J$7000,RAW_매출A!$B$2:$B$7000,$M$58,RAW_매출A!$A$2:$A$7000,EDATE(EOMONTH($M$59,-1)+1,$L95)))) -> 4359050 | Y95: =IF(X95<>"",X95-W95,"") -> 199311.32
L96: =L95+1 -> 10 | M96: {=IF($L96>36,$N$82+$N$81*$L96,IF($M$57="평균",AVERAGE(INDEX($B$3:$D$48,$L96,0)),INDEX($B$3:$E$48,$L96,MATCH("그룹"&$M$57&"*",$B$2:$E$2,0))))} -> 107.97055 | N96: =IF($L96<=36,"실제 곡선값","회귀 외삽 (절편+기울기×m)") -> 실제 곡선값 | O96: =$N$78*$M96/100 -> 4377581.3 | P96: =$N$79*$M96/100 -> 4391695.1 | Q96: =$N$80*$M96/100 -> 4410808.5 | R96: {=IF($L96>12,"",IF(INDEX($N$64:$N$75,$L96)="","",INDEX($N$64:$N$75,$L96)))} -> 4741550 | S96: =IF($M$59="","-",EDATE($M$59,$L96)) -> 45779 | T96: {=IF(OR($M$60<>"Y",$M$59=""),100,INDEX(요약_월별시즈널리티!$F$7:$F$18,MONTH(EDATE($M$59,$L96))))} -> 105.36696 | U96: =O96*$T96/100 -> 4612524.5 | V96: =P96*$T96/100 -> 4627395.8 | W96: =Q96*$T96/100 -> 4647534.9 | X96: =IF($M$58="","",IF(SUMIFS(RAW_매출A!$J$2:$J$7000,RAW_매출A!$B$2:$B$7000,$M$58,RAW_매출A!$A$2:$A$7000,EDATE(EOMONTH($M$59,-1)+1,$L96))=0,"",SUMIFS(RAW_매출A!$J$2:$J$7000,RAW_매출A!$B$2:$B$7000,$M$58,RAW_매출A!$A$2:$A$7000,EDATE(EOMONTH($M$59,-1)+1,$L96)))) -> 4741550 | Y96: =IF(X96<>"",X96-W96,"") -> 94015.079
L97: =L96+1 -> 11 | M97: {=IF($L97>36,$N$82+$N$81*$L97,IF($M$57="평균",AVERAGE(INDEX($B$3:$D$48,$L97,0)),INDEX($B$3:$E$48,$L97,MATCH("그룹"&$M$57&"*",$B$2:$E$2,0))))} -> 110.19663 | N97: =IF($L97<=36,"실제 곡선값","회귀 외삽 (절편+기울기×m)") -> 실제 곡선값 | O97: =$N$78*$M97/100 -> 4467836.2 | P97: =$N$79*$M97/100 -> 4482241.1 | Q97: =$N$80*$M97/100 -> 4501748.5 | R97: {=IF($L97>12,"",IF(INDEX($N$64:$N$75,$L97)="","",INDEX($N$64:$N$75,$L97)))} -> 5646500 | S97: =IF($M$59="","-",EDATE($M$59,$L97)) -> 45810 | T97: {=IF(OR($M$60<>"Y",$M$59=""),100,INDEX(요약_월별시즈널리티!$F$7:$F$18,MONTH(EDATE($M$59,$L97))))} -> 102.78469 | U97: =O97*$T97/100 -> 4592251.5 | V97: =P97*$T97/100 -> 4607057.5 | W97: =Q97*$T97/100 -> 4627108.1 | X97: =IF($M$58="","",IF(SUMIFS(RAW_매출A!$J$2:$J$7000,RAW_매출A!$B$2:$B$7000,$M$58,RAW_매출A!$A$2:$A$7000,EDATE(EOMONTH($M$59,-1)+1,$L97))=0,"",SUMIFS(RAW_매출A!$J$2:$J$7000,RAW_매출A!$B$2:$B$7000,$M$58,RAW_매출A!$A$2:$A$7000,EDATE(EOMONTH($M$59,-1)+1,$L97)))) -> 5646500 | Y97: =IF(X97<>"",X97-W97,"") -> 1019391.9
L98: =L97+1 -> 12 | M98: {=IF($L98>36,$N$82+$N$81*$L98,IF($M$57="평균",AVERAGE(INDEX($B$3:$D$48,$L98,0)),INDEX($B$3:$E$48,$L98,MATCH("그룹"&$M$57&"*",$B$2:$E$2,0))))} -> 112.16067 | N98: =IF($L98<=36,"실제 곡선값","회귀 외삽 (절편+기울기×m)") -> 실제 곡선값 | O98: =$N$78*$M98/100 -> 4547466.4 | P98: =$N$79*$M98/100 -> 4562128 | Q98: =$N$80*$M98/100 -> 4581983.1 | R98: {=IF($L98>12,"",IF(INDEX($N$64:$N$75,$L98)="","",INDEX($N$64:$N$75,$L98)))} -> 4833600 | S98: =IF($M$59="","-",EDATE($M$59,$L98)) -> 45840 | T98: {=IF(OR($M$60<>"Y",$M$59=""),100,INDEX(요약_월별시즈널리티!$F$7:$F$18,MONTH(EDATE($M$59,$L98))))} -> 104.67865 | U98: =O98*$T98/100 -> 4760226.4 | V98: =P98*$T98/100 -> 4775574 | W98: =Q98*$T98/100 -> 4796358 | X98: =IF($M$58="","",IF(SUMIFS(RAW_매출A!$J$2:$J$7000,RAW_매출A!$B$2:$B$7000,$M$58,RAW_매출A!$A$2:$A$7000,EDATE(EOMONTH($M$59,-1)+1,$L98))=0,"",SUMIFS(RAW_매출A!$J$2:$J$7000,RAW_매출A!$B$2:$B$7000,$M$58,RAW_매출A!$A$2:$A$7000,EDATE(EOMONTH($M$59,-1)+1,$L98)))) -> 4833600 | Y98: =IF(X98<>"",X98-W98,"") -> 37241.981
L99: =L98+1 -> 13 | M99: {=IF($L99>36,$N$82+$N$81*$L99,IF($M$57="평균",AVERAGE(INDEX($B$3:$D$48,$L99,0)),INDEX($B$3:$E$48,$L99,MATCH("그룹"&$M$57&"*",$B$2:$E$2,0))))} -> 113.35747 | N99: =IF($L99<=36,"실제 곡선값","회귀 외삽 (절편+기울기×m)") -> 실제 곡선값 | O99: =$N$78*$M99/100 -> 4595989.8 | P99: =$N$79*$M99/100 -> 4610807.8 | Q99: =$N$80*$M99/100 -> 4630874.7 | R99: {=IF($L99>12,"",IF(INDEX($N$64:$N$75,$L99)="","",INDEX($N$64:$N$75,$L99)))} | S99: =IF($M$59="","-",EDATE($M$59,$L99)) -> 45871 | T99: {=IF(OR($M$60<>"Y",$M$59=""),100,INDEX(요약_월별시즈널리티!$F$7:$F$18,MONTH(EDATE($M$59,$L99))))} -> 102.04522 | U99: =O99*$T99/100 -> 4689987.7 | V99: =P99*$T99/100 -> 4705108.8 | W99: =Q99*$T99/100 -> 4725586.2 | X99: =IF($M$58="","",IF(SUMIFS(RAW_매출A!$J$2:$J$7000,RAW_매출A!$B$2:$B$7000,$M$58,RAW_매출A!$A$2:$A$7000,EDATE(EOMONTH($M$59,-1)+1,$L99))=0,"",SUMIFS(RAW_매출A!$J$2:$J$7000,RAW_매출A!$B$2:$B$7000,$M$58,RAW_매출A!$A$2:$A$7000,EDATE(EOMONTH($M$59,-1)+1,$L99)))) -> 5112850 | Y99: =IF(X99<>"",X99-W99,"") -> 387263.81
... L134: =L133+1 -> 48 | M134: {=IF($L134>36,$N$82+$N$81*$L134,IF($M$57="평균",AVERAGE(INDEX($B$3:$D$48,$L134,0)),INDEX($B$3:$E$48,$L134,MATCH("그룹"&$M$57&"*",$B$2:$E$2,0))))} -> 149.69414 | N134: =IF($L134<=36,"실제 곡선값","회귀 외삽 (절편+기울기×m)") -> 회귀 외삽 (절편+기울기×m) | O134: =$N$78*$M134/100 -> 6069231.8 | P134: =$N$79*$M134/100 -> 6088799.7 | Q134: =$N$80*$M134/100 -> 6115299.1 | R134: {=IF($L134>12,"",IF(INDEX($N$64:$N$75,$L134)="","",INDEX($N$64:$N$75,$L134)))} | S134: =IF($M$59="","-",EDATE($M$59,$L134)) -> 46936 | T134: {=IF(OR($M$60<>"Y",$M$59=""),100,INDEX(요약_월별시즈널리티!$F$7:$F$18,MONTH(EDATE($M$59,$L134))))} -> 104.67865 | U134: =O134*$T134/100 -> 6353189.9 | V134: =P134*$T134/100 -> 6373673.3 | W134: =Q134*$T134/100 -> 6401412.5 | X134: =IF($M$58="","",IF(SUMIFS(RAW_매출A!$J$2:$J$7000,RAW_매출A!$B$2:$B$7000,$M$58,RAW_매출A!$A$2:$A$7000,EDATE(EOMONTH($M$59,-1)+1,$L134))=0,"",SUMIFS(RAW_매출A!$J$2:$J$7000,RAW_매출A!$B$2:$B$7000,$M$58,RAW_매출A!$A$2:$A$7000,EDATE(EOMONTH($M$59,-1)+1,$L134)))) | Y134: =IF(X134<>"",X134-W134,"")
L136: ⑤ 연도별 합산 (세 가지 산정방식 병렬)
L137: 구분 | M137: 구간 | N137: 연매출 A (M1~) | O137: 연매출 B (M2~) | P137: 연매출 C (M3~) | Q137: 월평균 (C) | R137: 전년 대비 성장률 (C) | S137: 연매출 C · 시즈널반영 | T137: 월평균 · 시즈널반영
L138: 1년차 | M138: m1~m12 | N138: =SUM(O$87:O$98) -> 47306505 | O138: =SUM(P$87:P$98) -> 47459027 | P138: =SUM(Q$87:Q$98) -> 47665576 | Q138: =P138/12 -> 3972131.3 | R138: - | S138: =SUM(W$87:W$98) -> 47859570 | T138: =S138/12 -> 3988297.5
L139: 2년차 | M139: m13~m24 | N139: =SUM(O$99:O$110) -> 57884949 | O139: =SUM(P$99:P$110) -> 58071576 | P139: =SUM(Q$99:Q$110) -> 58324313 | Q139: =P139/12 -> 4860359.4 | R139: =S139/S138-1 -> 0.22516507 | S139: =SUM(W$99:W$110) -> 58635873 | T139: =S139/12 -> 4886322.8
L140: 3년차 | M140: m25~m36 | N140: =SUM(O$111:O$122) -> 63412752 | O140: =SUM(P$111:P$122) -> 63617202 | P140: =SUM(Q$111:Q$122) -> 63894074 | Q140: =P140/12 -> 5324506.1 | R140: =S140/S139-1 -> 0.095371555 | S140: =SUM(W$111:W$122) -> 64228067 | T140: =S140/12 -> 5352339
L141: 4년차 (회귀 외삽) | M141: m37~m48 | N141: =SUM(O$123:O$134) -> 69929036 | O141: =SUM(P$123:P$134) -> 70154496 | P141: =SUM(Q$123:Q$134) -> 70459819 | Q141: =P141/12 -> 5871651.6 | R141: =S141/S140-1 -> 0.10316728 | S141: =SUM(W$123:W$134) -> 70854303 | T141: =S141/12 -> 5904525.2
L143: ※ 사용법: ①에서 적용 그룹(M57)만 고르면 되고, ②에 M1~M12 실적을 아는 만큼 입력하면 된다. 빈 칸은 자동 제외되므로 기록이 늘어날수록 기준매출 정확도가 올라간다.
L144: ※ 곡선 m1 = 오픈 다음 달 (Calc_오픈정렬 기준). 오픈달(M0)은 부분월이며 곡선 산출에서도 제외된 구간 → 기준레벨 역산에 미사용.
L145: ※ m1~m36은 실제 곡선값(B:E열)을 사용하고, m37~m48은 m6~36 회귀식(지수 = 절편 + 기울기×m)으로 연장함. 절편은 m=0 지점이라 단독 해석하지 말 것.
L146: ※ 시즈널리티 보정 기능은 제거했다(오픈 다음 달 1일 입력칸 삭제). ④·⑤의 예상매출은 모두 탈시즈널 기준이며, 특정 월의 실제 매출은 요약_월별시즈널리티!F7:F18 지수를 곱해 보정해서 보면 된다.
L147: ※ A/B/C는 역산 시작월의 차이일 뿐이고(끝은 세 방식 동일하게 입력된 마지막 월), 세 열이 ④·⑤에 동시 표시된다. 특정 월만 무효로 만들고 싶으면 ②의 '역산 사용' 칸을 N으로 바꾸면 된다.
L148: ="※ 그룹별 표본(RAW_매출A 전기간 반영): m1 기준 그룹0 n="&G3&", 그룹1 n="&H3&", 그룹2 n="&I3&", 그룹3+ n="&J3&" · m24 시점 "&G26&"/"&H26&"/"&I26&"/"&J26&" · m36 시점 "&G38&"/"&H38&"/"&I38&"/"&J38&" — 표본이 적은 구간은 방향성만 참고." -> ※ 그룹별 표본(RAW_매출A 전기간 반영): m1 기준 그룹0 n=35, 그룹1 n=57, 그룹2 n=36, 그룹3+ n=15 · m24 시점 28/44/32/14 · m36 시점 18/30/22/11 — 표본이 적은 구간은 방향성만 참고.
L151: ⑥ 성공 판정 — 목표 월평균 매출 도달 여부
L152: 목표 월평균 매출 | N152: 5000000
L153: 구분 | M153: 구간 | N153: 평균 곡선지수 | O153: 필요 기준매출 | P153: 예상 월평균 (C·시즈널반영) | Q153: 판정
L154: 1년차 | M154: m1~m12 | N154: =AVERAGE($M$87:$M$98) -> 97.232332 | O154: =$N$152/(N154/100) -> 5142322.4 | P154: =AVERAGE($W$87:$W$98) -> 3988297.5 | Q154: =IF(P154>=$N$152,"도달","미달 ("&TEXT(P154/$N$152-1,"0.0%")&")") -> 미달 (-20.2%)
L155: 2년차 | M155: m13~m24 | N155: =AVERAGE($M$99:$M$110) -> 118.97494 | O155: =$N$152/(N155/100) -> 4202565.7 | P155: =AVERAGE($W$99:$W$110) -> 4886322.8 | Q155: =IF(P155>=$N$152,"도달","미달 ("&TEXT(P155/$N$152-1,"0.0%")&")") -> 미달 (-2.3%)
L156: 3년차 | M156: m25~m36 | N156: =AVERAGE($M$111:$M$122) -> 130.33661 | O156: =$N$152/(N156/100) -> 3836220.6 | P156: =AVERAGE($W$111:$W$122) -> 5352339 | Q156: =IF(P156>=$N$152,"도달","미달 ("&TEXT(P156/$N$152-1,"0.0%")&")") -> 도달
...

Sheet 종합결론
A1: 오픈할인 종합 결론 — 경쟁강도별 권장안
A2: 두 분석 종합 ① 매출 성장곡선(탈시즈널리티, 전 매장, 기준=오픈 4~9개월=100) ② 세탁/건조 결제건수 DiD(경쟁그룹 매칭, 실험 6지점 vs 대조군 16지점)
A4: 1. 두 분석 핵심 종합
A5: 경쟁강도 | B5: 매출곡선 2년(지수) | C5: 매출곡선 3년 | D5: 세탁 DiD | E5: 건조 DiD | F5: 종합 진단
A6: 경쟁 0개 | B6: =요약_성장곡선!B26 -> 126.34394 | C6: =요약_성장곡선!B38 -> 138.9501 | D6: =R_오픈할인분석!I22 -> 1.0207076 | E6: =R_오픈할인분석!I30 -> 1.0875277 | F6: 지속 성장 + 이탈 거의 없음 → 할인 의존도 낮음
A7: 경쟁 1개 | B7: =요약_성장곡선!C26 -> 120.87397 | C7: =요약_성장곡선!C38 -> 137.80473 | D7: =R_오픈할인분석!I23 -> 0.87501136 | E7: =R_오픈할인분석!I31 -> 1.0766123 | F7: 우상향이나 종료 후 -13% 이탈 → 획득+전환 필요
A8: 경쟁 2개+ | B8: =요약_성장곡선!D26 -> 117.84833 | C8: =요약_성장곡선!D38 -> 133.38143 | D8: =R_오픈할인분석!I24 -> 0.78484943 | E8: =R_오픈할인분석!I32 -> 0.90443113 | F8: 이탈 최대(-21%), 건조까지 이탈; 경쟁3+는 2년차 역성장 → 리텐션이 관건
A10: 2. 경쟁강도별 권장안 (파란·노랑 칸 = 조정 가능한 입력값)
A11: 경쟁강도 | B11: 권장 할인율 | C11: 권장 할인기간 | D11: 1코스 권장가 | E11: 핵심 근거 | F11: 리텐션 방안
A12: 경쟁 0개 | B12: 0.2 | C12: 30 | D12: =ROUND(R_오픈할인분석!$B$47*(1-B12),-1) -> 3960 | E12: DiD 1.02(이탈無)+곡선 지속성장 → 깊은 할인 불필요, 마진 회복 | F12: 별도 불필요(자연 잔존), 마진 우선
A13: 경쟁 1개 | B13: 0.5 | C13: 60 | D13: =ROUND(R_오픈할인분석!$B$47*(1-B13),-1) -> 2480 | E13: DiD 0.88(-13%)+곡선 우상향 → 1차 유인 중간 할인, 표준 60일 | F13: 할인 종료 전 멤버십·정기권 전환
A14: 경쟁 2개+ | B14: 0.5 | C14: 90 | D14: =ROUND(R_오픈할인분석!$B$47*(1-B14),-1) -> 2480 | E14: DiD 0.78(-21%, 최대)+경쟁3+ 2년차 역성장 → 기간 연장으로 습관 형성 | F14: 정기권·적립 필수, 단계적 가격인상(절벽 방지), 출점 신중
A16: 3. 결론
A17: 핵심: 경쟁이 심할수록 '깊고 짧은 할인'의 효용은 낮고, '습관 형성·이탈 방어'가 관건. 할인 예산을 획득에서 리텐션으로 이동할수록 고경쟁 입지 성과가 개선됨.
A18: • 경쟁 0개: 할인 없이도 잔존(DiD 1.02)·매출 지속성장 → 20%·30일로 축소해 마진 회복.
A19: • 경쟁 1개: 종료 후 -13% 이탈하나 장기 우상향 → 50%·60일로 유인 후, 할인 종료 전 멤버십 전환으로 이탈 차단.
A20: • 경쟁 2개+: 이탈 최대(-21%)·건조까지 이탈·경쟁3+ 2년차 역성장 → 할인율은 50% 유지하되 기간을 90일로 늘려 습관 형성, 정기권·적립 상시 리텐션 필수, 출점은 보수적으로.
A21: ※ DiD 실험지점 6개(경쟁2+ 1개)로 표본이 작아 방향성 참고. 권장가는 1코스(4,950원) 기준이며 2·3코스도 동일 할인율 적용 권장.

Sheet R_오픈할인분석
A1: 오픈 60일 할인(4,950→1,990원) 효과 — 경쟁사 그룹 매칭 DiD 재분석
A2: 기존 분석은 대조군 전체(16개)를 시즈널 기준선으로 사용. 본 시트는 대조군도 경쟁사 그룹(150-0/1/2)별로 매칭하여 입지 특성을 통제한 DiD를 산출. 세탁코스1(세탁매출>0) 결제건수 기준.
A4: 분석 논리
A5: ① 실험 변화율 = 실험 후기건수 / 실험 전기건수 (해당 경쟁사 그룹의 실험지점 합산)
A6: ② 대조 변화율 = 같은 경쟁사 그룹 대조지점들의 후기건수 / 전기건수 (= 그룹별 시즈널리티)
A7: ③ 순효과(DiD) = ① / ② → 같은 입지조건(경쟁사 밀도) 내에서 할인효과만 분리
A8: ※ 대조군 건수 비율 = 각 경쟁사 그룹 대조군이 전체 대조군 건수에서 차지하는 비중 (표본 대표성 점검)
A9: 지점별 명세 (세탁결제건수)
A11: 지점명 | B11: 경쟁사 | C11: 전기시작 | D11: 전기종료 | E11: 후기시작 | F11: 후기종료 | G11: 실험_세탁전기 | H11: 실험_세탁후기 | I11: 대조_세탁전기 | J11: 대조_세탁후기 | L11: 실험_건조전기 | M11: 실험_건조후기 | N11: 대조_건조전기 | O11: 대조_건조후기
A12: (0014) 수원서둔골드점 | B12: 150-1 | C12: 45859 | D12: 45918 | E12: 45919 | F12: 45978 | G12: 521 | H12: 456 | I12: 5241 | J12: 5972 | L12: 619 | M12: 686 | N12: 7907 | O12: 8774
A13: (1127) #수원시청뽀송점 | B13: 150-0 | C13: 45860 | D13: 45919 | E13: 45920 | F13: 45979 | G13: 527 | H13: 499 | I13: 3564 | J13: 3998 | L13: 554 | M13: 630 | N13: 4918 | O13: 5533
A14: (1128) #응암서부점 | B14: 150-0 | C14: 45867 | D14: 45926 | E14: 45927 | F14: 45986 | G14: 561 | H14: 707 | I14: 3600 | J14: 3992 | L14: 659 | M14: 846 | N14: 4954 | O14: 5541
A15: (1130) #배재대정문점 | B15: 150-1 | C15: 45911 | D15: 45970 | E15: 45971 | F15: 46030 | G15: 732 | H15: 631 | I15: 5969 | J15: 5142 | L15: 986 | M15: 1007 | N15: 8798 | O15: 7593
A16: (1131) #대전백운초교점 | B16: 150-0 | C16: 45912 | D16: 45971 | E16: 45972 | F16: 46031 | G16: 663 | H16: 627 | I16: 4011 | J16: 3471 | L16: 727 | M16: 708 | N16: 5540 | O16: 4880
A17: (1132) #한남대정문점 | B17: 150-2 | C17: 45912 | D17: 45971 | E17: 45972 | F17: 46031 | G17: 669 | H17: 500 | I17: 3268 | J17: 3112 | L17: 883 | M17: 755 | N17: 4468 | O17: 4224
A19: 요약 — 경쟁사 그룹별 대조군 매칭 DiD (세탁건수 기준, 지점 합산)
A21: 구분 | B21: 실험지점수 | C21: 실험_전기 | D21: 실험_후기 | E21: 실험변화율 | F21: 대조_전기 | G21: 대조_후기 | H21: 대조변화율 | I21: 순효과(DiD) | J21: 대조군지점수 | K21: 대조군건수비율
A22: 150-0 | B22: 3 | C22: 1751 | D22: 1833 | E22: 1.0468304 | F22: 11175 | G22: 11461 | H22: 1.0255928 | I22: 1.0207076 | J22: 4 | K22: 0.43562156
A23: 150-1 | B23: 2 | C23: 1253 | D23: 1087 | E23: 0.86751796 | F23: 11210 | G23: 11114 | H23: 0.99143622 | I23: 0.87501136 | J23: 6 | K23: 0.43698593
A24: 150-2 | B24: 1 | C24: 669 | D24: 500 | E24: 0.74738416 | F24: 3268 | G24: 3112 | H24: 0.95226438 | I24: 0.78484943 | J24: 5 | K24: 0.12739251
A25: 전체 | B25: 6 | C25: 3673 | D25: 3420 | E25: 0.93111898 | F25: 25653 | G25: 25687 | H25: 1.0013254 | I25: 0.92988652 | J25: 16 | K25: 1
A27: 요약 — 경쟁사 그룹별 대조군 매칭 DiD (건조건수 기준, 지점 합산)
A29: 구분 | B29: 실험지점수 | C29: 실험_전기 | D29: 실험_후기 | E29: 실험변화율 | F29: 대조_전기 | G29: 대조_후기 | H29: 대조변화율 | I29: 순효과(DiD) | J29: 대조군지점수
A30: 150-0 | B30: 3 | C30: 1940 | D30: 2184 | E30: 1.1257732 | F30: 15412 | G30: 15954 | H30: 1.0351674 | I30: 1.0875277 | J30: 4
A31: 150-1 | B31: 2 | C31: 1605 | D31: 1693 | E31: 1.0548287 | F31: 16705 | G31: 16367 | H31: 0.97976654 | I31: 1.0766123 | J31: 6
A32: 150-2 | B32: 1 | C32: 883 | D32: 755 | E32: 0.85503964 | F32: 4468 | G32: 4224 | H32: 0.94538944 | I32: 0.90443113 | J32: 5
A33: 전체 | B33: 6 | C33: 4428 | D33: 4632 | E33: 1.0460705 | F33: 36585 | G33: 36545 | H33: 0.99890666 | I33: 1.0472154 | J33: 16
A35: 결론 (경쟁사 그룹 대조군 매칭 기준)
A36: • 【세탁】 경쟁 밀도가 높을수록 DiD 감소: 150-0 1.021 → 150-1 0.875 → 150-2 0.785 (전체 0.930)
A37: • 【건조】 DiD가 세탁보다 전반적으로 높음: 150-0 1.088 → 150-1 1.077 → 150-2 0.904 (전체 1.047) — 경쟁사 2개 이상에서만 1 미만
A38: • 해석: 세탁은 할인 종료 후 경쟁사 있는 입지에서 크게 이탈(150-1 −13%, 150-2 −21%). 건조는 세탁을 하면 따라오므로 전반 유지되나, 경쟁사 2개 이상 입지는 건조까지 이탈(0.90)
A39: • 대조군 건수비율: 150-0 43.6%, 150-1 43.7%, 150-2 12.7% — 150-2 그룹은 대조군 표본이 얇아 해석 시 주의
A40: • 시사점: 경쟁사 없는 입지는 할인 필요성 낮음. 경쟁사 2개 이상 입지는 세탁·건조 모두 이탈이 커 할인 재설계(기간·폭) 우선 검토
A42: 가격 권장안 — 경쟁사 유무별 차등 할인 (세탁만 해당, 건조 할인 없음)
A43: 현재는 입지 구분 없이 일괄 −60%~−43% 할인. 분석상 경쟁사 없는 입지(150-0)는 할인 종료 후에도 고객이 유지(DiD 1.02)되어 깊은 할인이 불필요. 아래는 입지별 차등 권장안.
A45: 입력 — 정가 및 권장 할인율
A46: 코스 | B46: 정가 | C46: 현 할인가 | D46: 현 할인율 | E46: 150-0 권장할인율 | F46: 150-1 권장할인율 | G46: 150-2 권장할인율
A47: 1코스 | B47: 4950 | C47: 1990 | D47: 0.5979798 | E47: 0.2 | F47: 0.5 | G47: 0.5
A48: 2코스 | B48: 5950 | C48: 2990 | D48: 0.49747899 | E48: 0.2 | F48: 0.5 | G48: 0.5
A49: 3코스 | B49: 6950 | C49: 3990 | D49: 0.42589928 | E49: 0.2 | F49: 0.5 | G49: 0.5
A51: 권장 할인가 (990원 끝자리 반올림)
A52: 코스 | B52: 정가 | C52: 150-0 권장가 | D52: 150-0 할인율 | E52: 150-1 권장가 | F52: 150-1 할인율 | G52: 150-2 권장가 | H52: 150-2 할인율
A53: 1코스 | B53: 4950 | C53: 3960 | D53: 0.2 | E53: 2470 | F53: 0.5010101 | G53: 2470 | H53: 0.5010101
A54: 2코스 | B54: 5950 | C54: 4760 | D54: 0.2 | E54: 2970 | F54: 0.50084034 | G54: 2970 | H54: 0.50084034
A55: 3코스 | B55: 6950 | C55: 5560 | D55: 0.2 | E55: 3470 | F55: 0.50071942 | G55: 3470 | H55: 0.50071942
A57: 권장 근거 및 운영안
A58: • 150-0 (경쟁사 없음): 세탁 DiD 1.021 — 할인 종료 후에도 고객 유지. 현 −60% 할인은 과잉. −20% 수준(1코스 3,960원)으로 낮춰 마진 회복 권장
A59: • 150-1 (경쟁사 1개): 세탁 DiD 0.875 (−13% 이탈). 경쟁사 −50% 표시에 맞춰 −50%(1코스 2,470원)로 1차 방문 유인, 품질·편의로 재방문 전환
A60: • 150-2 (경쟁사 2개+): 세탁 DiD 0.785 (−21% 최대 이탈). 가격은 −50%(2,470원) 동일하되 할인 기간을 더 길게 가져가 반복 체감 · 습관화 유도
A61: • 공통: 건조는 현행처럼 비할인 유지(세탁 사용 시 건조는 자연 따라옴, 건조 DiD 1.05로 양호). 할인은 세탁에만 집중
A62: • 경쟁사 −50% 대응: 권장안은 경쟁사 없는 곳의 마진 손실을 줄여(−60→−20) 경쟁사 있는 곳의 −50% 유지 여력을 확보. 전체 할인 예산 효율 ↑
A63: ※ 할인율은 E47:G49 입력 셀에서 조정 가능 — 변경 시 권장가 자동 재계산
A65: 30일 할인 시나리오 — 실제 세탁건수 (그룹·코스별, 오픈 60일)
A66: 첫 30일(0~29일)은 권장 할인가로, 다음 30일(30~59일)은 정가로 전환(이탈 반영) 가정. 아래 건수는 DATA 실적치.
A67: 그룹 | B67: 코스 | C67: 첫30일건수 | D67: 후30일건수(실적) | E67: 정가 | F67: 권장할인가 | G67: 현할인가 | H67: 정가자잔율 | I67: 30일시나리오매출 | J67: 현행매출(60일할인) | K67: 매출차이 | L67: 후30일정가건수
A68: 150-0 | B68: 1코스 | C68: 411 | D68: 458 | E68: 4950 | F68: 3960 | G68: 1990 | H68: 1.0468304 | I68: 3757284.1 | J68: 1729310 | K68: 2027974.1 | L68: 430.24729
A69: 150-0 | B69: 2코스 | C69: 256 | D69: 274 | E69: 5950 | F69: 4760 | G69: 2990 | H69: 1.0468304 | I69: 2813092 | J69: 1584700 | K69: 1228392 | L69: 267.98858
A70: 150-0 | B70: 3코스 | C70: 166 | D70: 163 | E70: 6950 | F70: 5560 | G70: 3990 | H70: 1.0468304 | I70: 2130688.2 | J70: 1312710 | K70: 817978.21 | L70: 173.77384
A71: 150-0 | B71: 기타(4코스류) | C71: 16 | D71: 7 | E71: 6950 | F71: 5560 | G71: 3990 | H71: 1.0468304 | I71: 205367.54 | J71: 91770 | K71: 113597.54 | L71: 16.749286
A72: 150-1 | B72: 1코스 | C72: 300 | D72: 366 | E72: 4950 | F72: 2470 | G72: 1990 | H72: 0.86751796 | I72: 2029264.2 | J72: 1325340 | K72: 703924.17 | L72: 260.25539
A73: 150-1 | B73: 2코스 | C73: 164 | D73: 158 | E73: 5950 | F73: 2970 | G73: 2990 | H73: 0.86751796 | I73: 1333604 | J73: 962780 | K73: 370824.02 | L73: 142.27294
A74: 150-1 | B74: 3코스 | C74: 122 | D74: 137 | E74: 6950 | F74: 3470 | G74: 3990 | H74: 0.86751796 | I74: 1158908.5 | J74: 1033410 | K74: 125498.48 | L74: 105.83719
A75: 150-1 | B75: 기타(4코스류) | C75: 6 | D75: 0 | E75: 6950 | F75: 3470 | G75: 3990 | H75: 0.86751796 | I75: 56995.499 | J75: 23940 | K75: 33055.499 | L75: 5.2051077
A76: 150-2 | B76: 1코스 | C76: 165 | D76: 188 | E76: 4950 | F76: 2470 | G76: 1990 | H76: 0.74738416 | I76: 1017976 | J76: 702470 | K76: 315506.01 | L76: 123.31839
A77: 150-2 | B77: 2코스 | C77: 81 | D77: 87 | E77: 5950 | F77: 2970 | G77: 2990 | H77: 0.74738416 | I77: 600771.79 | J77: 502320 | K77: 98451.794 | L77: 60.538117
A78: 150-2 | B78: 3코스 | C78: 60 | D78: 88 | E78: 6950 | F78: 3470 | G78: 3990 | H78: 0.74738416 | I78: 519859.19 | J78: 590520 | K78: -70660.807 | L78: 44.843049
A80: 그룹별 요약 (30일 시나리오 vs 현행 60일 할인)
A81: 그룹 | B81: 30일시나리오매출 | C81: 현행매출(60일) | D81: 매출차이 | E81: 차이율
A82: 150-0 | B82: 8906431.9 | C82: 4718490 | D82: 4187941.9 | E82: 0.88755976
A83: 150-1 | B83: 4578772.2 | C83: 3345470 | D83: 1233302.2 | E83: 0.3686484
A84: 150-2 | B84: 2138607 | C84: 1795310 | D84: 343297 | E84: 0.19121878
A85: 전체 | B85: 15623811 | C85: 9859270 | D85: 5764541 | E85: 0.58468234
A87: ★ 지점별 30일 할인 시나리오 — 점주별 매출 이득 액 (세탁만, 오픈 60일)
A88: 첫 30일은 권장 할인가, 다음 30일은 정가로 전환(그룹별 이탈율 반영) 가정. 현행은 60일 전부 할인 실적. 건수는 DATA 실적치, 이탈율은 세탁 실험변화율.
A89: 지점명 | B89: 그룹 | C89: 코스 | D89: 첫30일건수 | E89: 후30일건수(실적) | F89: 정가 | G89: 권장할인가 | H89: 현할인가 | I89: 정가잔존율 | J89: 30일시나리오매출 | K89: 현행매출(60일) | L89: 매출이득
A90: (0014) 수원서둔골드점 | B90: 150-1 | C90: 1코스 | D90: 147 | E90: 138 | F90: 4950 | G90: 2470 | H90: 1990 | I90: 0.86751796 | J90: 994339.44 | K90: 567150 | L90: 427189.44
A91: (0014) 수원서둔골드점 | B91: 150-1 | C91: 2코스 | D91: 75 | E91: 58 | F91: 5950 | G91: 2970 | H91: 2990 | I91: 0.86751796 | J91: 609879.89 | K91: 397670 | L91: 212209.89
A92: (0014) 수원서둔골드점 | B92: 150-1 | C92: 3코스 | D92: 48 | E92: 49 | F92: 6950 | G92: 3470 | H92: 3990 | I92: 0.86751796 | J92: 455963.99 | K92: 387030 | L92: 68933.99
A93: (0014) 수원서둔골드점 | B93: 150-1 | C93: 기타(4코스류) | D93: 6 | E93: 0 | F93: 6950 | G93: 3470 | H93: 3990 | I93: 0.86751796 | J93: 56995.499 | K93: 23940 | L93: 33055.499
A94: (1127) #수원시청뽀송점 | B94: 150-0 | C94: 1코스 | D94: 129 | E94: 148 | F94: 4950 | G94: 3960 | H94: 1990 | I94: 1.0468304 | J94: 1179293.5 | K94: 551230 | L94: 628063.54
A95: (1127) #수원시청뽀송점 | B95: 150-0 | C95: 2코스 | D95: 84 | E95: 74 | F95: 5950 | G95: 4760 | H95: 2990 | I95: 1.0468304 | J95: 923045.83 | K95: 472420 | L95: 450625.83
A96: (1127) #수원시청뽀송점 | B96: 150-0 | C96: 3코스 | D96: 55 | E96: 36 | F96: 6950 | G96: 5560 | H96: 3990 | I96: 1.0468304 | J96: 705950.91 | K96: 363090 | L96: 342860.91
A97: (1127) #수원시청뽀송점 | B97: 150-0 | C97: 기타(4코스류) | D97: 1 | E97: 0 | F97: 6950 | G97: 5560 | H97: 3990 | I97: 1.0468304 | J97: 12835.471 | K97: 3990 | L97: 8845.4712
A98: (1128) #응암서부점 | B98: 150-0 | C98: 1코스 | D98: 123 | E98: 164 | F98: 4950 | G98: 3960 | H98: 1990 | I98: 1.0468304 | J98: 1124442.7 | K98: 571130 | L98: 553312.68
A99: (1128) #응암서부점 | B99: 150-0 | C99: 2코스 | D99: 80 | E99: 101 | F99: 5950 | G99: 4760 | H99: 2990 | I99: 1.0468304 | J99: 879091.26 | K99: 541190 | L99: 337901.26
A100: (1128) #응암서부점 | B100: 150-0 | C100: 3코스 | D100: 38 | E100: 33 | F100: 6950 | G100: 5560 | H100: 3990 | I100: 1.0468304 | J100: 487747.9 | K100: 283290 | L100: 204457.9
A101: (1128) #응암서부점 | B101: 150-0 | C101: 기타(4코스류) | D101: 15 | E101: 7 | F101: 6950 | G101: 5560 | H101: 3990 | I101: 1.0468304 | J101: 192532.07 | K101: 87780 | L101: 104752.07
... A110: (1132) #한남대정문점 | B110: 150-2 | C110: 3코스 | D110: 60 | E110: 88 | F110: 6950 | G110: 3470 | H110: 3990 | I110: 0.74738416 | J110: 519859.19 | K110: 590520 | L110: -70660.807
A112: ★ 점주별 매출 이득 요약 (30일 시나리오 vs 현행 60일 할인)
A113: 지점명 | B113: 그룹 | C113: 30일시나리오매출 | D113: 현행매출(60일) | E113: 매출이득 | F113: 이득율
A114: (1131) #대전백운초교점 | B114: 150-0 | C114: 3401492.2 | D114: 1844370 | E114: 1557122.2 | F114: 0.84425695
A115: (1127) #수원시청뽀송점 | B115: 150-0 | C115: 2821125.8 | D115: 1390730 | E115: 1430395.8 | F115: 1.0285215
A116: (1128) #응암서부점 | B116: 150-0 | C116: 2683813.9 | D116: 1483390 | E116: 1200423.9 | F116: 0.80924363
A117: (0014) 수원서둔골드점 | B117: 150-1 | C117: 2117178.8 | D117: 1375790 | E117: 741388.82 | F117: 0.53888226
A118: (1130) #배재대정문점 | B118: 150-1 | C118: 2461593.3 | D118: 1969680 | E118: 491913.34 | F118: 0.24974277
A119: (1132) #한남대정문점 | B119: 150-2 | C119: 2138607 | D119: 1795310 | E119: 343297 | F119: 0.19121878
A120: 전체 | C120: 15623811 | D120: 9859270 | E120: 5764541 | F120: 0.58468234
A122: 해석
A123: • 6개 지점 모두 30일 시나리오가 현행 60일 할인보다 매출이 큼 — 후반 30일을 정가로 전환하면 이탈을 감안해도 단가 상승 효과가 더 큼
A124: • 이득 액 최대는 경쟁사 없는(150-0) 지점들: 대전백운초교 +491,913원, 수원시청뽀송 +1,430,396원 — 잔존율 100%↑라 정가 전환에도 건수 유지
...

Sheet Calc_오픈정렬(시즌미반영)
A1: 지점키 | B1: 경쟁강도 | C1: 경쟁사수 | D1: 그룹 | E1: 오픈다음달1일 | F1: 기준매출(m4-9) | G1: 1 | H1: 2 | I1: 3 | J1: 4 | K1: 5 | L1: 6 | M1: 7 | N1: 8 | O1: 9 | P1: 10 | Q1: 11 | R1: 12 | S1: 13 | T1: 14 | U1: 15 | V1: 16 | W1: 17 | X1: 18 | Y1: 19 | Z1: 20 | AA1: 21 | AB1: 22 | AC1: 23 | AD1: 24 | AE1: 25 | AF1: 26 | AG1: 27 | AH1: 28 | AI1: 29 | AJ1: 30 | AK1: 31 | AL1: 32 | AM1: 33 | AN1: 34 | AO1: 35 | AP1: 36 | AQ1: 37 | AR1: 38 | AS1: 39 | AT1: 40 | AU1: 41 | AV1: 42 | AW1: 43 | AX1: 44 | AY1: 45 | AZ1: 46 | BA1: 47 | BB1: 48 | BC1: 49 | BD1: 50 | BE1: 51 | BF1: 52 | BG1: 53 | BH1: 54 | BI1: 55 | BJ1: 56 | BK1: 57 | BL1: 58 | BM1: 59 | BN1: 60
A2: =세팅!A3 -> (0001) 건대점 | B2: =세팅!B3 -> 150-1 | C2: =IFERROR(VALUE(MID(B2,5,10)),"") -> 1 | D2: =IF(C2="","",IF(C2>=3,"3+",TEXT(C2,"0"))) -> 1 | E2: =세팅!D3 -> 42309 | F2: =IF(COUNT(J2:O2)>=4,AVERAGE(J2:O2),"") -> 4615833.3 | G2: =IFERROR(IF($A2="","",IF(SUMIFS(RAW_매출A!$J$2:$J$7000,RAW_매출A!$B$2:$B$7000,$A2,RAW_매출A!$A$2:$A$7000,EDATE($E2,G$1-1))=0,"",SUMIFS(RAW_매출A!$J$2:$J$7000,RAW_매출A!$B$2:$B$7000,$A2,RAW_매출A!$A$2:$A$7000,EDATE($E2,G$1-1)))),"") -> 3960000 | H2: =IFERROR(IF($A2="","",IF(SUMIFS(RAW_매출A!$J$2:$J$7000,RAW_매출A!$B$2:$B$7000,$A2,RAW_매출A!$A$2:$A$7000,EDATE($E2,H$1-1))=0,"",SUMIFS(RAW_매출A!$J$2:$J$7000,RAW_매출A!$B$2:$B$7000,$A2,RAW_매출A!$A$2:$A$7000,EDATE($E2,H$1-1)))),"") -> 4443000 | I2: =IFERROR(IF($A2="","",IF(SUMIFS(RAW_매출A!$J$2:$J$7000,RAW_매출A!$B$2:$B$7000,$A2,RAW_매출A!$A$2:$A$7000,EDATE($E2,I$1-1))=0,"",SUMIFS(RAW_매출A!$J$2:$J$7000,RAW_매출A!$B$2:$B$7000,$A2,RAW_매출A!$A$2:$A$7000,EDATE($E2,I$1-1)))),"") -> 4431000 | J2: =IFERROR(IF($A2="","",IF(SUMIFS(RAW_매출A!$J$2:$J$7000,RAW_매출A!$B$2:$B$7000,$A2,RAW_매출A!$A$2:$A$7000,EDATE($E2,J$1-1))=0,"",SUMIFS(RAW_매출A!$J$2:$J$7000,RAW_매출A!$B$2:$B$7000,$A2,RAW_매출A!$A$2:$A$7000,EDATE($E2,J$1-1)))),"") -> 4510000 | K2: =IFERROR(IF($A2="","",IF(SUMIFS(RAW_매출A!$J$2:$J$7000,RAW_매출A!$B$2:$B$7000,$A2,RAW_매출A!$A$2:$A$7000,EDATE($E2,K$1-1))=0,"",SUMIFS(RAW_매출A!$J$2:$J$7000,RAW_매출A!$B$2:$B$7000,$A2,RAW_매출A!$A$2:$A$7000,EDATE($E2,K$1-1)))),"") -> 5041000 | L2: =IFERROR(IF($A2="","",IF(SUMIFS(RAW_매출A!$J$2:$J$7000,RAW_매출A!$B$2:$B$7000,$A2,RAW_매출A!$A$2:$A$7000,EDATE($E2,L$1-1))=0,"",SUMIFS(RAW_매출A!$J$2:$J$7000,RAW_매출A!$B$2:$B$7000,$A2,RAW_매출A!$A$2:$A$7000,EDATE($E2,L$1-1)))),"") -> 4814000 | M2: =IFERROR(IF($A2="","",IF(SUMIFS(RAW_매출A!$J$2:$J$7000,RAW_매출A!$B$2:$B$7000,$A2,RAW_매출A!$A$2:$A$7000,EDATE($E2,M$1-1))=0,"",SUMIFS(RAW_매출A!$J$2:$J$7000,RAW_매출A!$B$2:$B$7000,$A2,RAW_매출A!$A$2:$A$7000,EDATE($E2,M$1-1)))),"") -> 4832000 | N2: =IFERROR(IF($A2="","",IF(SUMIFS(RAW_매출A!$J$2:$J$7000,RAW_매출A!$B$2:$B$7000,$A2,RAW_매출A!$A$2:$A$7000,EDATE($E2,N$1-1))=0,"",SUMIFS(RAW_매출A!$J$2:$J$7000,RAW_매출A!$B$2:$B$7000,$A2,RAW_매출A!$A$2:$A$7000,EDATE($E2,N$1-1)))),"") -> 4109000 | ... BN2: =IFERROR(IF($A2="","",IF(SUMIFS(RAW_매출A!$J$2:$J$7000,RAW_매출A!$B$2:$B$7000,$A2,RAW_매출A!$A$2:$A$7000,EDATE($E2,BN$1-1))=0,"",SUMIFS(RAW_매출A!$J$2:$J$7000,RAW_매출A!$B$2:$B$7000,$A2,RAW_매출A!$A$2:$A$7000,EDATE($E2,BN$1-1)))),"") -> 7488000
A3: =세팅!A4 -> (0002) 인헌점 | B3: =세팅!B4 -> 150-1 | C3: =IFERROR(VALUE(MID(B3,5,10)),"") -> 1 | D3: =IF(C3="","",IF(C3>=3,"3+",TEXT(C3,"0"))) -> 1 | E3: =세팅!D4 -> 42461 | F3: =IF(COUNT(J3:O3)>=4,AVERAGE(J3:O3),"") -> 1792833.3 | G3: =IFERROR(IF($A3="","",IF(SUMIFS(RAW_매출A!$J$2:$J$7000,RAW_매출A!$B$2:$B$7000,$A3,RAW_매출A!$A$2:$A$7000,EDATE($E3,G$1-1))=0,"",SUMIFS(RAW_매출A!$J$2:$J$7000,RAW_매출A!$B$2:$B$7000,$A3,RAW_매출A!$A$2:$A$7000,EDATE($E3,G$1-1)))),"") -> 1567000 | H3: =IFERROR(IF($A3="","",IF(SUMIFS(RAW_매출A!$J$2:$J$7000,RAW_매출A!$B$2:$B$7000,$A3,RAW_매출A!$A$2:$A$7000,EDATE($E3,H$1-1))=0,"",SUMIFS(RAW_매출A!$J$2:$J$7000,RAW_매출A!$B$2:$B$7000,$A3,RAW_매출A!$A$2:$A$7000,EDATE($E3,H$1-1)))),"") -> 1446000 | I3: =IFERROR(IF($A3="","",IF(SUMIFS(RAW_매출A!$J$2:$J$7000,RAW_매출A!$B$2:$B$7000,$A3,RAW_매출A!$A$2:$A$7000,EDATE($E3,I$1-1))=0,"",SUMIFS(RAW_매출A!$J$2:$J$7000,RAW_매출A!$B$2:$B$7000,$A3,RAW_매출A!$A$2:$A$7000,EDATE($E3,I$1-1)))),"") -> 1247000 | J3: =IFERROR(IF($A3="","",IF(SUMIFS(RAW_매출A!$J$2:$J$7000,RAW_매출A!$B$2:$B$7000,$A3,RAW_매출A!$A$2:$A$7000,EDATE($E3,J$1-1))=0,"",SUMIFS(RAW_매출A!$J$2:$J$7000,RAW_매출A!$B$2:$B$7000,$A3,RAW_매출A!$A$2:$A$7000,EDATE($E3,J$1-1)))),"") -> 1536000 | K3: =IFERROR(IF($A3="","",IF(SUMIFS(RAW_매출A!$J$2:$J$7000,RAW_매출A!$B$2:$B$7000,$A3,RAW_매출A!$A$2:$A$7000,EDATE($E3,K$1-1))=0,"",SUMIFS(RAW_매출A!$J$2:$J$7000,RAW_매출A!$B$2:$B$7000,$A3,RAW_매출A!$A$2:$A$7000,EDATE($E3,K$1-1)))),"") -> 1411000 | L3: =IFERROR(IF($A3="","",IF(SUMIFS(RAW_매출A!$J$2:$J$7000,RAW_매출A!$B$2:$B$7000,$A3,RAW_매출A!$A$2:$A$7000,EDATE($E3,L$1-1))=0,"",SUMIFS(RAW_매출A!$J$2:$J$7000,RAW_매출A!$B$2:$B$7000,$A3,RAW_매출A!$A$2:$A$7000,EDATE($E3,L$1-1)))),"") -> 1579000 | M3: =IFERROR(IF($A3="","",IF(SUMIFS(RAW_매출A!$J$2:$J$7000,RAW_매출A!$B$2:$B$7000,$A3,RAW_매출A!$A$2:$A$7000,EDATE($E3,M$1-1))=0,"",SUMIFS(RAW_매출A!$J$2:$J$7000,RAW_매출A!$B$2:$B$7000,$A3,RAW_매출A!$A$2:$A$7000,EDATE($E3,M$1-1)))),"") -> 2205000 | N3: =IFERROR(IF($A3="","",IF(SUMIFS(RAW_매출A!$J$2:$J$7000,RAW_매출A!$B$2:$B$7000,$A3,RAW_매출A!$A$2:$A$7000,EDATE($E3,N$1-1))=0,"",SUMIFS(RAW_매출A!$J$2:$J$7000,RAW_매출A!$B$2:$B$7000,$A3,RAW_매출A!$A$2:$A$7000,EDATE($E3,N$1-1)))),"") -> 1879000 | ... BN3: =IFERROR(IF($A3="","",IF(SUMIFS(RAW_매출A!$J$2:$J$7000,RAW_매출A!$B$2:$B$7000,$A3,RAW_매출A!$A$2:$A$7000,EDATE($E3,BN$1-1))=0,"",SUMIFS(RAW_매출A!$J$2:$J$7000,RAW_매출A!$B$2:$B$7000,$A3,RAW_매출A!$A$2:$A$7000,EDATE($E3,BN$1-1)))),"") -> 4366000
A4: =세팅!A5 -> (0003) 구디점 | B4: =세팅!B5 -> 150-3 | C4: =IFERROR(VALUE(MID(B4,5,10)),"") -> 3 | D4: =IF(C4="","",IF(C4>=3,"3+",TEXT(C4,"0"))) -> 3+ | E4: =세팅!D5 -> 42522 | F4: =IF(COUNT(J4:O4)>=4,AVERAGE(J4:O4),"") -> 5836333.3 | G4: =IFERROR(IF($A4="","",IF(SUMIFS(RAW_매출A!$J$2:$J$7000,RAW_매출A!$B$2:$B$7000,$A4,RAW_매출A!$A$2:$A$7000,EDATE($E4,G$1-1))=0,"",SUMIFS(RAW_매출A!$J$2:$J$7000,RAW_매출A!$B$2:$B$7000,$A4,RAW_매출A!$A$2:$A$7000,EDATE($E4,G$1-1)))),"") -> 4591000 | H4: =IFERROR(IF($A4="","",IF(SUMIFS(RAW_매출A!$J$2:$J$7000,RAW_매출A!$B$2:$B$7000,$A4,RAW_매출A!$A$2:$A$7000,EDATE($E4,H$1-1))=0,"",SUMIFS(RAW_매출A!$J$2:$J$7000,RAW_매출A!$B$2:$B$7000,$A4,RAW_매출A!$A$2:$A$7000,EDATE($E4,H$1-1)))),"") -> 5406000 | I4: =IFERROR(IF($A4="","",IF(SUMIFS(RAW_매출A!$J$2:$J$7000,RAW_매출A!$B$2:$B$7000,$A4,RAW_매출A!$A$2:$A$7000,EDATE($E4,I$1-1))=0,"",SUMIFS(RAW_매출A!$J$2:$J$7000,RAW_매출A!$B$2:$B$7000,$A4,RAW_매출A!$A$2:$A$7000,EDATE($E4,I$1-1)))),"") -> 4854000 | J4: =IFERROR(IF($A4="","",IF(SUMIFS(RAW_매출A!$J$2:$J$7000,RAW_매출A!$B$2:$B$7000,$A4,RAW_매출A!$A$2:$A$7000,EDATE($E4,J$1-1))=0,"",SUMIFS(RAW_매출A!$J$2:$J$7000,RAW_매출A!$B$2:$B$7000,$A4,RAW_매출A!$A$2:$A$7000,EDATE($E4,J$1-1)))),"") -> 5314000 | K4: =IFERROR(IF($A4="","",IF(SUMIFS(RAW_매출A!$J$2:$J$7000,RAW_매출A!$B$2:$B$7000,$A4,RAW_매출A!$A$2:$A$7000,EDATE($E4,K$1-1))=0,"",SUMIFS(RAW_매출A!$J$2:$J$7000,RAW_매출A!$B$2:$B$7000,$A4,RAW_매출A!$A$2:$A$7000,EDATE($E4,K$1-1)))),"") -> 6197000 | L4: =IFERROR(IF($A4="","",IF(SUMIFS(RAW_매출A!$J$2:$J$7000,RAW_매출A!$B$2:$B$7000,$A4,RAW_매출A!$A$2:$A$7000,EDATE($E4,L$1-1))=0,"",SUMIFS(RAW_매출A!$J$2:$J$7000,RAW_매출A!$B$2:$B$7000,$A4,RAW_매출A!$A$2:$A$7000,EDATE($E4,L$1-1)))),"") -> 5802000 | M4: =IFERROR(IF($A4="","",IF(SUMIFS(RAW_매출A!$J$2:$J$7000,RAW_매출A!$B$2:$B$7000,$A4,RAW_매출A!$A$2:$A$7000,EDATE($E4,M$1-1))=0,"",SUMIFS(RAW_매출A!$J$2:$J$7000,RAW_매출A!$B$2:$B$7000,$A4,RAW_매출A!$A$2:$A$7000,EDATE($E4,M$1-1)))),"") -> 6160000 | N4: =IFERROR(IF($A4="","",IF(SUMIFS(RAW_매출A!$J$2:$J$7000,RAW_매출A!$B$2:$B$7000,$A4,RAW_매출A!$A$2:$A$7000,EDATE($E4,N$1-1))=0,"",SUMIFS(RAW_매출A!$J$2:$J$7000,RAW_매출A!$B$2:$B$7000,$A4,RAW_매출A!$A$2:$A$7000,EDATE($E4,N$1-1)))),"") -> 5689000 | ... BN4: =IFERROR(IF($A4="","",IF(SUMIFS(RAW_매출A!$J$2:$J$7000,RAW_매출A!$B$2:$B$7000,$A4,RAW_매출A!$A$2:$A$7000,EDATE($E4,BN$1-1))=0,"",SUMIFS(RAW_매출A!$J$2:$J$7000,RAW_매출A!$B$2:$B$7000,$A4,RAW_매출A!$A$2:$A$7000,EDATE($E4,BN$1-1)))),"") -> 12869000
