Workbook

Sheet Claude Log
A1: Turn # | B1: Date | C1: User Request | D1: Action Taken | E1: Details | F1: Outcome
A2: 1 | B2: 46231 | C2: 성장곡선 회귀 구간을 오픈후 6~36개월로 잡은 이유 질문 | D2: 읽기 전용 분석 — 회귀 구간 근거 설명 | E2: 요약_성장곡선 M32:P35(SLOPE/INTERCEPT/RSQ, B8:B38 = m6~36), G28:J40 표본수(n), 세팅!K3:L8(36M/48M 초과 매장수), 요약_연차별성장률 확인 | F2: 설명 완료: 하한 6=램프업·오픈할인 왜곡 제외 및 기준선(100) 도달 시점, 상한 36=표본수 급감·생존편향 회피. 워크북 변경 없음
A3: 2 | B3: 46231 | C3: 그룹0의 m6~36 평균은 124인데 절편(97.2)은 어떻게 산출되는지 질문. 이어서 N32 복구는 불필요하다고 회신 | D3: 읽기 전용 설명 — 회귀 절편 산출 원리 설명 후 회귀 블록 현재 상태 재확인 | E3: 절편 = ȳ − 기울기×x̄ = 124.0 − 1.2756×21 = 97.2 (x̄=21은 m6~36의 중앙). 요약_성장곡선 M32:P35 재확인 결과 N32의 =INTERCEPT(B8:B38,$A8:$A38) 수식이 정상 복원되어 있음(97.226) | F3: 설명 완료. 사용자 요청에 따라 워크북 수정 없음. M32:P35 수식 4행 모두 정상
A4: 3 | B4: 46231 | C4: (1) x̄=(6+36)/2의 의미, (2) 절편 97.2 vs 실제 시작 66~80 차이, (3) 기준창 m4~9와 회귀창 m6~36의 차이 질문 / 신규매장(실적 4개월)용으로 m1-12·m1-24·m1-36 기울기를 그룹별+3+제외 평균으로 산출 요청 | D4: 요약_성장곡선 L45:R53에 m1 시작 기준 구간별 SLOPE·RSQ 표 신설 | E4: SLOPE/RSQ(B$3:B$14 / B$3:B$26 / B$3:B$38 등) 그룹0~3+ 4행, 평균행은 AVERAGE(M47:M49)로 그룹3+ 제외 단순평균. 기존 M32:P35(m6-36 회귀)는 미변경, 사용자 검산블록 M41:P43도 미변경 | F4: 기울기 m1-12/24/36 = 그룹0 3.63/2.25/1.62, 그룹1 3.14/1.64/1.35, 그룹2 3.89/1.74/1.39, 그룹3+ 2.38/1.11/0.30, 3+제외 평균 3.55/1.88/1.45. 장기 외삽 금지 주석 2행 추가

Sheet 세팅
E1: 46174
A2: 지점키 | B2: 경쟁강도 | C2: 오픈일 | D2: 오픈다음달1일 | E2: 운영개월수 | F2: 36m초과 | G2: 48m초과 | K2: 36M초과 | L2: 48M초과 | N2: 월 | O2: 평균 인덱스 (램프업 제외)
A3: (0001) 건대점 | B3: 150-1 | C3: 42292 | D3: =EOMONTH(C3,0)+1 -> 42309 | E3: =DATEDIF(C3,$E$1,"m") -> 127 | F3: 36M초과 | G3: 48M초과 | J3: 150-0 | K3: =COUNTIF($B$3:$B$85,J3) -> 17 | L3: =COUNTIF($B$3:$B$56,J3) -> 9 | N3: 1 | O3: 91.030317
A4: (0002) 인헌점 | B4: 150-1 | C4: 42444 | D4: =EOMONTH(C4,0)+1 -> 42461 | E4: =DATEDIF(C4,$E$1,"m") -> 122 | F4: 36M초과 | G4: 48M초과 | J4: 150-1 | K4: =COUNTIF($B$3:$B$85,J4) -> 31 | L4: =COUNTIF($B$3:$B$56,J4) -> 21 | N4: 2 | O4: 84.287776
A5: (0003) 구디점 | B5: 150-3 | C5: 42503 | D5: =EOMONTH(C5,0)+1 -> 42522 | E5: =DATEDIF(C5,$E$1,"m") -> 120 | F5: 36M초과 | G5: 48M초과 | J5: 150-2 | K5: =COUNTIF($B$3:$B$85,J5) -> 23 | L5: =COUNTIF($B$3:$B$56,J5) -> 14 | N5: 3 | O5: 97.171601
A6: (0004) 신림점 | B6: 150-4 | C6: 42638 | D6: =EOMONTH(C6,0)+1 -> 42644 | E6: =DATEDIF(C6,$E$1,"m") -> 116 | F6: 36M초과 | G6: 48M초과 | J6: 150-3 | K6: =COUNTIF($B$3:$B$85,J6) -> 8 | L6: =COUNTIF($B$3:$B$56,J6) -> 6 | N6: 4 | O6: 96.499915
A7: (0005) 대학점 | B7: 150-2 | C7: 42708 | D7: =EOMONTH(C7,0)+1 -> 42736 | E7: =DATEDIF(C7,$E$1,"m") -> 113 | F7: 36M초과 | G7: 48M초과 | J7: 150-4 | K7: =COUNTIF($B$3:$B$85,J7) -> 3 | L7: =COUNTIF($B$3:$B$56,J7) -> 3 | N7: 5 | O7: 105.36696
A8: (0006) 서림점 | B8: 150-2 | C8: 43039 | D8: =EOMONTH(C8,0)+1 -> 43040 | E8: =DATEDIF(C8,$E$1,"m") -> 103 | F8: 36M초과 | G8: 48M초과 | J8: 150-5 | K8: =COUNTIF($B$3:$B$85,J8) -> 0 | L8: =COUNTIF($B$3:$B$56,J8) -> 0 | N8: 6 | O8: 102.78469
A9: (0007) 낙성대점 | B9: 150-1 | C9: 43146 | D9: =EOMONTH(C9,0)+1 -> 43160 | E9: =DATEDIF(C9,$E$1,"m") -> 99 | F9: 36M초과 | G9: 48M초과 | N9: 7 | O9: 104.67865
A10: (0008) 트리하우스점 | C10: 43252 | D10: =EOMONTH(C10,0)+1 -> 43282 | E10: =DATEDIF(C10,$E$1,"m") -> 96 | F10: 36M초과 | G10: 48M초과 | N10: 8 | O10: 102.04522
A11: (0009) 신원점 | B11: 150-0 | C11: 43779 | D11: =EOMONTH(C11,0)+1 -> 43800 | E11: =DATEDIF(C11,$E$1,"m") -> 78 | F11: 36M초과 | G11: 48M초과 | N11: 9 | O11: 100.12358
A12: (0010) 별빛거리점 | B12: 150-3 | C12: 44583 | D12: =EOMONTH(C12,0)+1 -> 44593 | E12: =DATEDIF(C12,$E$1,"m") -> 52 | F12: 36M초과 | G12: 48M초과 | N12: 10 | O12: 115.59456
A13: (0011) 천안성정공원점 | B13: 150-2 | C13: 44889 | D13: =EOMONTH(C13,0)+1 -> 44896 | E13: =DATEDIF(C13,$E$1,"m") -> 42 | F13: 36M초과 | G13: 48M초과 | N13: 11 | O13: 104.11252
A14: (0012) 우송대북문점 | B14: 150-1 | C14: 45470 | D14: =EOMONTH(C14,0)+1 -> 45474 | E14: =DATEDIF(C14,$E$1,"m") -> 23 | F14: 36M초과 | G14: 48M초과 | N14: 12 | O14: 103.33184
A15: (0013) 구의역파워점 | B15: 150-1 | C15: 45810 | D15: =EOMONTH(C15,0)+1 -> 45839 | E15: =DATEDIF(C15,$E$1,"m") -> 11 | F15: 36M초과 | G15: 48M초과
A16: (0014) 수원서둔골드점 | B16: 150-1 | C16: 45859 | D16: =EOMONTH(C16,0)+1 -> 45870 | E16: =DATEDIF(C16,$E$1,"m") -> 10 | F16: 36M초과 | G16: 48M초과
A17: (1001) #화곡점 | B17: 150-1 | C17: 43629 | D17: =EOMONTH(C17,0)+1 -> 43647 | E17: =DATEDIF(C17,$E$1,"m") -> 83 | F17: 36M초과 | G17: 48M초과 | K17: 정상가 | L17: 오픈할인가 | M17: 할인율
A18: (1002) #신대방점 | B18: 150-4 | C18: 43631 | D18: =EOMONTH(C18,0)+1 -> 43647 | E18: =DATEDIF(C18,$E$1,"m") -> 83 | F18: 36M초과 | G18: 48M초과 | J18: 표준 | K18: 4950 | L18: 1990 | M18: =L18/K18-1 -> -0.5979798
A19: (1003) #샤로수점 | B19: 150-2 | C19: 43743 | D19: =EOMONTH(C19,0)+1 -> 43770 | E19: =DATEDIF(C19,$E$1,"m") -> 79 | F19: 36M초과 | G19: 48M초과 | J19: 살균 | K19: 5950 | L19: 2990 | M19: =L19/K19-1 -> -0.49747899
A20: (1004) #서울대입구점 | B20: 150-1 | C20: 43834 | D20: =EOMONTH(C20,0)+1 -> 43862 | E20: =DATEDIF(C20,$E$1,"m") -> 76 | F20: 36M초과 | G20: 48M초과 | J20: 대용량 | K20: 6950 | L20: 3990 | M20: =L20/K20-1 -> -0.42589928
A21: (1005) #쑥고개점 | B21: 150-1 | C21: 43833 | D21: =EOMONTH(C21,0)+1 -> 43862 | E21: =DATEDIF(C21,$E$1,"m") -> 76 | F21: 36M초과 | G21: 48M초과
A22: (1006) #회기점 | B22: 150-1 | C22: 43853 | D22: =EOMONTH(C22,0)+1 -> 43862 | E22: =DATEDIF(C22,$E$1,"m") -> 76 | F22: 36M초과 | G22: 48M초과
A23: (1007) #구의점 | B23: 150-2 | C23: 43945 | D23: =EOMONTH(C23,0)+1 -> 43952 | E23: =DATEDIF(C23,$E$1,"m") -> 73 | F23: 36M초과 | G23: 48M초과
A24: (1008) #개포드림웍스점 | B24: 150-0 | C24: 44015 | D24: =EOMONTH(C24,0)+1 -> 44044 | E24: =DATEDIF(C24,$E$1,"m") -> 70 | F24: 36M초과 | G24: 48M초과
A25: (1009) #진시스장항점 | B25: 150-3 | C25: 44042 | D25: =EOMONTH(C25,0)+1 -> 44044 | E25: =DATEDIF(C25,$E$1,"m") -> 70 | F25: 36M초과 | G25: 48M초과
A26: (1010) #삼전엠케이점 | B26: 150-0 | C26: 44043 | D26: =EOMONTH(C26,0)+1 -> 44044 | E26: =DATEDIF(C26,$E$1,"m") -> 70 | F26: 36M초과 | G26: 48M초과
A27: (1011) #신길점 | B27: 150-1 | C27: 44072 | D27: =EOMONTH(C27,0)+1 -> 44075 | E27: =DATEDIF(C27,$E$1,"m") -> 69 | F27: 36M초과 | G27: 48M초과
A28: (1012) #석촌점 | B28: 150-0 | C28: 44085 | D28: =EOMONTH(C28,0)+1 -> 44105 | E28: =DATEDIF(C28,$E$1,"m") -> 68 | F28: 36M초과 | G28: 48M초과
A29: (1014) #자곡점 | B29: 150-2 | C29: 44147 | D29: =EOMONTH(C29,0)+1 -> 44166 | E29: =DATEDIF(C29,$E$1,"m") -> 66 | F29: 36M초과 | G29: 48M초과
A30: (1015) #사당점 | B30: 150-1 | C30: 44154 | D30: =EOMONTH(C30,0)+1 -> 44166 | E30: =DATEDIF(C30,$E$1,"m") -> 66 | F30: 36M초과 | G30: 48M초과
A31: (1016) #가산점 | B31: 150-2 | C31: 44169 | D31: =EOMONTH(C31,0)+1 -> 44197 | E31: =DATEDIF(C31,$E$1,"m") -> 65 | F31: 36M초과 | G31: 48M초과
A32: (1019) #청룡점 | B32: 150-3 | C32: 44252 | D32: =EOMONTH(C32,0)+1 -> 44256 | E32: =DATEDIF(C32,$E$1,"m") -> 63 | F32: 36M초과 | G32: 48M초과
... A48: (1036) #낙성대행운점 | B48: 150-1 | C48: 44508 | D48: =EOMONTH(C48,0)+1 -> 44531 | E48: =DATEDIF(C48,$E$1,"m") -> 54 | F48: 36M초과 | G48: 48M초과
A49: (1037) #신림퍼스트점 | B49: 150-2 | C49: #N/A | D49: =EOMONTH(C49,0)+1 -> #N/A | E49: =DATEDIF(C49,$E$1,"m") -> #N/A | F49: 36M초과 | G49: 48M초과
A50: (1038) #한양여대점 | B50: 150-2 | C50: 44616 | D50: =EOMONTH(C50,0)+1 -> 44621 | E50: =DATEDIF(C50,$E$1,"m") -> 51 | F50: 36M초과 | G50: 48M초과
A51: (1039) #이문점 | B51: 150-2 | C51: 44643 | D51: =EOMONTH(C51,0)+1 -> 44652 | E51: =DATEDIF(C51,$E$1,"m") -> 50 | F51: 36M초과 | G51: 48M초과
A52: (1040) #독산역점 | B52: 150-1 | C52: 44651 | D52: =EOMONTH(C52,0)+1 -> 44652 | E52: =DATEDIF(C52,$E$1,"m") -> 50 | F52: 36M초과 | G52: 48M초과
A53: (1041) #인하대점 | B53: 150-3 | C53: 44657 | D53: =EOMONTH(C53,0)+1 -> 44682 | E53: =DATEDIF(C53,$E$1,"m") -> 49 | F53: 36M초과 | G53: 48M초과
A54: (1042) #연희점 | B54: 150-1 | C54: 44659 | D54: =EOMONTH(C54,0)+1 -> 44682 | E54: =DATEDIF(C54,$E$1,"m") -> 49 | F54: 36M초과 | G54: 48M초과
A55: (1043) #고대정문점 | B55: 150-0 | C55: 44694 | D55: =EOMONTH(C55,0)+1 -> 44713 | E55: =DATEDIF(C55,$E$1,"m") -> 48 | F55: 36M초과 | G55: 48M초과
A56: (1044) #정왕역점 | B56: 150-2 | C56: 44712 | D56: =EOMONTH(C56,0)+1 -> 44713 | E56: =DATEDIF(C56,$E$1,"m") -> 48 | F56: 36M초과 | G56: 48M초과
A57: (1045) #병점진안점 | B57: 150-2 | C57: 44762 | D57: =EOMONTH(C57,0)+1 -> 44774 | E57: =DATEDIF(C57,$E$1,"m") -> 46 | F57: 36M초과
A58: (1046) #인천시청점 | B58: 150-3 | C58: 44775 | D58: =EOMONTH(C58,0)+1 -> 44805 | E58: =DATEDIF(C58,$E$1,"m") -> 45 | F58: 36M초과
A59: (1047) #복우물공원점 | B59: 150-2 | C59: 44783 | D59: =EOMONTH(C59,0)+1 -> 44805 | E59: =DATEDIF(C59,$E$1,"m") -> 45 | F59: 36M초과
A60: (1048) #라페스타호수점 | B60: 150-2 | C60: 44798 | D60: =EOMONTH(C60,0)+1 -> 44805 | E60: =DATEDIF(C60,$E$1,"m") -> 45 | F60: 36M초과
A61: (1049) #천호역점 | B61: 150-1 | C61: 44802 | D61: =EOMONTH(C61,0)+1 -> 44805 | E61: =DATEDIF(C61,$E$1,"m") -> 45 | F61: 36M초과
A62: (1050) #라페스타장항점 | B62: 150-2 | C62: 44811 | D62: =EOMONTH(C62,0)+1 -> 44835 | E62: =DATEDIF(C62,$E$1,"m") -> 44 | F62: 36M초과
A63: (1051) #오류행복주택점 | B63: 150-2 | C63: 44820 | D63: =EOMONTH(C63,0)+1 -> 44835 | E63: =DATEDIF(C63,$E$1,"m") -> 44 | F63: 36M초과
A64: (1052) #길병원사거리점 | B64: 150-0 | C64: 44845 | D64: =EOMONTH(C64,0)+1 -> 44866 | E64: =DATEDIF(C64,$E$1,"m") -> 43 | F64: 36M초과
A65: (1053) #인하용현점 | B65: 150-2 | C65: 44848 | D65: =EOMONTH(C65,0)+1 -> 44866 | E65: =DATEDIF(C65,$E$1,"m") -> 43 | F65: 36M초과
A66: (1054) #성대율전점 | B66: 150-1 | C66: 44854 | D66: =EOMONTH(C66,0)+1 -> 44866 | E66: =DATEDIF(C66,$E$1,"m") -> 43 | F66: 36M초과
A67: (1055) #영통신원뽀송점 | B67: 150-1 | C67: 44855 | D67: =EOMONTH(C67,0)+1 -> 44866 | E67: =DATEDIF(C67,$E$1,"m") -> 43 | F67: 36M초과
A68: (1056) #매탄삼성점 | B68: 150-0 | C68: 44859 | D68: =EOMONTH(C68,0)+1 -> 44866 | E68: =DATEDIF(C68,$E$1,"m") -> 43 | F68: 36M초과
... A85: (1073) #고대후문점 | B85: 150-0 | C85: 45042 | D85: =EOMONTH(C85,0)+1 -> 45047 | E85: =DATEDIF(C85,$E$1,"m") -> 37 | F85: 36M초과
A86: (1074) #평택용이파크점 | B86: 150-1 | C86: 45049 | D86: =EOMONTH(C86,0)+1 -> 45078 | E86: =DATEDIF(C86,$E$1,"m") -> 36
A87: (1075) #연대동문점 | B87: 150-1 | C87: 45077 | D87: =EOMONTH(C87,0)+1 -> 45078 | E87: =DATEDIF(C87,$E$1,"m") -> 36
A88: (1076) #수원매탄스쿨점 | B88: 150-0 | C88: 45097 | D88: =EOMONTH(C88,0)+1 -> 45108 | E88: =DATEDIF(C88,$E$1,"m") -> 35
A89: (1077) #양청송대공원점 | B89: 150-0 | C89: 45120 | D89: =EOMONTH(C89,0)+1 -> 45139 | E89: =DATEDIF(C89,$E$1,"m") -> 34
A90: (1078) #오창양청파크점 | B90: 150-0 | C90: 45120 | D90: =EOMONTH(C90,0)+1 -> 45139 | E90: =DATEDIF(C90,$E$1,"m") -> 34
A91: (1079) #충북대정문점 | B91: 150-0 | C91: 45121 | D91: =EOMONTH(C91,0)+1 -> 45139 | E91: =DATEDIF(C91,$E$1,"m") -> 34
A92: (1080) #오산대호스쿨점 | B92: 150-1 | C92: 45121 | D92: =EOMONTH(C92,0)+1 -> 45139 | E92: =DATEDIF(C92,$E$1,"m") -> 34
A93: (1081) #등마루증미역점 | B93: 150-2 | C93: 45126 | D93: =EOMONTH(C93,0)+1 -> 45139 | E93: =DATEDIF(C93,$E$1,"m") -> 34
A94: (1082) #천천푸르지오서문점 | B94: 150-0 | C94: 45133 | D94: =EOMONTH(C94,0)+1 -> 45139 | E94: =DATEDIF(C94,$E$1,"m") -> 34
A95: (1083) #신촌창천스쿨점 | B95: 150-0 | C95: 45140 | D95: =EOMONTH(C95,0)+1 -> 45170 | E95: =DATEDIF(C95,$E$1,"m") -> 33
A96: (1084) #신대방삼거리점 | B96: 150-2 | C96: 45154 | D96: =EOMONTH(C96,0)+1 -> 45170 | E96: =DATEDIF(C96,$E$1,"m") -> 33
A97: (1085) #신설동오거리점 | B97: 150-3 | C97: 45159 | D97: =EOMONTH(C97,0)+1 -> 45170 | E97: =DATEDIF(C97,$E$1,"m") -> 33
... A151: (1140) #대전보건대점 | B151: 150-1 | C151: 46129 | D151: =EOMONTH(C151,0)+1 -> 46143 | E151: =DATEDIF(C151,$E$1,"m") -> 1

Sheet 요약_월별시즈널리티
A1: 월별 시즈널리티 인덱스 (이상치 매장 8개 제외)
A3: 인덱스 = (해당월 매출 / 매장-연도 평균 매출) × 100, 100=평균
A4: 제외 매장: 요약_이상치감지 [B] 8개 매장 (3개월 이동평균 -30% 이상 급락)
A6: 월 | B6: 페어 수 | C6: 평균 인덱스 | D6: 중앙값 인덱스 | E6: 페어 수 (램프업 제외) | F6: 평균 인덱스 (램프업 제외) | G6: 중앙값 인덱스 (램프업 제외) | H6: 평균 차이 (제외 − 포함)
A7: 1 | B7: {=SUMPRODUCT((ISNUMBER([1]Calc_매장월인덱스!P$2:P$242))*([1]Calc_매장월인덱스!AB$2:AB$242=0))} -> 218 | C7: {=IFERROR(SUMPRODUCT(IFERROR([1]Calc_매장월인덱스!P$2:P$242*(ISNUMBER([1]Calc_매장월인덱스!P$2:P$242))*([1]Calc_매장월인덱스!AB$2:AB$242=0),0))/B7,"-")} -> 87.245366 | D7: {=IFERROR(_xlfn.AGGREGATE(17,6,[1]Calc_매장월인덱스!P$2:P$242/(([1]Calc_매장월인덱스!AB$2:AB$242=0)*ISNUMBER([1]Calc_매장월인덱스!P$2:P$242)),2),"-")} -> 88.781982 | E7: {=SUMPRODUCT((ISNUMBER(INDEX([1]Calc_매장월인덱스!$P$2:$AA$242,0,$A7)))*([1]Calc_매장월인덱스!$AB$2:$AB$242=0)*(([1]Calc_매장월인덱스!$B$2:$B$242*12+$A7) - ([1]Calc_매장월인덱스!$AD$2:$AD$242*12+[1]Calc_매장월인덱스!$AE$2:$AE$242)>=6))} -> 165 | F7: {=IFERROR(SUMPRODUCT(IFERROR(INDEX([1]Calc_매장월인덱스!$P$2:$AA$242,0,$A7)*(ISNUMBER(INDEX([1]Calc_매장월인덱스!$P$2:$AA$242,0,$A7)))*([1]Calc_매장월인덱스!$AB$2:$AB$242=0)*(([1]Calc_매장월인덱스!$B$2:$B$242*12+$A7) - ([1]Calc_매장월인덱스!$AD$2:$AD$242*12+[1]Calc_매장월인덱스!$AE$2:$AE$242)>=6),0))/E7,"-")} -> 91.030317 | G7: {=IFERROR(_xlfn.AGGREGATE(17,6,INDEX([1]Calc_매장월인덱스!$P$2:$AA$242,0,$A7)/(([1]Calc_매장월인덱스!$AB$2:$AB$242=0)*ISNUMBER(INDEX([1]Calc_매장월인덱스!$P$2:$AA$242,0,$A7))*(([1]Calc_매장월인덱스!$B$2:$B$242*12+$A7) - ([1]Calc_매장월인덱스!$AD$2:$AD$242*12+[1]Calc_매장월인덱스!$AE$2:$AE$242)>=6)),2),"-")} -> 91.064932 | H7: =IFERROR(F7-C7,"-") -> 3.7849509
A8: 2 | B8: {=SUMPRODUCT((ISNUMBER([1]Calc_매장월인덱스!Q$2:Q$242))*([1]Calc_매장월인덱스!AB$2:AB$242=0))} -> 218 | C8: {=IFERROR(SUMPRODUCT(IFERROR([1]Calc_매장월인덱스!Q$2:Q$242*(ISNUMBER([1]Calc_매장월인덱스!Q$2:Q$242))*([1]Calc_매장월인덱스!AB$2:AB$242=0),0))/B8,"-")} -> 82.522548 | D8: {=IFERROR(_xlfn.AGGREGATE(17,6,[1]Calc_매장월인덱스!Q$2:Q$242/(([1]Calc_매장월인덱스!AB$2:AB$242=0)*ISNUMBER([1]Calc_매장월인덱스!Q$2:Q$242)),2),"-")} -> 82.250637 | E8: {=SUMPRODUCT((ISNUMBER(INDEX([1]Calc_매장월인덱스!$P$2:$AA$242,0,$A8)))*([1]Calc_매장월인덱스!$AB$2:$AB$242=0)*(([1]Calc_매장월인덱스!$B$2:$B$242*12+$A8) - ([1]Calc_매장월인덱스!$AD$2:$AD$242*12+[1]Calc_매장월인덱스!$AE$2:$AE$242)>=6))} -> 176 | F8: {=IFERROR(SUMPRODUCT(IFERROR(INDEX([1]Calc_매장월인덱스!$P$2:$AA$242,0,$A8)*(ISNUMBER(INDEX([1]Calc_매장월인덱스!$P$2:$AA$242,0,$A8)))*([1]Calc_매장월인덱스!$AB$2:$AB$242=0)*(([1]Calc_매장월인덱스!$B$2:$B$242*12+$A8) - ([1]Calc_매장월인덱스!$AD$2:$AD$242*12+[1]Calc_매장월인덱스!$AE$2:$AE$242)>=6),0))/E8,"-")} -> 84.287776 | G8: {=IFERROR(_xlfn.AGGREGATE(17,6,INDEX([1]Calc_매장월인덱스!$P$2:$AA$242,0,$A8)/(([1]Calc_매장월인덱스!$AB$2:$AB$242=0)*ISNUMBER(INDEX([1]Calc_매장월인덱스!$P$2:$AA$242,0,$A8))*(([1]Calc_매장월인덱스!$B$2:$B$242*12+$A8) - ([1]Calc_매장월인덱스!$AD$2:$AD$242*12+[1]Calc_매장월인덱스!$AE$2:$AE$242)>=6)),2),"-")} -> 83.667925 | H8: =IFERROR(F8-C8,"-") -> 1.7652281
A9: 3 | B9: {=SUMPRODUCT((ISNUMBER([1]Calc_매장월인덱스!R$2:R$242))*([1]Calc_매장월인덱스!AB$2:AB$242=0))} -> 218 | C9: {=IFERROR(SUMPRODUCT(IFERROR([1]Calc_매장월인덱스!R$2:R$242*(ISNUMBER([1]Calc_매장월인덱스!R$2:R$242))*([1]Calc_매장월인덱스!AB$2:AB$242=0),0))/B9,"-")} -> 96.187233 | D9: {=IFERROR(_xlfn.AGGREGATE(17,6,[1]Calc_매장월인덱스!R$2:R$242/(([1]Calc_매장월인덱스!AB$2:AB$242=0)*ISNUMBER([1]Calc_매장월인덱스!R$2:R$242)),2),"-")} -> 96.098186 | E9: {=SUMPRODUCT((ISNUMBER(INDEX([1]Calc_매장월인덱스!$P$2:$AA$242,0,$A9)))*([1]Calc_매장월인덱스!$AB$2:$AB$242=0)*(([1]Calc_매장월인덱스!$B$2:$B$242*12+$A9) - ([1]Calc_매장월인덱스!$AD$2:$AD$242*12+[1]Calc_매장월인덱스!$AE$2:$AE$242)>=6))} -> 188 | F9: {=IFERROR(SUMPRODUCT(IFERROR(INDEX([1]Calc_매장월인덱스!$P$2:$AA$242,0,$A9)*(ISNUMBER(INDEX([1]Calc_매장월인덱스!$P$2:$AA$242,0,$A9)))*([1]Calc_매장월인덱스!$AB$2:$AB$242=0)*(([1]Calc_매장월인덱스!$B$2:$B$242*12+$A9) - ([1]Calc_매장월인덱스!$AD$2:$AD$242*12+[1]Calc_매장월인덱스!$AE$2:$AE$242)>=6),0))/E9,"-")} -> 97.171601 | G9: {=IFERROR(_xlfn.AGGREGATE(17,6,INDEX([1]Calc_매장월인덱스!$P$2:$AA$242,0,$A9)/(([1]Calc_매장월인덱스!$AB$2:$AB$242=0)*ISNUMBER(INDEX([1]Calc_매장월인덱스!$P$2:$AA$242,0,$A9))*(([1]Calc_매장월인덱스!$B$2:$B$242*12+$A9) - ([1]Calc_매장월인덱스!$AD$2:$AD$242*12+[1]Calc_매장월인덱스!$AE$2:$AE$242)>=6)),2),"-")} -> 96.898163 | H9: =IFERROR(F9-C9,"-") -> 0.98436727
A10: 4 | B10: {=SUMPRODUCT((ISNUMBER([1]Calc_매장월인덱스!S$2:S$242))*([1]Calc_매장월인덱스!AB$2:AB$242=0))} -> 218 | C10: {=IFERROR(SUMPRODUCT(IFERROR([1]Calc_매장월인덱스!S$2:S$242*(ISNUMBER([1]Calc_매장월인덱스!S$2:S$242))*([1]Calc_매장월인덱스!AB$2:AB$242=0),0))/B10,"-")} -> 95.963431 | D10: {=IFERROR(_xlfn.AGGREGATE(17,6,[1]Calc_매장월인덱스!S$2:S$242/(([1]Calc_매장월인덱스!AB$2:AB$242=0)*ISNUMBER([1]Calc_매장월인덱스!S$2:S$242)),2),"-")} -> 96.328113 | E10: {=SUMPRODUCT((ISNUMBER(INDEX([1]Calc_매장월인덱스!$P$2:$AA$242,0,$A10)))*([1]Calc_매장월인덱스!$AB$2:$AB$242=0)*(([1]Calc_매장월인덱스!$B$2:$B$242*12+$A10) - ([1]Calc_매장월인덱스!$AD$2:$AD$242*12+[1]Calc_매장월인덱스!$AE$2:$AE$242)>=6))} -> 197 | F10: {=IFERROR(SUMPRODUCT(IFERROR(INDEX([1]Calc_매장월인덱스!$P$2:$AA$242,0,$A10)*(ISNUMBER(INDEX([1]Calc_매장월인덱스!$P$2:$AA$242,0,$A10)))*([1]Calc_매장월인덱스!$AB$2:$AB$242=0)*(([1]Calc_매장월인덱스!$B$2:$B$242*12+$A10) - ([1]Calc_매장월인덱스!$AD$2:$AD$242*12+[1]Calc_매장월인덱스!$AE$2:$AE$242)>=6),0))/E10,"-")} -> 96.499915 | G10: {=IFERROR(_xlfn.AGGREGATE(17,6,INDEX([1]Calc_매장월인덱스!$P$2:$AA$242,0,$A10)/(([1]Calc_매장월인덱스!$AB$2:$AB$242=0)*ISNUMBER(INDEX([1]Calc_매장월인덱스!$P$2:$AA$242,0,$A10))*(([1]Calc_매장월인덱스!$B$2:$B$242*12+$A10) - ([1]Calc_매장월인덱스!$AD$2:$AD$242*12+[1]Calc_매장월인덱스!$AE$2:$AE$242)>=6)),2),"-")} -> 96.795853 | H10: =IFERROR(F10-C10,"-") -> 0.53648379
A11: 5 | B11: {=SUMPRODUCT((ISNUMBER([1]Calc_매장월인덱스!T$2:T$242))*([1]Calc_매장월인덱스!AB$2:AB$242=0))} -> 218 | C11: {=IFERROR(SUMPRODUCT(IFERROR([1]Calc_매장월인덱스!T$2:T$242*(ISNUMBER([1]Calc_매장월인덱스!T$2:T$242))*([1]Calc_매장월인덱스!AB$2:AB$242=0),0))/B11,"-")} -> 105.32404 | D11: {=IFERROR(_xlfn.AGGREGATE(17,6,[1]Calc_매장월인덱스!T$2:T$242/(([1]Calc_매장월인덱스!AB$2:AB$242=0)*ISNUMBER([1]Calc_매장월인덱스!T$2:T$242)),2),"-")} -> 105.53665 | E11: {=SUMPRODUCT((ISNUMBER(INDEX([1]Calc_매장월인덱스!$P$2:$AA$242,0,$A11)))*([1]Calc_매장월인덱스!$AB$2:$AB$242=0)*(([1]Calc_매장월인덱스!$B$2:$B$242*12+$A11) - ([1]Calc_매장월인덱스!$AD$2:$AD$242*12+[1]Calc_매장월인덱스!$AE$2:$AE$242)>=6))} -> 207 | F11: {=IFERROR(SUMPRODUCT(IFERROR(INDEX([1]Calc_매장월인덱스!$P$2:$AA$242,0,$A11)*(ISNUMBER(INDEX([1]Calc_매장월인덱스!$P$2:$AA$242,0,$A11)))*([1]Calc_매장월인덱스!$AB$2:$AB$242=0)*(([1]Calc_매장월인덱스!$B$2:$B$242*12+$A11) - ([1]Calc_매장월인덱스!$AD$2:$AD$242*12+[1]Calc_매장월인덱스!$AE$2:$AE$242)>=6),0))/E11,"-")} -> 105.36696 | G11: {=IFERROR(_xlfn.AGGREGATE(17,6,INDEX([1]Calc_매장월인덱스!$P$2:$AA$242,0,$A11)/(([1]Calc_매장월인덱스!$AB$2:$AB$242=0)*ISNUMBER(INDEX([1]Calc_매장월인덱스!$P$2:$AA$242,0,$A11))*(([1]Calc_매장월인덱스!$B$2:$B$242*12+$A11) - ([1]Calc_매장월인덱스!$AD$2:$AD$242*12+[1]Calc_매장월인덱스!$AE$2:$AE$242)>=6)),2),"-")} -> 105.56666 | H11: =IFERROR(F11-C11,"-") -> 0.042921698
A12: 6 | B12: {=SUMPRODUCT((ISNUMBER([1]Calc_매장월인덱스!U$2:U$242))*([1]Calc_매장월인덱스!AB$2:AB$242=0))} -> 218 | C12: {=IFERROR(SUMPRODUCT(IFERROR([1]Calc_매장월인덱스!U$2:U$242*(ISNUMBER([1]Calc_매장월인덱스!U$2:U$242))*([1]Calc_매장월인덱스!AB$2:AB$242=0),0))/B12,"-")} -> 102.87101 | D12: {=IFERROR(_xlfn.AGGREGATE(17,6,[1]Calc_매장월인덱스!U$2:U$242/(([1]Calc_매장월인덱스!AB$2:AB$242=0)*ISNUMBER([1]Calc_매장월인덱스!U$2:U$242)),2),"-")} -> 103.00425 | E12: {=SUMPRODUCT((ISNUMBER(INDEX([1]Calc_매장월인덱스!$P$2:$AA$242,0,$A12)))*([1]Calc_매장월인덱스!$AB$2:$AB$242=0)*(([1]Calc_매장월인덱스!$B$2:$B$242*12+$A12) - ([1]Calc_매장월인덱스!$AD$2:$AD$242*12+[1]Calc_매장월인덱스!$AE$2:$AE$242)>=6))} -> 213 | F12: {=IFERROR(SUMPRODUCT(IFERROR(INDEX([1]Calc_매장월인덱스!$P$2:$AA$242,0,$A12)*(ISNUMBER(INDEX([1]Calc_매장월인덱스!$P$2:$AA$242,0,$A12)))*([1]Calc_매장월인덱스!$AB$2:$AB$242=0)*(([1]Calc_매장월인덱스!$B$2:$B$242*12+$A12) - ([1]Calc_매장월인덱스!$AD$2:$AD$242*12+[1]Calc_매장월인덱스!$AE$2:$AE$242)>=6),0))/E12,"-")} -> 102.78469 | G12: {=IFERROR(_xlfn.AGGREGATE(17,6,INDEX([1]Calc_매장월인덱스!$P$2:$AA$242,0,$A12)/(([1]Calc_매장월인덱스!$AB$2:$AB$242=0)*ISNUMBER(INDEX([1]Calc_매장월인덱스!$P$2:$AA$242,0,$A12))*(([1]Calc_매장월인덱스!$B$2:$B$242*12+$A12) - ([1]Calc_매장월인덱스!$AD$2:$AD$242*12+[1]Calc_매장월인덱스!$AE$2:$AE$242)>=6)),2),"-")} -> 102.82351 | H12: =IFERROR(F12-C12,"-") -> -0.086325039
A13: 7 | B13: {=SUMPRODUCT((ISNUMBER([1]Calc_매장월인덱스!V$2:V$242))*([1]Calc_매장월인덱스!AB$2:AB$242=0))} -> 218 | C13: {=IFERROR(SUMPRODUCT(IFERROR([1]Calc_매장월인덱스!V$2:V$242*(ISNUMBER([1]Calc_매장월인덱스!V$2:V$242))*([1]Calc_매장월인덱스!AB$2:AB$242=0),0))/B13,"-")} -> 104.67865 | D13: {=IFERROR(_xlfn.AGGREGATE(17,6,[1]Calc_매장월인덱스!V$2:V$242/(([1]Calc_매장월인덱스!AB$2:AB$242=0)*ISNUMBER([1]Calc_매장월인덱스!V$2:V$242)),2),"-")} -> 104.40187 | E13: {=SUMPRODUCT((ISNUMBER(INDEX([1]Calc_매장월인덱스!$P$2:$AA$242,0,$A13)))*([1]Calc_매장월인덱스!$AB$2:$AB$242=0)*(([1]Calc_매장월인덱스!$B$2:$B$242*12+$A13) - ([1]Calc_매장월인덱스!$AD$2:$AD$242*12+[1]Calc_매장월인덱스!$AE$2:$AE$242)>=6))} -> 218 | F13: {=IFERROR(SUMPRODUCT(IFERROR(INDEX([1]Calc_매장월인덱스!$P$2:$AA$242,0,$A13)*(ISNUMBER(INDEX([1]Calc_매장월인덱스!$P$2:$AA$242,0,$A13)))*([1]Calc_매장월인덱스!$AB$2:$AB$242=0)*(([1]Calc_매장월인덱스!$B$2:$B$242*12+$A13) - ([1]Calc_매장월인덱스!$AD$2:$AD$242*12+[1]Calc_매장월인덱스!$AE$2:$AE$242)>=6),0))/E13,"-")} -> 104.67865 | G13: {=IFERROR(_xlfn.AGGREGATE(17,6,INDEX([1]Calc_매장월인덱스!$P$2:$AA$242,0,$A13)/(([1]Calc_매장월인덱스!$AB$2:$AB$242=0)*ISNUMBER(INDEX([1]Calc_매장월인덱스!$P$2:$AA$242,0,$A13))*(([1]Calc_매장월인덱스!$B$2:$B$242*12+$A13) - ([1]Calc_매장월인덱스!$AD$2:$AD$242*12+[1]Calc_매장월인덱스!$AE$2:$AE$242)>=6)),2),"-")} -> 104.40187 | H13: =IFERROR(F13-C13,"-") -> 0
A14: 8 | B14: {=SUMPRODUCT((ISNUMBER([1]Calc_매장월인덱스!W$2:W$242))*([1]Calc_매장월인덱스!AB$2:AB$242=0))} -> 218 | C14: {=IFERROR(SUMPRODUCT(IFERROR([1]Calc_매장월인덱스!W$2:W$242*(ISNUMBER([1]Calc_매장월인덱스!W$2:W$242))*([1]Calc_매장월인덱스!AB$2:AB$242=0),0))/B14,"-")} -> 102.04522 | D14: {=IFERROR(_xlfn.AGGREGATE(17,6,[1]Calc_매장월인덱스!W$2:W$242/(([1]Calc_매장월인덱스!AB$2:AB$242=0)*ISNUMBER([1]Calc_매장월인덱스!W$2:W$242)),2),"-")} -> 100.96882 | E14: {=SUMPRODUCT((ISNUMBER(INDEX([1]Calc_매장월인덱스!$P$2:$AA$242,0,$A14)))*([1]Calc_매장월인덱스!$AB$2:$AB$242=0)*(([1]Calc_매장월인덱스!$B$2:$B$242*12+$A14) - ([1]Calc_매장월인덱스!$AD$2:$AD$242*12+[1]Calc_매장월인덱스!$AE$2:$AE$242)>=6))} -> 218 | F14: {=IFERROR(SUMPRODUCT(IFERROR(INDEX([1]Calc_매장월인덱스!$P$2:$AA$242,0,$A14)*(ISNUMBER(INDEX([1]Calc_매장월인덱스!$P$2:$AA$242,0,$A14)))*([1]Calc_매장월인덱스!$AB$2:$AB$242=0)*(([1]Calc_매장월인덱스!$B$2:$B$242*12+$A14) - ([1]Calc_매장월인덱스!$AD$2:$AD$242*12+[1]Calc_매장월인덱스!$AE$2:$AE$242)>=6),0))/E14,"-")} -> 102.04522 | G14: {=IFERROR(_xlfn.AGGREGATE(17,6,INDEX([1]Calc_매장월인덱스!$P$2:$AA$242,0,$A14)/(([1]Calc_매장월인덱스!$AB$2:$AB$242=0)*ISNUMBER(INDEX([1]Calc_매장월인덱스!$P$2:$AA$242,0,$A14))*(([1]Calc_매장월인덱스!$B$2:$B$242*12+$A14) - ([1]Calc_매장월인덱스!$AD$2:$AD$242*12+[1]Calc_매장월인덱스!$AE$2:$AE$242)>=6)),2),"-")} -> 100.96882 | H14: =IFERROR(F14-C14,"-") -> 0
A15: 9 | B15: {=SUMPRODUCT((ISNUMBER([1]Calc_매장월인덱스!X$2:X$242))*([1]Calc_매장월인덱스!AB$2:AB$242=0))} -> 218 | C15: {=IFERROR(SUMPRODUCT(IFERROR([1]Calc_매장월인덱스!X$2:X$242*(ISNUMBER([1]Calc_매장월인덱스!X$2:X$242))*([1]Calc_매장월인덱스!AB$2:AB$242=0),0))/B15,"-")} -> 100.12358 | D15: {=IFERROR(_xlfn.AGGREGATE(17,6,[1]Calc_매장월인덱스!X$2:X$242/(([1]Calc_매장월인덱스!AB$2:AB$242=0)*ISNUMBER([1]Calc_매장월인덱스!X$2:X$242)),2),"-")} -> 99.05002 | E15: {=SUMPRODUCT((ISNUMBER(INDEX([1]Calc_매장월인덱스!$P$2:$AA$242,0,$A15)))*([1]Calc_매장월인덱스!$AB$2:$AB$242=0)*(([1]Calc_매장월인덱스!$B$2:$B$242*12+$A15) - ([1]Calc_매장월인덱스!$AD$2:$AD$242*12+[1]Calc_매장월인덱스!$AE$2:$AE$242)>=6))} -> 218 | F15: {=IFERROR(SUMPRODUCT(IFERROR(INDEX([1]Calc_매장월인덱스!$P$2:$AA$242,0,$A15)*(ISNUMBER(INDEX([1]Calc_매장월인덱스!$P$2:$AA$242,0,$A15)))*([1]Calc_매장월인덱스!$AB$2:$AB$242=0)*(([1]Calc_매장월인덱스!$B$2:$B$242*12+$A15) - ([1]Calc_매장월인덱스!$AD$2:$AD$242*12+[1]Calc_매장월인덱스!$AE$2:$AE$242)>=6),0))/E15,"-")} -> 100.12358 | G15: {=IFERROR(_xlfn.AGGREGATE(17,6,INDEX([1]Calc_매장월인덱스!$P$2:$AA$242,0,$A15)/(([1]Calc_매장월인덱스!$AB$2:$AB$242=0)*ISNUMBER(INDEX([1]Calc_매장월인덱스!$P$2:$AA$242,0,$A15))*(([1]Calc_매장월인덱스!$B$2:$B$242*12+$A15) - ([1]Calc_매장월인덱스!$AD$2:$AD$242*12+[1]Calc_매장월인덱스!$AE$2:$AE$242)>=6)),2),"-")} -> 99.05002 | H15: =IFERROR(F15-C15,"-") -> 0
A16: 10 | B16: {=SUMPRODUCT((ISNUMBER([1]Calc_매장월인덱스!Y$2:Y$242))*([1]Calc_매장월인덱스!AB$2:AB$242=0))} -> 218 | C16: {=IFERROR(SUMPRODUCT(IFERROR([1]Calc_매장월인덱스!Y$2:Y$242*(ISNUMBER([1]Calc_매장월인덱스!Y$2:Y$242))*([1]Calc_매장월인덱스!AB$2:AB$242=0),0))/B16,"-")} -> 115.59456 | D16: {=IFERROR(_xlfn.AGGREGATE(17,6,[1]Calc_매장월인덱스!Y$2:Y$242/(([1]Calc_매장월인덱스!AB$2:AB$242=0)*ISNUMBER([1]Calc_매장월인덱스!Y$2:Y$242)),2),"-")} -> 115.39964 | E16: {=SUMPRODUCT((ISNUMBER(INDEX([1]Calc_매장월인덱스!$P$2:$AA$242,0,$A16)))*([1]Calc_매장월인덱스!$AB$2:$AB$242=0)*(([1]Calc_매장월인덱스!$B$2:$B$242*12+$A16) - ([1]Calc_매장월인덱스!$AD$2:$AD$242*12+[1]Calc_매장월인덱스!$AE$2:$AE$242)>=6))} -> 218 | F16: {=IFERROR(SUMPRODUCT(IFERROR(INDEX([1]Calc_매장월인덱스!$P$2:$AA$242,0,$A16)*(ISNUMBER(INDEX([1]Calc_매장월인덱스!$P$2:$AA$242,0,$A16)))*([1]Calc_매장월인덱스!$AB$2:$AB$242=0)*(([1]Calc_매장월인덱스!$B$2:$B$242*12+$A16) - ([1]Calc_매장월인덱스!$AD$2:$AD$242*12+[1]Calc_매장월인덱스!$AE$2:$AE$242)>=6),0))/E16,"-")} -> 115.59456 | G16: {=IFERROR(_xlfn.AGGREGATE(17,6,INDEX([1]Calc_매장월인덱스!$P$2:$AA$242,0,$A16)/(([1]Calc_매장월인덱스!$AB$2:$AB$242=0)*ISNUMBER(INDEX([1]Calc_매장월인덱스!$P$2:$AA$242,0,$A16))*(([1]Calc_매장월인덱스!$B$2:$B$242*12+$A16) - ([1]Calc_매장월인덱스!$AD$2:$AD$242*12+[1]Calc_매장월인덱스!$AE$2:$AE$242)>=6)),2),"-")} -> 115.39964 | H16: =IFERROR(F16-C16,"-") -> 0
A17: 11 | B17: {=SUMPRODUCT((ISNUMBER([1]Calc_매장월인덱스!Z$2:Z$242))*([1]Calc_매장월인덱스!AB$2:AB$242=0))} -> 218 | C17: {=IFERROR(SUMPRODUCT(IFERROR([1]Calc_매장월인덱스!Z$2:Z$242*(ISNUMBER([1]Calc_매장월인덱스!Z$2:Z$242))*([1]Calc_매장월인덱스!AB$2:AB$242=0),0))/B17,"-")} -> 104.11252 | D17: {=IFERROR(_xlfn.AGGREGATE(17,6,[1]Calc_매장월인덱스!Z$2:Z$242/(([1]Calc_매장월인덱스!AB$2:AB$242=0)*ISNUMBER([1]Calc_매장월인덱스!Z$2:Z$242)),2),"-")} -> 104.08415 | E17: {=SUMPRODUCT((ISNUMBER(INDEX([1]Calc_매장월인덱스!$P$2:$AA$242,0,$A17)))*([1]Calc_매장월인덱스!$AB$2:$AB$242=0)*(([1]Calc_매장월인덱스!$B$2:$B$242*12+$A17) - ([1]Calc_매장월인덱스!$AD$2:$AD$242*12+[1]Calc_매장월인덱스!$AE$2:$AE$242)>=6))} -> 218 | F17: {=IFERROR(SUMPRODUCT(IFERROR(INDEX([1]Calc_매장월인덱스!$P$2:$AA$242,0,$A17)*(ISNUMBER(INDEX([1]Calc_매장월인덱스!$P$2:$AA$242,0,$A17)))*([1]Calc_매장월인덱스!$AB$2:$AB$242=0)*(([1]Calc_매장월인덱스!$B$2:$B$242*12+$A17) - ([1]Calc_매장월인덱스!$AD$2:$AD$242*12+[1]Calc_매장월인덱스!$AE$2:$AE$242)>=6),0))/E17,"-")} -> 104.11252 | G17: {=IFERROR(_xlfn.AGGREGATE(17,6,INDEX([1]Calc_매장월인덱스!$P$2:$AA$242,0,$A17)/(([1]Calc_매장월인덱스!$AB$2:$AB$242=0)*ISNUMBER(INDEX([1]Calc_매장월인덱스!$P$2:$AA$242,0,$A17))*(([1]Calc_매장월인덱스!$B$2:$B$242*12+$A17) - ([1]Calc_매장월인덱스!$AD$2:$AD$242*12+[1]Calc_매장월인덱스!$AE$2:$AE$242)>=6)),2),"-")} -> 104.08415 | H17: =IFERROR(F17-C17,"-") -> 0
A18: 12 | B18: {=SUMPRODUCT((ISNUMBER([1]Calc_매장월인덱스!AA$2:AA$242))*([1]Calc_매장월인덱스!AB$2:AB$242=0))} -> 218 | C18: {=IFERROR(SUMPRODUCT(IFERROR([1]Calc_매장월인덱스!AA$2:AA$242*(ISNUMBER([1]Calc_매장월인덱스!AA$2:AA$242))*([1]Calc_매장월인덱스!AB$2:AB$242=0),0))/B18,"-")} -> 103.33184 | D18: {=IFERROR(_xlfn.AGGREGATE(17,6,[1]Calc_매장월인덱스!AA$2:AA$242/(([1]Calc_매장월인덱스!AB$2:AB$242=0)*ISNUMBER([1]Calc_매장월인덱스!AA$2:AA$242)),2),"-")} -> 102.19251 | E18: {=SUMPRODUCT((ISNUMBER(INDEX([1]Calc_매장월인덱스!$P$2:$AA$242,0,$A18)))*([1]Calc_매장월인덱스!$AB$2:$AB$242=0)*(([1]Calc_매장월인덱스!$B$2:$B$242*12+$A18) - ([1]Calc_매장월인덱스!$AD$2:$AD$242*12+[1]Calc_매장월인덱스!$AE$2:$AE$242)>=6))} -> 218 | F18: {=IFERROR(SUMPRODUCT(IFERROR(INDEX([1]Calc_매장월인덱스!$P$2:$AA$242,0,$A18)*(ISNUMBER(INDEX([1]Calc_매장월인덱스!$P$2:$AA$242,0,$A18)))*([1]Calc_매장월인덱스!$AB$2:$AB$242=0)*(([1]Calc_매장월인덱스!$B$2:$B$242*12+$A18) - ([1]Calc_매장월인덱스!$AD$2:$AD$242*12+[1]Calc_매장월인덱스!$AE$2:$AE$242)>=6),0))/E18,"-")} -> 103.33184 | G18: {=IFERROR(_xlfn.AGGREGATE(17,6,INDEX([1]Calc_매장월인덱스!$P$2:$AA$242,0,$A18)/(([1]Calc_매장월인덱스!$AB$2:$AB$242=0)*ISNUMBER(INDEX([1]Calc_매장월인덱스!$P$2:$AA$242,0,$A18))*(([1]Calc_매장월인덱스!$B$2:$B$242*12+$A18) - ([1]Calc_매장월인덱스!$AD$2:$AD$242*12+[1]Calc_매장월인덱스!$AE$2:$AE$242)>=6)),2),"-")} -> 102.19251 | H18: =IFERROR(F18-C18,"-") -> 0
A20: * 이 시트는 Calc_매장월인덱스의 AB열(급락매장여부) 플래그를 SUMPRODUCT/AGGREGATE로 참조 — 원본/이상치 리스트가 바뀌면 자동 갱신

Sheet Raw_매출
A1: 세탁건조매출 | B1: 44348 | C1: 44378 | D1: 44409 | E1: 44440 | F1: 44470 | G1: 44501 | H1: 44531 | I1: 44562 | J1: 44593 | K1: 44621 | L1: 44652 | M1: 44682 | N1: 44713 | O1: 44743 | P1: 44774 | Q1: 44805 | R1: 44835 | S1: 44866 | T1: 44896 | U1: 44927 | V1: 44958 | W1: 44986 | X1: 45017 | Y1: 45047 | Z1: 45078 | AA1: 45108 | AB1: 45139 | AC1: 45170 | AD1: 45200 | AE1: 45231 | AF1: 45261 | AG1: 45292 | AH1: 45323 | AI1: 45352 | AJ1: 45383 | AK1: 45413 | AL1: 45444 | AM1: 45474 | AN1: 45505 | AO1: 45536 | AP1: 45566 | AQ1: 45597 | AR1: 45627 | AS1: 45658 | AT1: 45689 | AU1: 45717 | AV1: 45748 | AW1: 45778 | AX1: 45809 | AY1: 45839 | AZ1: 45870 | BA1: 45901 | BB1: 45931 | BC1: 45962 | BD1: 45992 | BE1: 46023 | BF1: 46054 | BG1: 46082 | BH1: 46113 | BI1: 46143
A2: (0001) 건대점 | B2: 193400 | C2: 7561200 | D2: 6431400 | E2: 8401000 | F2: 9178900 | G2: 7918000 | H2: 7795000 | I2: 6824100 | J2: 6134200 | K2: 7716900 | L2: 6987700 | M2: 7937400 | N2: 8624200 | O2: 9084500 | P2: 8553400 | Q2: 9049300 | R2: 9025800 | S2: 8478200 | T2: 7662100 | U2: 7313400 | V2: 6392700 | W2: 7458100 | X2: 7823300 | Y2: 9523600 | Z2: 8120450 | AA2: 8896850 | AB2: 7930450 | AC2: 7730050 | AD2: 8308350 | AE2: 8039450 | AF2: 6658900 | AG2: 8042150 | AH2: 7343550 | AI2: 8013100 | AJ2: 8572300 | AK2: 7700150 | AL2: 7368700 | AM2: 7751950 | AN2: 7486400 | AO2: 5874700 | AP2: 7656950 | AQ2: 7655950 | AR2: 7403150 | AS2: 6888050 | AT2: 6023950 | AU2: 7039850 | AV2: 7178950 | AW2: 7692850 | AX2: 7548250 | AY2: 6828650 | AZ2: 7331450 | BA2: 6538350 | BB2: 7767300 | BC2: 6271650 | BD2: 6644800 | BE2: 6189650 | BF2: 5298600 | BG2: 6216400 | BH2: 6160000 | BI2: 7042650
A3: (0002) 인헌점 | B3: 113000 | C3: 5491900 | D3: 4113500 | E3: 4667000 | F3: 5822000 | G3: 4470000 | H3: 4047000 | I3: 4335500 | J3: 3899500 | K3: 4436500 | L3: 4610000 | M3: 5362500 | N3: 5093500 | O3: 6120000 | P3: 5770500 | Q3: 4870500 | R3: 5568500 | S3: 4891500 | T3: 4932500 | U3: 4945000 | V3: 4775000 | W3: 5387500 | X3: 5181000 | Y3: 6133500 | Z3: 6177940 | AA3: 6730430 | AB3: 6296470 | AC3: 5602680 | AD3: 6418450 | AE3: 6200880 | AF3: 5144830 | AG3: 5403310 | AH3: 5798720 | AI3: 6636980 | AJ3: 6814250 | AK3: 6928350 | AL3: 6564910 | AM3: 6889200 | AN3: 7081180 | AO3: 6578010 | AP3: 7097730 | AQ3: 6262690 | AR3: 5861120 | AS3: 6091150 | AT3: 5360980 | AU3: 6384280 | AV3: 6532930 | AW3: 7210560 | AX3: 5709830 | AY3: 2724440 | AZ3: 2161790 | BA3: 2528070 | BB3: 3050900 | BC3: 2858500 | BD3: 2609500 | BE3: 2651600 | BF3: 2816850 | BG3: 2941800 | BH3: 3025050 | BI3: 3320250
A4: (0003) 구디점 | B4: 305600 | C4: 14270700 | D4: 13036800 | E4: 12786500 | F4: 14478400 | G4: 13358100 | H4: 12859700 | I4: 13752200 | J4: 11892500 | K4: 13332300 | L4: 13992600 | M4: 14353400 | N4: 15844200 | O4: 16917500 | P4: 14601200 | Q4: 13746000 | R4: 14436200 | S4: 12438800 | T4: 11463000 | U4: 8277300 | V4: 8065000 | W4: 8258100 | X4: 8535500 | Y4: 9539200 | Z4: 8136900 | AA4: 9184400 | AB4: 8502700 | AC4: 8079900 | AD4: 8428400 | AE4: 7169900 | AF4: 7121350 | AG4: 6754950 | AH4: 5790600 | AI4: 7513100 | AJ4: 7705650 | AK4: 4774400 | AL4: 10181900 | AM4: 10065050 | AN4: 9834250 | AO4: 9351100 | AP4: 9130600 | AQ4: 9090000 | AR4: 9096200 | AS4: 9008450 | AT4: 7824700 | AU4: 9602000 | AV4: 9729600 | AW4: 10671600 | AX4: 10915300 | AY4: 10145600 | AZ4: 11044350 | BA4: 10258350 | BB4: 11712250 | BC4: 10532000 | BD4: 9301150 | BE4: 9505900 | BF4: 8455650 | BG4: 9206350 | BH4: 9705850 | BI4: 10438350
A5: (0004) 신림점 | B5: 225000 | C5: 5867000 | D5: 5567000 | E5: 6162000 | F5: 7681000 | G5: 6670500 | H5: 5813500 | I5: 5581500 | J5: 5312000 | K5: 5392000 | L5: 4931000 | M5: 5678500 | N5: 6105000 | O5: 6447000 | P5: 5832500 | Q5: 5707000 | R5: 6481000 | S5: 5419000 | T5: 5264000 | U5: 5257500 | V5: 4730500 | W5: 5123500 | X5: 5227500 | Y5: 5865500 | Z5: 5057450 | AA5: 5614050 | AB5: 5238610 | AC5: 5974410 | AD5: 6724500 | AE5: 6098790 | AF5: 5098390 | AG5: 5628600 | AH5: 5016810 | AI5: 5616080 | AJ5: 6219450 | AK5: 5831070 | AL5: 5898290 | AM5: 6246000 | AN5: 6401340 | AO5: 5763860 | AP5: 6276860 | AQ5: 5620420 | AR5: 5156120 | AS5: 4802940 | AT5: 4354520 | AU5: 5698950 | AV5: 5225270 | AW5: 6762780 | AX5: 6475860 | AY5: 6354480 | AZ5: 6235990 | BA5: 5561620 | BB5: 7159160 | BC5: 5962910 | BD5: 5575050 | BE5: 5582450 | BF5: 4919230 | BG5: 5623570 | BH5: 5664970 | BI5: 6726340
A6: (0005) 대학점 | B6: 101600 | C6: 5185300 | D6: 4164300 | E6: 4560600 | F6: 4321600 | G6: 3515800 | H6: 3466000 | I6: 3489500 | J6: 3586000 | K6: 3789500 | L6: 3863500 | M6: 3971500 | N6: 4249000 | O6: 4566500 | P6: 3899000 | Q6: 3981500 | R6: 4572000 | S6: 3944500 | T6: 4158500 | U6: 4148500 | V6: 3937500 | W6: 4201500 | X6: 4697000 | Y6: 5190500 | Z6: 5006420 | AA6: 6001260 | AB6: 5706060 | AC6: 5288220 | AD6: 5271510 | AE6: 5290660 | AF6: 5309700 | AG6: 4944390 | AH6: 4308510 | AI6: 4813890 | AJ6: 5253860 | AK6: 5049090 | AL6: 5400140 | AM6: 6134350 | AN6: 5507800 | AO6: 5957000 | AP6: 6200290 | AQ6: 5956510 | AR6: 6442380 | AS6: 5531420 | AT6: 4860050 | AU6: 5984860 | AV6: 5844820 | AW6: 6767650 | AX6: 6254650 | AY6: 6135770 | AZ6: 6022900 | BA6: 5959750 | BB6: 6625130 | BC6: 6223620 | BD6: 5774800 | BE6: 5348430 | BF6: 5077690 | BG6: 5407950 | BH6: 5626210 | BI6: 6951900
A7: (0006) 서림점 | B7: 135400 | C7: 5622700 | D7: 5475200 | E7: 5693800 | F7: 6121600 | G7: 5632500 | H7: 5784200 | I7: 5609700 | J7: 4845400 | K7: 5985000 | L7: 5982400 | M7: 6652800 | N7: 7034000 | O7: 7942000 | P7: 7378900 | Q7: 6800800 | R7: 7920400 | S7: 6790000 | T7: 7096900 | U7: 6667800 | V7: 6378300 | W7: 6225700 | X7: 6767500 | Y7: 7858400 | Z7: 7598700 | AA7: 8510500 | AB7: 7465500 | AC7: 7789400 | AD7: 8231900 | AE7: 7505500 | AF7: 8696130 | AG7: 7062100 | AH7: 6631730 | AI7: 7402700 | AJ7: 8324160 | AK7: 6090380 | AL7: 3905140 | AM7: 4191900 | AN7: 4038270 | AO7: 3808730 | AP7: 4437330 | AQ7: 3889830 | AR7: 3729130 | AS7: 3034620 | AT7: 2887050 | AU7: 3192250 | AV7: 2118610 | AW7: 3251750 | AX7: 3385920 | AY7: 3426980 | AZ7: 3532330 | BA7: 3760850 | BB7: 4398100 | BC7: 3980300 | BD7: 4512950 | BE7: 4047600 | BF7: 3713800 | BG7: 4334550 | BH7: 4528600 | BI7: 5410950
A8: (0007) 낙성대점 | B8: 232000 | C8: 8519000 | D8: 7571000 | E8: 8082500 | F8: 8238000 | G8: 6528500 | H8: 6507500 | I8: 6164000 | J8: 6100000 | K8: 6835000 | L8: 6756000 | M8: 7323000 | N8: 7691500 | O8: 9214500 | P8: 8276000 | Q8: 8342500 | R8: 8444000 | S8: 7228500 | T8: 7708500 | U8: 7278000 | V8: 7083500 | W8: 8135500 | X8: 8787000 | Y8: 9587000 | Z8: 9329400 | AA8: 10312650 | AB8: 9135950 | AC8: 9564100 | AD8: 10192650 | AE8: 9283250 | AF8: 9728620 | AG8: 8951310 | AH8: 7716310 | AI8: 9159570 | AJ8: 7272460 | AK8: 6975130 | AL8: 7322570 | AM8: 7876880 | AN8: 7449240 | AO8: 7060980 | AP8: 7673890 | AQ8: 6579640 | AR8: 6457640 | AS8: 6277840 | AT8: 5647560 | AU8: 6659820 | AV8: 6305990 | AW8: 7502260 | AX8: 7933620 | AY8: 7291430 | AZ8: 6983520 | BA8: 6561910 | BB8: 7633680 | BC8: 7027210 | BD8: 6319060 | BE8: 6484900 | BF8: 5688630 | BG8: 6502630 | BH8: 6115690 | BI8: 7152950
A9: (0008) 트리하우스점 | C9: 493500 | D9: 364500 | E9: 360500 | F9: 517000 | G9: 416000 | H9: 484500 | I9: 396000 | J9: 449000 | K9: 603000 | L9: 647500 | M9: 843500 | N9: 866500 | O9: 1007000 | P9: 858000 | Q9: 889000 | R9: 789000 | S9: 631500 | T9: 537000 | U9: 492500 | V9: 433500 | W9: 463500 | X9: 580000 | Y9: 608500 | Z9: 680500 | AA9: 1179500 | AB9: 1033000 | AC9: 1140500 | AD9: 960000 | AE9: 1120000 | AF9: 1031500 | AG9: 957500 | AH9: 865000 | AI9: 1174000 | AJ9: 929500 | AK9: 803500 | AL9: 652000 | AM9: 971000 | AN9: 952000 | AO9: 1035000 | AP9: 950500 | AQ9: 969000 | AR9: 907000 | AS9: 971500 | AT9: 613500 | AU9: 814500 | AV9: 806000 | AW9: 1045500 | AX9: 1048000 | AY9: 970000 | AZ9: 1004000 | BA9: 756000 | BB9: 921500 | BC9: 1027000 | BD9: 981000 | BE9: 819000 | BF9: 934500 | BG9: 775000 | BH9: 759500 | BI9: 894500
A10: (0009) 신원점 | B10: 89000 | C10: 5686000 | D10: 5002500 | E10: 5012500 | F10: 5860000 | G10: 5140000 | H10: 5181500 | I10: 5370500 | J10: 4572000 | K10: 5852500 | L10: 5475000 | M10: 5232500 | N10: 6455000 | O10: 6301500 | P10: 6689500 | Q10: 5766500 | R10: 6628000 | S10: 6465000 | T10: 6007000 | U10: 5497500 | V10: 5549000 | W10: 6489500 | X10: 5716500 | Y10: 6931500 | Z10: 6094500 | AA10: 6557500 | AB10: 4508500 | AC10: 6401500 | AD10: 7132000 | AE10: 6379500 | AF10: 6707790 | AG10: 7199400 | AH10: 6548140 | AI10: 7695220 | AJ10: 7865860 | AK10: 7285940 | AL10: 6999740 | AM10: 7246850 | AN10: 6994320 | AO10: 6715340 | AP10: 6370430 | AQ10: 6443870 | AR10: 6394440 | AS10: 6957680 | AT10: 5623120 | AU10: 7082690 | AV10: 7182230 | AW10: 7384690 | AX10: 7499740 | AY10: 7155340 | AZ10: 7272910 | BA10: 6600190 | BB10: 7701240 | BC10: 7456340 | BD10: 7102410 | BE10: 6589380 | BF10: 6649300 | BG10: 7280680 | BH10: 6787020 | BI10: 8222690
A11: (0010) 별빛거리점 | I11: 1024500 | J11: 3038000 | K11: 3760500 | L11: 4223000 | M11: 5134000 | N11: 6009000 | O11: 6428000 | P11: 7036500 | Q11: 6246000 | R11: 6306500 | S11: 5716000 | T11: 5781000 | U11: 6321500 | V11: 5659500 | W11: 6860500 | X11: 5979500 | Y11: 6769500 | Z11: 6398200 | AA11: 7743300 | AB11: 6719000 | AC11: 6854300 | AD11: 6809350 | AE11: 6178650 | AF11: 5129650 | AG11: 5698700 | AH11: 4507150 | AI11: 4849300 | AJ11: 5109550 | AK11: 4821150 | AL11: 5158500 | AM11: 5891250 | AN11: 5184100 | AO11: 5209750 | AP11: 5461700 | AQ11: 5078200 | AR11: 5342150 | AS11: 5050200 | AT11: 4298150 | AU11: 4202600 | AV11: 5546900 | AW11: 6358450 | AX11: 5739450 | AY11: 6103800 | AZ11: 6312250 | BA11: 6232300 | BB11: 6727300 | BC11: 5403550 | BD11: 5090950 | BE11: 4663800 | BF11: 4691150 | BG11: 4864450 | BH11: 5300200 | BI11: 5874950
A12: (0011) 천안성정공원점 | S12: 724690 | T12: 3796220 | U12: 4466630 | V12: 4432000 | W12: 5810000 | X12: 6103500 | Y12: 6196000 | Z12: 6172500 | AA12: 7859000 | AB12: 7071000 | AC12: 6970000 | AD12: 7158000 | AE12: 6975780 | AF12: 6626070 | AG12: 6271020 | AH12: 5743010 | AI12: 6650250 | AJ12: 6668680 | AK12: 6766920 | AL12: 6305960 | AM12: 8553280 | AN12: 7604290 | AO12: 7373650 | AP12: 7781070 | AQ12: 7065200 | AR12: 7229070 | AS12: 7472630 | AT12: 5801400 | AU12: 6112000 | AV12: 7391060 | AW12: 7463680 | AX12: 7316800 | AY12: 7441710 | AZ12: 7568330 | BA12: 6919420 | BB12: 8074430 | BC12: 7907860 | BD12: 7176720 | BE12: 7894170 | BF12: 7549070 | BG12: 7424070 | BH12: 7803150 | BI12: 7426530
A13: (0012) 우송대북문점 | AL13: 252630 | AM13: 2815040 | AN13: 2979770 | AO13: 4058690 | AP13: 4244670 | AQ13: 3901170 | AR13: 4137000 | AS13: 4029740 | AT13: 3456300 | AU13: 4217440 | AV13: 3606060 | AW13: 4572480 | AX13: 3881900 | AY13: 3201480 | AZ13: 3308240 | BA13: 4875210 | BB13: 5071500 | BC13: 4550800 | BD13: 4996700 | BE13: 4120100 | BF13: 4858400 | BG13: 5393000 | BH13: 4732000 | BI13: 4822200
A14: (0013) 구의역파워점 | AX14: 2901360 | AY14: 3114520 | AZ14: 3147610 | BA14: 3018930 | BB14: 3959300 | BC14: 3766160 | BD14: 3730110 | BE14: 3741410 | BF14: 3501570 | BG14: 3800870 | BH14: 4108020 | BI14: 4763630
A15: (0014) 수원서둔골드점 | AY15: 579050 | AZ15: 2577160 | BA15: 2606630 | BB15: 3332850 | BC15: 3206000 | BD15: 3063000 | BE15: 2495250 | BF15: 2861750 | BG15: 3129350 | BH15: 3389500 | BI15: 3566500
A16: (0015) 부평더갤러리점 | BG16: 573310 | BH16: 1605700 | BI16: 1493700
A17: (1001) #화곡점 | B17: 300000 | C17: 9797000 | D17: 8330000 | E17: 9148500 | F17: 10910500 | G17: 8399500 | H17: 9460500 | I17: 9689000 | J17: 7282000 | K17: 8815000 | L17: 9437500 | M17: 8720000 | N17: 8539000 | O17: 10246500 | P17: 9609500 | Q17: 8886000 | R17: 10681500 | S17: 9362000 | T17: 8747000 | U17: 8643000 | V17: 8872500 | W17: 9355500 | X17: 9435500 | Y17: 11152000 | Z17: 9888000 | AA17: 11507500 | AB17: 8975500 | AC17: 8647000 | AD17: 11127500 | AE17: 9377500 | AF17: 10459490 | AG17: 9315320 | AH17: 8691490 | AI17: 10230920 | AJ17: 10261510 | AK17: 10113700 | AL17: 10434330 | AM17: 10583310 | AN17: 11343820 | AO17: 10589780 | AP17: 11826280 | AQ17: 10354780 | AR17: 9945240 | AS17: 8726090 | AT17: 8684580 | AU17: 9709700 | AV17: 9125750 | AW17: 10492210 | AX17: 8948970 | AY17: 8820390 | AZ17: 8821320 | BA17: 8807750 | BB17: 10100080 | BC17: 8827710 | BD17: 7824260 | BE17: 8028880 | BF17: 6741410 | BG17: 8058110 | BH17: 8524730 | BI17: 9508830
A18: (1002) #신대방점 | B18: 162900 | C18: 5005700 | D18: 4116700 | E18: 3893100 | F18: 4867000 | G18: 4218500 | H18: 4663500 | I18: 4739000 | J18: 4105000 | K18: 4863500 | L18: 4976000 | M18: 4372500 | N18: 5344000 | O18: 5607000 | P18: 5939000 | Q18: 5307500 | R18: 5715500 | S18: 5141000 | T18: 5203000 | U18: 5281500 | V18: 4747000 | W18: 5107000 | X18: 5698000 | Y18: 6194500 | Z18: 5462500 | AA18: 6462500 | AB18: 5792500 | AC18: 6263300 | AD18: 7224800 | AE18: 5879400 | AF18: 6220400 | AG18: 5557400 | AH18: 4875600 | AI18: 6427400 | AJ18: 5744600 | AK18: 5728400 | AL18: 5759200 | AM18: 6529400 | AN18: 5522000 | AO18: 5510600 | AP18: 6626200 | AQ18: 5434600 | AR18: 4094600 | AS18: 3372000 | AT18: 2861400 | AU18: 3072500 | AV18: 3469500 | AW18: 3731000 | AX18: 3758500 | AY18: 3525000 | AZ18: 3398000 | BA18: 3718500 | BB18: 4242000 | BC18: 3727000 | BD18: 3853500 | BE18: 3732000 | BF18: 3645500 | BG18: 4002500 | BH18: 3900000 | BI18: 4283000
A19: (1003) #샤로수점 | B19: 160900 | C19: 6167000 | D19: 5894600 | E19: 5324000 | F19: 5867200 | G19: 5212300 | H19: 5785900 | I19: 5731000 | J19: 3497500 | K19: 5809000 | L19: 6256500 | M19: 6495000 | N19: 7392500 | O19: 7416000 | P19: 4969500 | Q19: 5310000 | R19: 7872000 | S19: 6198000 | T19: 6651000 | U19: 6735500 | V19: 6870500 | W19: 7128500 | X19: 7751000 | Y19: 8398500 | Z19: 8118000 | AA19: 8510500 | AB19: 7868000 | AC19: 9438200 | AD19: 9372400 | AE19: 9261600 | AF19: 8768000 | AG19: 8624400 | AH19: 7891800 | AI19: 9424200 | AJ19: 10016600 | AK19: 9180400 | AL19: 8423200 | AM19: 9026800 | AN19: 8070800 | AO19: 7208000 | AP19: 9132400 | AQ19: 8345400 | AR19: 8050000 | AS19: 7368200 | AT19: 6682600 | AU19: 7983600 | AV19: 7363600 | AW19: 9060600 | AX19: 7828400 | AY19: 7020200 | AZ19: 7140800 | BA19: 6098600 | BB19: 8072400 | BC19: 6767200 | BD19: 6612800 | BE19: 6812400 | BF19: 5891000 | BG19: 6861800 | BH19: 6759400 | BI19: 7667200
A20: (1004) #서울대입구점 | B20: 358000 | C20: 10842000 | D20: 10412500 | E20: 9646500 | F20: 11898000 | G20: 9691000 | H20: 9495500 | I20: 8529500 | J20: 8592500 | K20: 9463000 | L20: 10011000 | M20: 11021000 | N20: 12488000 | O20: 13288000 | P20: 12073000 | Q20: 11503500 | R20: 12617500 | S20: 11042000 | T20: 10232000 | U20: 9421500 | V20: 9262500 | W20: 10885500 | X20: 11310500 | Y20: 12703500 | Z20: 11778500 | AA20: 13434000 | AB20: 12039500 | AC20: 13014500 | AD20: 13519500 | AE20: 12081500 | AF20: 13822000 | AG20: 12847720 | AH20: 11537500 | AI20: 13583360 | AJ20: 13754390 | AK20: 14685930 | AL20: 14786330 | AM20: 15602870 | AN20: 15676800 | AO20: 14265520 | AP20: 15605550 | AQ20: 13923970 | AR20: 13777470 | AS20: 12265540 | AT20: 11858590 | AU20: 13491510 | AV20: 12438310 | AW20: 10975260 | AX20: 10542270 | AY20: 10124560 | AZ20: 10602220 | BA20: 9904860 | BB20: 10266440 | BC20: 9596170 | BD20: 9040750 | BE20: 8867830 | BF20: 7979050 | BG20: 9394080 | BH20: 9811540 | BI20: 10528110
A21: (1005) #쑥고개점 | B21: 160200 | C21: 6669800 | D21: 6049500 | E21: 6038000 | F21: 7350500 | G21: 4811500 | H21: 4456500 | I21: 4368500 | J21: 3727000 | K21: 4845500 | L21: 5291500 | M21: 5237500 | N21: 4841500 | O21: 5230000 | P21: 5388500 | Q21: 4948000 | R21: 5459500 | S21: 4943000 | T21: 4689500 | U21: 4993500 | V21: 4275000 | W21: 4849500 | X21: 4887500 | Y21: 5134000 | Z21: 4778000 | AA21: 5688500 | AB21: 4904500 | AC21: 5171500 | AD21: 5728500 | AE21: 5328500 | AF21: 5206580 | AG21: 5253200 | AH21: 4652840 | AI21: 5612320 | AJ21: 5331450 | AK21: 4914550 | AL21: 5110670 | AM21: 5469140 | AN21: 5280500 | AO21: 4875680 | AP21: 5009020 | AQ21: 4768920 | AR21: 5259500 | AS21: 4714700 | AT21: 4053750 | AU21: 4784710 | AV21: 4925930 | AW21: 5087070 | AX21: 4734180 | AY21: 4904200 | AZ21: 4869260 | BA21: 4245400 | BB21: 5282480 | BC21: 4561100 | BD21: 4677040 | BE21: 4462660 | BF21: 3974920 | BG21: 4735240 | BH21: 4512120 | BI21: 5174420
A22: (1006) #회기점 | B22: 250000 | C22: 8516500 | D22: 8091000 | E22: 8510500 | F22: 10252000 | G22: 8035500 | H22: 9166500 | I22: 8580500 | J22: 7955000 | K22: 9305000 | L22: 9615000 | M22: 9571000 | N22: 7891500 | O22: 7640000 | P22: 7311000 | Q22: 7329000 | R22: 8223500 | S22: 6691000 | T22: 6318500 | U22: 5128000 | V22: 5895500 | W22: 6005500 | X22: 6475500 | Y22: 7017500 | Z22: 6493500 | AA22: 6497000 | AB22: 6514000 | AC22: 7155500 | AD22: 7779000 | AE22: 6906500 | AF22: 6580280 | AG22: 5887920 | AH22: 5758180 | AI22: 7449380 | AJ22: 7247230 | AK22: 7077020 | AL22: 7406340 | AM22: 7222730 | AN22: 7663610 | AO22: 7445380 | AP22: 8189720 | AQ22: 6669310 | AR22: 6821720 | AS22: 5543720 | AT22: 5922960 | AU22: 8025080 | AV22: 7719310 | AW22: 8348740 | AX22: 8779580 | AY22: 7409400 | AZ22: 8273220 | BA22: 8184130 | BB22: 8893430 | BC22: 8251020 | BD22: 7471450 | BE22: 6534530 | BF22: 6427450 | BG22: 7929520 | BH22: 7055400 | BI22: 8842070
A23: (1007) #구의점 | B23: 290500 | C23: 8485000 | D23: 7869000 | E23: 7305500 | F23: 9158000 | G23: 6790000 | H23: 7335500 | I23: 7721000 | J23: 6881000 | K23: 8523500 | L23: 8923500 | M23: 8629000 | N23: 8660000 | O23: 9931000 | P23: 9330500 | Q23: 9306000 | R23: 9921000 | S23: 8436500 | T23: 8868500 | U23: 9811500 | V23: 8291000 | W23: 9793500 | X23: 10481000 | Y23: 11578500 | Z23: 10528200 | AA23: 11507000 | AB23: 9777000 | AC23: 9560500 | AD23: 10501000 | AE23: 10341500 | AF23: 10944840 | AG23: 9475600 | AH23: 9121730 | AI23: 10189400 | AJ23: 10809500 | AK23: 10355440 | AL23: 10771330 | AM23: 10468340 | AN23: 10016670 | AO23: 9479670 | AP23: 11208450 | AQ23: 9399790 | AR23: 9413620 | AS23: 10400210 | AT23: 8258200 | AU23: 10555710 | AV23: 10349470 | AW23: 11023910 | AX23: 11082780 | AY23: 9979110 | AZ23: 7704840 | BA23: 6931420 | BB23: 9913760 | BC23: 9338320 | BD23: 8605630 | BE23: 8751460 | BF23: 8546190 | BG23: 9363840 | BH23: 9607310 | BI23: 11178750
A24: (1008) #개포드림웍스점 | B24: 107910 | C24: 2792940 | D24: 2680380 | E24: 2911140 | F24: 3372820 | G24: 2684450 | H24: 2327630 | I24: 2432140 | J24: 2305650 | K24: 2364750 | L24: 2576620 | M24: 2567920 | N24: 2915820 | O24: 3096650 | P24: 2857630 | Q24: 3039250 | R24: 2940890 | S24: 2876900 | T24: 3242970 | U24: 3118120 | V24: 3092070 | W24: 3259420 | X24: 3113560 | Y24: 3618570 | Z24: 2956830 | AA24: 3683210 | AB24: 2796130 | AC24: 3071310 | AD24: 3006370 | AE24: 3204320 | AF24: 3818410 | AG24: 3789040 | AH24: 2782300 | AI24: 3345970 | AJ24: 4178840 | AK24: 3723580 | AL24: 3541120 | AM24: 3753340 | AN24: 3394030 | AO24: 3590350 | AP24: 3780670 | AQ24: 3373020 | AR24: 3527940 | AS24: 3853930 | AT24: 3233040 | AU24: 4092070 | AV24: 4190610 | AW24: 4416860 | AX24: 3935110 | AY24: 4219400 | AZ24: 3707810 | BA24: 3154800 | BB24: 4254140 | BC24: 3613510 | BD24: 2904400 | BE24: 3662330 | BF24: 2981240 | BG24: 3528600 | BH24: 3522180 | BI24: 4000060
A25: (1009) #진시스장항점 | B25: 49100 | C25: 2515500 | D25: 2167800 | E25: 2133500 | F25: 2667300 | G25: 2493700 | H25: 2872800 | I25: 2458500 | J25: 2126700 | K25: 2748700 | L25: 3015700 | M25: 2733100 | N25: 2804800 | O25: 2803200 | P25: 2500700 | Q25: 1058400 | R25: 1975180 | S25: 3265460 | T25: 3786060 | U25: 4151500 | V25: 3014000 | W25: 3982000 | X25: 3778500 | Y25: 4229000 | Z25: 3715500 | AA25: 5300000 | AB25: 4318000 | AC25: 4482500 | AD25: 4670000 | AE25: 4192500 | AF25: 4553400 | AG25: 4749700 | AH25: 4063450 | AI25: 4746000 | AJ25: 4838100 | AK25: 5028000 | AL25: 5009200 | AM25: 5167550 | AN25: 5111250 | AO25: 5034800 | AP25: 5446050 | AQ25: 5023800 | AR25: 4888800 | AS25: 4624850 | AT25: 4227700 | AU25: 5397850 | AV25: 5102650 | AW25: 6103400 | AX25: 6288300 | AY25: 6135800 | AZ25: 6365000 | BA25: 5700000 | BB25: 7808750 | BC25: 6055350 | BD25: 5684100 | BE25: 5675300 | BF25: 4651600 | BG25: 5511850 | BH25: =232850+6122200 -> 6355050 | BI25: 7472050
A26: (1010) #삼전엠케이점 | B26: 43400 | C26: 2481900 | D26: 2663300 | E26: 2688800 | F26: 3430000 | G26: 2657300 | H26: 3444000 | I26: 3614500 | J26: 3231000 | K26: 3394500 | L26: 3634000 | M26: 3589000 | N26: 3739000 | O26: 3712000 | P26: 3857500 | Q26: 4159500 | R26: 3971000 | S26: 3627500 | T26: 4036500 | U26: 4383500 | V26: 3303500 | W26: 4023000 | X26: 4344000 | Y26: 4117500 | Z26: 4147500 | AA26: 4936000 | AB26: 4202500 | AC26: 4462500 | AD26: 5055500 | AE26: 4676500 | AF26: 5332570 | AG26: 4967430 | AH26: 4421540 | AI26: 5214210 | AJ26: 4671920 | AK26: 5158770 | AL26: 5111760 | AM26: 4592850 | AN26: 3920990 | AO26: 4229260 | AP26: 4753230 | AQ26: 4000920 | AR26: 3880610 | AS26: 4316420 | AT26: 3466120 | AU26: 4518390 | AV26: 4194890 | AW26: 4870350 | AX26: 4629080 | AY26: 4027720 | AZ26: 3953940 | BA26: 4259370 | BB26: 4577500 | BC26: 4141100 | BD26: 3728700 | BE26: 4248000 | BF26: 4106300 | BG26: 4483100 | BH26: 4410900 | BI26: 5325500
A27: (1011) #신길점 | B27: 134100 | C27: 3575600 | D27: 3502100 | E27: 2994000 | F27: 3578800 | G27: 3325700 | H27: 3298000 | I27: 3260500 | J27: 2783500 | K27: 3737000 | L27: 3961500 | M27: 4587000 | N27: 5125500 | O27: 6490500 | P27: 6642000 | Q27: 6090500 | R27: 6797000 | S27: 5830000 | T27: 5463000 | U27: 4484500 | V27: 4034500 | W27: 5008500 | X27: 6490000 | Y27: 6792000 | Z27: 6466000 | AA27: 7506500 | AB27: 6586500 | AC27: 6711500 | AD27: 7452000 | AE27: 5567000 | AF27: 5509230 | AG27: 5636810 | AH27: 4247130 | AI27: 5759570 | AJ27: 6327940 | AK27: 6600900 | AL27: 7417440 | AM27: 7874510 | AN27: 8147000 | AO27: 7879680 | AP27: 7766690 | AQ27: 6376050 | AR27: 6797580 | AS27: 6231420 | AT27: 5395260 | AU27: 6669100 | AV27: 7720050 | AW27: 8341750 | AX27: 9001540 | AY27: 8769120 | AZ27: 8194190 | BA27: 7707120 | BB27: 9092230 | BC27: 9739660 | BD27: 8190680 | BE27: 6678590 | BF27: 7222350 | BG27: 9008250 | BH27: 10035590 | BI27: 10970960
A28: (1012) #석촌점 | B28: 64000 | C28: 4078500 | D28: 3493500 | E28: 3612000 | F28: 5201000 | G28: 3896300 | H28: 4702000 | I28: 5186500 | J28: 4436600 | K28: 5572400 | L28: 5367700 | M28: 5216000 | N28: 5125500 | O28: 5716700 | P28: 5388100 | Q28: 4735400 | R28: 5957100 | S28: 5041400 | T28: 5375000 | U28: 5511700 | V28: 4496900 | W28: 5187700 | X28: 4935200 | Y28: 5469900 | Z28: 3331900 | AA28: 6243200 | AB28: 4438400 | AC28: 4622700 | AD28: 5872500 | AE28: 4876600 | AF28: 5555490 | AG28: 5383790 | AH28: 5203290 | AI28: 5888760 | AJ28: 6195780 | AK28: 5787130 | AL28: 5389270 | AM28: 5954180 | AN28: 4720540 | AO28: 5244680 | AP28: 5952470 | AQ28: 5255030 | AR28: 5899320 | AS28: 5835590 | AT28: 5062470 | AU28: 6000380 | AV28: 5647630 | AW28: 7145610 | AX28: 6690290 | AY28: 5614530 | AZ28: 4895660 | BA28: 4854620 | BB28: 6867160 | BC28: 4788360 | BD28: 4963150 | BE28: 5412120 | BF28: 5318320 | BG28: 5218990 | BH28: 5339260 | BI28: 6210960
A29: (1013) #방이점 | B29: 193000 | C29: 6766500 | D29: 6400000 | E29: 6530500 | F29: 7145000 | G29: 5332000 | H29: 5178500 | I29: 4343000 | J29: 4393000 | K29: 5435500 | L29: 5538000 | M29: 6039000 | N29: 6545000 | O29: 7161500 | P29: 7213500 | Q29: 6700000 | R29: 6726000 | S29: 6103500 | T29: 5761500 | U29: 5524500 | V29: 5292000 | W29: 6307500 | X29: 6084000 | Y29: 7411000 | Z29: 5995500 | AA29: 6601500 | AB29: 4246500 | AC29: 3935500 | AD29: 4140500 | AE29: 3367500 | AF29: 3146000 | AG29: 2662000 | AH29: 2732000 | AI29: 3372500 | AJ29: 3613500 | AK29: 3608500 | AL29: 3809500 | AM29: 3298000 | AN29: 3403500 | AO29: 1099500
A30: (1014) #자곡점 | B30: 205500 | C30: 7196500 | D30: 6652000 | E30: 6313000 | F30: 8014500 | G30: 6486500 | H30: 6464000 | I30: 6994000 | J30: 6004000 | K30: 7379000 | L30: 6228900 | M30: 6867000 | N30: 6478000 | O30: 7080000 | P30: 5789000 | Q30: 5341500 | R30: 6305000 | S30: 5697000 | T30: 5990000 | U30: 5863000 | V30: 5259500 | W30: 6671500 | X30: 6479000 | Y30: 6415500 | Z30: 6328500 | AA30: 7164500 | AB30: 6106500 | AC30: 6438500 | AD30: 7572000 | AE30: 6782000 | AF30: 6934500 | AG30: 6780400 | AH30: 5970600 | AI30: 7655900 | AJ30: 7666950 | AK30: 7182300 | AL30: 6988950 | AM30: 7102750 | AN30: 6502950 | AO30: 5938250 | AP30: 6866800 | AQ30: 6242600 | AR30: 5865950 | AS30: 5387250 | AT30: 4890950 | AU30: 5990000 | AV30: 5930350 | AW30: 6212500 | AX30: 7344000 | AY30: 7234450 | AZ30: 7934800 | BA30: 6979650 | BB30: 9038850 | BC30: 7457450 | BD30: 6752600 | BE30: 6777100 | BF30: 7126800 | BG30: 7512800 | BH30: 7185100 | BI30: 9330100
A31: (1015) #사당점 | B31: 144000 | C31: 6831000 | D31: 6159000 | E31: 5934500 | F31: 7562500 | G31: 6655000 | H31: 5978000 | I31: 6216000 | J31: 5828000 | K31: 7082000 | L31: 7406000 | M31: 8058000 | N31: 8268000 | O31: 8857000 | P31: 9470000 | Q31: 8510500 | R31: 9286000 | S31: 7863500 | T31: 8120000 | U31: 7867000 | V31: 7418000 | W31: 8630000 | X31: 8640500 | Y31: 9895000 | Z31: 8844000 | AA31: 9774000 | AB31: 8625500 | AC31: 6593500 | AD31: 10137000 | AE31: 8912500 | AF31: 10304160 | AG31: 9959250 | AH31: 8365920 | AI31: 10340560 | AJ31: 10158810 | AK31: 10222190 | AL31: 10398840 | AM31: 9200510 | AN31: 9427790 | AO31: 9524120 | AP31: 9992710 | AQ31: 9086770 | AR31: 9713790 | AS31: 8808800 | AT31: 8056240 | AU31: 9428550 | AV31: 9091630 | AW31: 10477590 | AX31: 10186590 | AY31: 9130830 | AZ31: 9169920 | BA31: 8984620 | BB31: 10207850 | BC31: 8681140 | BD31: 8705650 | BE31: 7988460 | BF31: 7943530 | BG31: 9158030 | BH31: 9059550 | BI31: 10175060
A32: (1016) #가산점 | B32: 57500 | C32: 4348500 | D32: 4315500 | E32: 5101500 | F32: 5549500 | G32: 4949500 | H32: 5817000 | I32: 5412500 | J32: 5008500 | K32: 5805500 | L32: 5518500 | M32: 5676000 | N32: 6097000 | O32: 6223000 | P32: 6785000 | Q32: 6392500 | R32: 6694000 | S32: 5975500 | T32: 6672000 | U32: 6612000 | V32: 6523500 | W32: 7278000 | X32: 7228500 | Y32: 7412500 | Z32: 6903500 | AA32: 7517000 | AB32: 6519000 | AC32: 7099500 | AD32: 7770500 | AE32: 7152000 | AF32: 8600370 | AG32: 7240180 | AH32: 6589950 | AI32: 8158470 | AJ32: 8039210 | AK32: 8155310 | AL32: 4349930 | AM32: 4847960 | AN32: 4442210 | AO32: 3966950 | AP32: 3820070 | AQ32: 4038380 | AR32: 3968690 | AS32: 3736980 | AT32: 3670180 | AU32: 4407920 | AV32: 3984710 | AW32: 4381780 | AX32: 4284260 | AY32: 4021480 | AZ32: 4116370 | BA32: 3985290 | BB32: 5673450 | BC32: 4627720 | BD32: 4432120 | BE32: 4432560 | BF32: 4494040 | BG32: 4305240 | BH32: 4430440 | BI32: 4799860
A33: (1017) #마곡점 | B33: 90500 | C33: 3334700 | D33: 2816400 | E33: 3062700 | F33: 4020000 | G33: 2774900 | H33: 3299400 | I33: 3546100 | J33: 2762000 | K33: 3428900 | L33: 3839800 | M33: 3875100 | N33: 3689700 | Q33: 622900 | R33: 2605600 | S33: 2628900 | T33: 3425650 | U33: 3031420 | V33: 2728000 | W33: 2979100 | X33: 3564900 | Y33: 4222900 | Z33: 3829500 | AA33: 4046700 | AB33: 3656900 | AC33: 4016500 | AD33: 4121300 | AE33: 3545900 | AF33: 4453100 | AG33: 3630700 | AH33: 3352600 | AI33: 3991900 | AJ33: 4224400 | AK33: 3970800 | AL33: 4164200 | AM33: 3726900 | AN33: 3913700 | AO33: 3583100 | AP33: 3996300 | AQ33: 3336200
A34: (1018) #논현점 | B34: 239400 | C34: 6905600 | D34: 6378700 | E34: 6224500 | F34: 7510900 | G34: 6465700 | H34: 6587300 | I34: 6129100 | J34: 5368300 | K34: 6973200 | L34: 7346900 | M34: 9148400 | N34: 8081400 | O34: 9807800 | P34: 8905600 | Q34: 8269400 | R34: 9136700 | S34: 8250300 | T34: 7905100 | U34: 7259400 | V34: 6502500 | W34: 7969900 | X34: 7060900 | Y34: 5173300 | Z34: 4532100 | AA34: 5875700 | AB34: 4747700 | AC34: 4526400 | AD34: 4985700 | AE34: 4090500 | AF34: 4023040 | AG34: 4172390 | AH34: 3762640 | AI34: 4205350 | AJ34: 3666470 | AK34: 4222730 | AL34: 3695520 | AM34: 4522550 | AN34: 3685860 | AO34: 3820460 | AP34: 4110080 | AQ34: 3836690 | AR34: 4385550 | AS34: 3810630 | AT34: 3528430 | AU34: 4233650 | AV34: 3985300 | AW34: 4156940 | AX34: 4091750 | AY34: 172290
A35: (1019) #청룡점 | B35: 136500 | C35: 3523000 | D35: 3599000 | E35: 3430500 | F35: 4718000 | G35: 4005500 | H35: 4507500 | I35: 4153000 | J35: 3738000 | K35: 4629500 | L35: 4502500 | M35: 5310500 | N35: 5380500 | O35: 5842000 | P35: 5876000 | Q35: 5467000 | R35: 6178500 | S35: 4951500 | T35: 5222000 | U35: 4723000 | V35: 4998000 | W35: 5545500 | X35: 5388000 | Y35: 6160000 | Z35: 5806000 | AA35: 6546000 | AB35: 4618500 | AC35: 4493000 | AD35: 5190000 | AE35: 4649000 | AF35: 4501500 | AG35: 4393700 | AH35: 3417950 | AI35: 4395900 | AJ35: 4733750 | AK35: 4240850 | AL35: 4766250 | AM35: 4913550 | AN35: 4297850 | AO35: 3721000 | AP35: 3964200 | AQ35: 3871100 | AR35: 4075650 | AS35: 3486550 | AT35: 3385350 | AU35: 4213150 | AV35: 3762200 | AW35: 4398710 | AX35: 4626040 | AY35: 5097490 | AZ35: 4871310 | BA35: 5063830 | BB35: 6045340 | BC35: 4818550 | BD35: 4600150 | BE35: 4119540 | BF35: 4270330 | BG35: 4789250 | BH35: 4757300 | BI35: 5403610
A36: (1020) #신길삼거리점 | B36: 44000 | C36: 3382000 | D36: 2840000 | E36: 3155000 | F36: 4446000 | G36: 3687500 | H36: 3863000 | I36: 4102500 | J36: 3513500 | K36: 4040500 | L36: 4175000 | M36: 3637000 | N36: 3887000 | O36: 4849500 | P36: 4727500 | Q36: 3935000 | R36: 4866000 | S36: 4560000 | T36: 5093500 | U36: 5897500 | V36: 4887000 | W36: 5437500 | X36: 5194500 | Y36: 5701500 | Z36: 5058680 | AA36: 6213750 | AB36: 5166770 | AC36: 5551660 | AD36: 5641400 | AE36: 6405160 | AF36: 5595300 | AG36: 6130550 | AH36: 5898050 | AI36: 6421200 | AJ36: 5881500 | AK36: 5735050 | AL36: 5822650 | AM36: 6249400 | AN36: 5303450 | AO36: 5839850 | AP36: 6539550 | AQ36: 6325350 | AR36: 6008700 | AS36: 6261450 | AT36: 5487800 | AU36: 6840150 | AV36: 5798950 | AW36: 6543150 | AX36: 6225650 | AY36: 5765000 | AZ36: 5607200 | BA36: 5695500 | BB36: 7198350 | BC36: 6109700 | BD36: 6027150 | BE36: 5981600 | BF36: 5618600 | BG36: 5493850 | BH36: 5848050 | BI36: 6295450
A37: (1021) #광주전남대점 | B37: 39000 | C37: 2775000 | D37: 3072500 | E37: 3196500 | F37: 3637500 | G37: 3383000 | H37: 3501000 | I37: 3574500 | J37: 3500000 | K37: 3440500 | L37: 2538000 | M37: 2498000 | N37: 2493500 | O37: 2600500 | P37: 3094000 | Q37: 2442500 | R37: 2364500 | S37: 2384500 | T37: 2424000 | U37: 2680000 | V37: 2526500 | W37: 2624000 | X37: 2745500 | Y37: 2892000 | Z37: 2676000 | AA37: 3282000 | AB37: 2582000 | AC37: 3027000 | AD37: 2887500 | AE37: 2593000 | AF37: 2633000 | AG37: 2632000 | AH37: 2539000 | AI37: 2811500 | AJ37: 2873000 | AK37: 2705000 | AL37: 2625500 | AM37: 2910500 | AN37: 2498000 | AO37: 2520000 | AP37: 2565500 | AQ37: 2375000 | AR37: 2636500 | AS37: 2869000 | AT37: 2224000 | AU37: 2613500 | AV37: 2050000 | AW37: 2087000 | AX37: 2147000 | AY37: 1807000 | AZ37: 2435500 | BA37: 2300450 | BB37: 2230300 | BC37: 2264310 | BD37: 2289640 | BE37: 1692500 | BF37: 1678500 | BG37: 1907000 | BH37: 1801500 | BI37: 2014500
A38: (1022) #서울시립대점 | B38: 67500 | C38: 4295900 | D38: 4795700 | E38: 5295000 | F38: 5872100 | G38: 5011300 | H38: 4442500 | I38: 5111200 | J38: 5327000 | K38: 5967700 | L38: 6499500 | M38: 7031700 | N38: 7347500 | O38: 8451000 | P38: 8659500 | Q38: 8720000 | R38: 8181500 | S38: 7156500 | T38: 7193500 | U38: 6945500 | V38: 7067500 | W38: 9056000 | X38: 8582500 | Y38: 9666000 | Z38: 8909370 | AA38: 9851230 | AB38: 9063890 | AC38: 8842310 | AD38: 8798800 | AE38: 8265090 | AF38: 7012000 | AG38: 6992300 | AH38: 7084800 | AI38: 8727050 | AJ38: 6940900 | AK38: 6626600 | AL38: 6642050 | AM38: 7487500 | AN38: 8021000 | AO38: 7478150 | AP38: 7348800 | AQ38: 7505500 | AR38: 7187950 | AS38: 6239300 | AT38: 6536650 | AU38: 6964750 | AV38: 7007700 | AW38: 8140100 | AX38: 7768850 | AY38: 7097300 | AZ38: 7523750 | BA38: 7520450 | BB38: 8731950 | BC38: 7972700 | BD38: 7717000 | BE38: 6783600 | BF38: 6183400 | BG38: 6019550 | BH38: 5983250 | BI38: 6380200
A39: (1023) #동탄석우동점 | B39: 89400 | C39: 3413700 | D39: 2981400 | E39: 2960500 | F39: 3840500 | G39: 2901500 | H39: 3291700 | I39: 3579200 | J39: 3537700 | K39: 3980400 | L39: 4165700 | M39: 4105200 | N39: 4532400 | O39: 4927100 | P39: 5012400 | Q39: 4472900 | R39: 5367100 | S39: 4912000 | T39: 4531800 | U39: 4314800 | V39: 3914200 | W39: 4417000 | X39: 4726300 | Y39: 4946500 | Z39: 4144600 | AA39: 4947200 | AB39: 4325800 | AC39: 4159300 | AD39: 4656500 | AE39: 3805900 | AF39: 3773330 | AG39: 3837040 | AH39: 3562310 | AI39: 4502550 | AJ39: 4596930 | AK39: 4246310 | AL39: 4389690 | AM39: 4113520 | AN39: 4094980 | AO39: 3907140 | AP39: 4554520 | AQ39: 4486390 | AR39: 3620670 | AS39: 3827510 | AT39: 3578310 | AU39: 4034280 | AV39: 3609630 | AW39: 4169110 | AX39: 3942120 | AY39: 3983110 | AZ39: 4925070 | BA39: 4079270 | BB39: 5311570 | BC39: 4556520 | BD39: 4167600 | BE39: 4815420 | BF39: 3909970 | BG39: 4415060 | BH39: 4781420 | BI39: 3878790
A40: (1024) #인헌그린점 | B40: 56500 | C40: 2157000 | D40: 1802500 | E40: 2085800 | F40: 1754900 | G40: 1829400 | H40: 2173700 | I40: 2247700 | J40: 1815700 | K40: 2280700 | L40: 2402400 | M40: 2021800 | N40: 2348200 | O40: 2297800 | P40: 2373900 | Q40: 2455700 | R40: 2593600 | S40: 2362200 | T40: 3549900 | U40: 3446900 | V40: 2333400 | W40: 2565000 | X40: 2633500 | Y40: 2887200 | Z40: 2367300 | AA40: 3063900 | AB40: 2412400 | AC40: 2433100 | AD40: 2688300 | AE40: 2453300 | AF40: 4158320 | AG40: 2739080 | AH40: 2698170 | AI40: 2642500 | AJ40: 2787600 | AK40: 2757390 | AL40: 3114190 | AM40: 3444110 | AN40: 3157970 | AO40: 3265070 | AP40: 3163600 | AQ40: 3183660 | AR40: 3240240 | AS40: 3495420 | AT40: 3756470 | AU40: 3430820 | AV40: 2802190 | AW40: 3761640 | AX40: 3099590 | AY40: 3173740 | AZ40: 2960550 | BA40: 3057040 | BB40: 4217940 | BC40: 3172270 | BD40: 3414410 | BE40: 5545890 | BF40: 3528640 | BG40: 2999520 | BH40: 2843980 | BI40: 3719600
A41: (1035) #신촌대현점 | F41: 1289150 | G41: 2013740 | H41: 2424500 | I41: 2580000 | J41: 2591000 | K41: 2889500 | L41: 2652000 | M41: 2799000 | N41: 2375720 | O41: 2797610 | P41: 3660000 | Q41: 2954500 | R41: 2981500 | S41: 3019000 | T41: 2459500 | U41: 3147500 | V41: 2856500 | W41: 3237000 | X41: 3418500 | Y41: 3776500 | Z41: 3425000 | AA41: 1500500 | AB41: 1951720 | AC41: 2518800 | AD41: 3338710 | AE41: 3103000 | AF41: 3116900 | AG41: 2796650 | AH41: 2680100 | AI41: 3325250 | AJ41: 3368950 | AK41: 3823050 | AL41: 4317000 | AM41: 4481750 | AN41: 3986950 | AO41: 3603400 | AP41: 4104050 | AQ41: 3799350 | AR41: 3310450 | AS41: 3371650 | AT41: 3087300 | AU41: 4062050 | AV41: 3895800 | AW41: 4959750 | AX41: 5335850 | AY41: 5495900 | AZ41: 4486000 | BA41: 4578350 | BB41: 5653900 | BC41: 4769050 | BD41: 4152050 | BE41: 4042800 | BF41: 3556600 | BG41: 4412400 | BH41: 4351350 | BI41: 5360700
A42: (1034) #부천심곡점 | G42: 1520790 | H42: 2278440 | I42: 2553000 | J42: 2163000 | K42: 3154500 | L42: 2947500 | M42: 2854000 | N42: 3256500 | O42: 3734000 | P42: 3626500 | Q42: 3587500 | R42: 4181000 | S42: 4067500 | T42: 3968500 | U42: 4060000 | V42: 3699500 | W42: 4264000 | X42: 4418000 | Y42: 4132500 | Z42: 4034000 | AA42: 4412500 | AB42: 4341000 | AC42: 4126500 | AD42: 5218000 | AE42: 4975500 | AF42: 5206520 | AG42: 5706320 | AH42: 4721000 | AI42: 5867080 | AJ42: 6128200 | AK42: 5807590 | AL42: 5598850 | AM42: 6604260 | AN42: 6218050 | AO42: 5795010 | AP42: 5965130 | AQ42: 5992110 | AR42: 5785480 | AS42: 5538750 | AT42: 5162330 | AU42: 6226820 | AV42: 6073540 | AW42: 6333110 | AX42: 6411230 | AY42: 6536210 | AZ42: 6419030 | BA42: 5097710 | BB42: 5987540 | BC42: 5386740 | BD42: 5605280 | BE42: 5573310 | BF42: 4244830 | BG42: 3994820 | BH42: 4176770 | BI42: 3942210
A43: (1033) #보라매점 | B43: 29970 | C43: 3287960 | D43: 2387390 | E43: 2521000 | F43: 3215000 | G43: 2516500 | H43: 2867500 | I43: 3391000 | J43: 3092500 | K43: 3849500 | L43: 3768500 | M43: 4131500 | N43: 4446500 | O43: 5027500 | P43: 4878500 | Q43: 4243000 | R43: 4611500 | S43: 3921500 | T43: 4193500 | U43: 4418000 | V43: 3885000 | W43: 4209500 | X43: 4464000 | Y43: 4515500 | Z43: 4238000 | AA43: 4900500 | AB43: 4069500 | AC43: 4365000 | AD43: 4951000 | AE43: 4176500 | AF43: 4687550 | AG43: 4475750 | AH43: 4267750 | AI43: 4798100 | AJ43: 4518200 | AK43: 4710800 | AL43: 5156250 | AM43: 5440500 | AN43: 5001750 | AO43: 4776850 | AP43: 5601450 | AQ43: 4969600 | AR43: 5201650 | AS43: 5123150 | AT43: 4639400 | AU43: 5747200 | AV43: 5101950 | AW43: 5950300 | AX43: 5616350 | AY43: 5369250 | AZ43: 5152850 | BA43: 4687250 | BB43: 6236750 | BC43: 5809650 | BD43: 5420400 | BE43: 5669200 | BF43: 5079450 | BG43: 5508850 | BH43: 5041550 | BI43: 5847600
A44: (1032) #이대점 | E44: 308500 | F44: 3024500 | G44: 3064500 | H44: 3022500 | I44: 3544000 | J44: 3473000 | K44: 3722000 | L44: 2977500 | M44: 2621000 | N44: 2760000 | O44: 3855500 | P44: 3651500 | Q44: 3556000 | R44: 3787500 | S44: 3138500 | T44: 3054500 | U44: 2760500 | V44: 2689000 | W44: 3504500 | X44: 3672000 | Y44: 4123000 | Z44: 4135500 | AA44: 4225500 | AB44: 3134000 | AC44: 3412000 | AD44: 3979000 | AE44: 3022000 | AF44: 3144300 | AG44: 3274200 | AH44: 2759200 | AI44: 2586150 | AJ44: 3179100 | AK44: 3400800 | AL44: 3554900 | AM44: 3454750 | AN44: 3105150 | AO44: 2694600 | AP44: 2884300 | AQ44: 3188500 | AR44: 2945650 | AS44: 2512950 | AT44: 2830650 | AU44: 3658500 | AV44: 3410300 | AW44: 4223250 | AX44: 4240800 | AY44: 3705350 | AZ44: 3389300 | BA44: 3231350 | BB44: 3330250 | BC44: 3121200 | BD44: 2990850 | BE44: 2703650 | BF44: 2405100 | BG44: 2401050 | BH44: 2153550 | BI44: 3009850
A45: (1026) #신촌점 | C45: 1639720 | D45: 3720700 | E45: 4227200 | F45: 4666200 | G45: 3995700 | H45: 4455400 | I45: 4505900 | J45: 4808500 | K45: 5147300 | L45: 5730400 | M45: 6441700 | N45: 7138300 | O45: 7615200 | P45: 8095900 | Q45: 7944000 | R45: 8441300 | S45: 7920800 | T45: 7606400 | U45: 7213600 | V45: 6304000 | W45: 7352700 | X45: 6815800 | Y45: 8349500 | Z45: 8060350 | AA45: 10037870 | AB45: 8818710 | AC45: 8671900 | AD45: 9407590 | AE45: 8585740 | AF45: 8104340 | AG45: 6805330 | AH45: 6905210 | AI45: 8083790 | AJ45: 8277730 | AK45: 8263700 | AL45: 8477470 | AM45: 9030890 | AN45: 8981450 | AO45: 8031480 | AP45: 9371080 | AQ45: 8599860 | AR45: 7451050 | AS45: 7367090 | AT45: 6912660 | AU45: 8396290 | AV45: 8438080 | AW45: 9112550 | AX45: 8501640 | AY45: 9052520 | AZ45: 8950870 | BA45: 9502810 | BB45: 10116790 | BC45: 9243010 | BD45: 9188550 | BE45: 7275980 | BF45: 7486350 | BG45: 8788990 | BH45: 9681330 | BI45: 9602370
A46: (1027) #가산디지털점 | C46: 473500 | D46: 3596400 | E46: 4621960 | F46: 7577500 | G46: 5945500 | H46: 6209000 | I46: 6337000 | J46: 5264500 | K46: 6266000 | L46: 6910000 | M46: 6942500 | N46: 7425000 | O46: 8126500 | P46: 7994500 | Q46: 7466000 | R46: 8657000 | S46: 7515000 | T46: 7340000 | U46: 7820000 | V46: 6686000 | W46: 7810500 | X46: 8290000 | Y46: 8747500 | Z46: 7999000 | AA46: 9537000 | AB46: 8169000 | AC46: 9044000 | AD46: 10201500 | AE46: 8274000 | AF46: 9796860 | AG46: 8984340 | AH46: 7697520 | AI46: 10550010 | AJ46: 9931040 | AK46: 9604950 | AL46: 9711910 | AM46: 10466720 | AN46: 10231730 | AO46: 9655240 | AP46: 9384370 | AQ46: 8750780 | AR46: 8606480 | AS46: 8439840 | AT46: 7028980 | AU46: 8798290 | AV46: 7712110 | AW46: 9252950 | AX46: 8781310 | AY46: 8557000 | AZ46: 8579930 | BA46: 7811570 | BB46: 9034120 | BC46: 8326730 | BD46: 7956110 | BE46: 7156280 | BF46: 6823980 | BG46: 7632670 | BH46: 7784560 | BI46: 8302770
A47: (1028) #서림에스제이점 | C47: 203290 | D47: 2901490 | E47: 3870700 | F47: 4778300 | G47: 4321800 | H47: 4543800 | I47: 4386000 | J47: 2780300 | K47: 4681400 | L47: 5566700 | M47: 5930600 | N47: 6375000 | O47: 7387000 | P47: 7543000 | Q47: 6857000 | R47: 7809000 | S47: 7133000 | T47: 7374500 | U47: 7554000 | V47: 7314000 | W47: 7779500 | X47: 8170000 | Y47: 8742500 | Z47: 8156500 | AA47: 9335000 | AB47: 8422000 | AC47: 8954000 | AD47: 9620500 | AE47: 8861000 | AF47: 8658000 | AG47: 8081000 | AH47: 7426000 | AI47: 8429500 | AJ47: 8867500 | AK47: 9721500 | AL47: 9761500 | AM47: 10380500 | AN47: 9372000 | AO47: 8615500 | AP47: 9108000 | AQ47: 8950000 | AR47: 8978900 | AS47: 8917170 | AT47: 8155520 | AU47: 8298870 | AV47: 7234980 | AW47: 8876390 | AX47: 8238120 | AY47: 7433900 | AZ47: 7939210 | BA47: 6959600 | BB47: 8664340 | BC47: 7290500 | BD47: 7323250 | BE47: 6706080 | BF47: 6189510 | BG47: 6795260 | BH47: 6601220 | BI47: 7670330
A48: (1025) #연남점 | D48: 2457160 | E48: 4196620 | F48: 5706500 | G48: 5583000 | H48: 5492000 | I48: 5342000 | J48: 5498000 | K48: 6442500 | L48: 6481500 | M48: 6479000 | N48: 7629500 | O48: 8233000 | P48: 8058500 | Q48: 6874000 | R48: 7632500 | S48: 7508500 | T48: 8175000 | U48: 7677500 | V48: 6422500 | W48: 8216000 | X48: 7835000 | Y48: 8429000 | Z48: 7394000 | AA48: 9067500 | AB48: 7192000 | AC48: 7919500 | AD48: 9024500 | AE48: 8598000 | AF48: 9145260 | AG48: 7610460 | AH48: 7162610 | AI48: 8813510 | AJ48: 9842730 | AK48: 9144110 | AL48: 8868390 | AM48: 10167090 | AN48: 9927070 | AO48: 9712500 | AP48: 10605140 | AQ48: 8593640 | AR48: 8214290 | AS48: 8071330 | AT48: 7153550 | AU48: 8796310 | AV48: 9162020 | AW48: 11302150 | AX48: 10184600 | AY48: 9148080 | AZ48: 9490160 | BA48: 9235130 | BB48: 11937550 | BC48: 9796210 | BD48: 9773750 | BE48: 8699860 | BF48: 8996550 | BG48: 9850090 | BH48: 9326950 | BI48: 10110070
A49: (1029) #사당까치점 | E49: 1183320 | F49: 2736330 | G49: 2246600 | H49: 1908300 | I49: 2321800 | J49: 1814600 | K49: 2724100 | L49: 2457300 | M49: 2330100 | N49: 3117300 | O49: 3323900 | P49: 3877000 | Q49: 2947300 | R49: 3417900 | S49: 3020200 | T49: 3139600 | U49: 3198600 | V49: 2825800 | W49: 3074700 | X49: 3082800 | Y49: 4045900 | Z49: 3465700 | AA49: 3899200 | AB49: 3019300 | AC49: 3444000 | AD49: 4301100 | AE49: 3421900 | AF49: 4070050 | AG49: 4408500 | AH49: 3795050 | AI49: 4885100 | AJ49: 4829800 | AK49: 4366050 | AL49: 4965700 | AM49: 5105550 | AN49: 4573450 | AO49: 4471400 | AP49: 4975700 | AQ49: 4316500 | AR49: 4427050 | AS49: 4040550 | AT49: 3852100 | AU49: 4717600 | AV49: 4606460 | AW49: 6017930 | AX49: 5893450 | AY49: 4986250 | AZ49: 4938500 | BA49: 4634950 | BB49: 6332780 | BC49: 4941860 | BD49: 4269660 | BE49: 5103510 | BF49: 4882450 | BG49: 4990600 | BH49: 4908700 | BI49: 6280300
A50: (1030) #노량진점 | E50: 1528590 | F50: 5307230 | G50: 4891700 | H50: 5716600 | I50: 6707400 | J50: 5655900 | K50: 6486000 | L50: 7237000 | M50: 7305300 | N50: 7546500 | O50: 8865100 | P50: 10057900 | Q50: 9407800 | R50: 10858000 | S50: 9363500 | T50: 9529500 | U50: 8813500 | V50: 8482500 | W50: 9407500 | X50: 9846000 | Y50: 9124000 | Z50: 8785000 | AA50: 10066000 | AB50: 9410000 | AC50: 9583000 | AD50: 10345500 | AE50: 9445000 | AF50: 10447670 | AG50: 9581260 | AH50: 8261060 | AI50: 9299420 | AJ50: 9928220 | AK50: 9310110 | AL50: 9922020 | AM50: 11250510 | AN50: 11350800 | AO50: 11270540 | AP50: 10966600 | AQ50: 9603450 | AR50: 9674190 | AS50: 9964680 | AT50: 8927410 | AU50: 7956690 | AV50: 6998950 | AW50: 7972600 | AX50: 7801450 | AY50: 8559900 | AZ50: 8062250 | BA50: 8240400 | BB50: 9586750 | BC50: 8710850 | BD50: 7995250 | BE50: 7264400 | BF50: 6827400 | BG50: 7805200 | BH50: 8597800 | BI50: 9019600
A51: (1036) #낙성대행운점 | G51: 2764500 | H51: 4503000 | I51: 4474500 | J51: 4179000 | K51: 5395500 | L51: 5651000 | M51: 6141000 | N51: 6413500 | O51: 6233500 | P51: 6013000 | Q51: 6485000 | R51: 7086000 | S51: 5985500 | T51: 5818500 | U51: 5348500 | V51: 5590000 | W51: 6309500 | X51: 6558500 | Y51: 7183000 | Z51: 6188500 | AA51: 7363500 | AB51: 6646000 | AC51: 6251000 | AD51: 7663500 | AE51: 6378500 | AF51: 7171080 | AG51: 6090930 | AH51: 6429710 | AI51: 7312460 | AJ51: 7474430 | AK51: 6882320 | AL51: 7365450 | AM51: 7607970 | AN51: 7332140 | AO51: 6811010 | AP51: 7835090 | AQ51: 6886210 | AR51: 6437110 | AS51: 5920410 | AT51: 6072920 | AU51: 6606020 | AV51: 6948510 | AW51: 8508230 | AX51: 8386680 | AY51: 8122930 | AZ51: 8463310 | BA51: 7848850 | BB51: 9240080 | BC51: 7829240 | BD51: 7313130 | BE51: 7255820 | BF51: 6452360 | BG51: 7515170 | BH51: 7583090 | BI51: 8630350
A52: (1037) #신림퍼스트점 | H52: 740500 | I52: 1016500 | J52: 787000 | K52: 1383270 | L52: 1215640 | M52: 1857680 | N52: 2848470 | O52: 2759750 | P52: 3476600 | Q52: 2573700 | R52: 2761200 | S52: 2435200 | T52: 2733340 | U52: 2341330 | V52: 2319100 | W52: 2760660 | X52: 2736980 | Y52: 2909370 | Z52: 2674870 | AA52: 3359600 | AB52: 2835100 | AC52: 2805600 | AD52: 2952400 | AE52: 3182400 | AF52: 2814500 | AG52: 2719150 | AH52: 2238450 | AI52: 3279050 | AJ52: 2763200 | AK52: 2878100 | AL52: 3249000 | AM52: 3263700 | AN52: 3064800 | AO52: 3288400 | AP52: 3526200 | AQ52: 3657400 | AR52: 3331700 | AS52: 2828550 | AT52: 2948500 | AU52: 3463850 | AV52: 3273700 | AW52: 2213600 | AX52: 2220650 | AY52: 1954250 | AZ52: 1941950 | BA52: 1720750 | BB52: 1998150 | BC52: 2031700 | BD52: 1649350 | BE52: 340650
A53: (1038) #한양여대점 | J53: 25500 | K53: 688000 | L53: 787300 | M53: 1021060 | N53: 1229270 | O53: 1336610 | P53: 1193600 | Q53: 1306440 | R53: 738630 | S53: 851000 | T53: 1722950 | U53: 2346320 | V53: 2685990 | W53: 6470500 | X53: 4166000 | Y53: 4919500 | Z53: 4461500 | AA53: 4859000 | AB53: 5003500 | AC53: 4071000 | AD53: 4567000 | AE53: 4018500 | AF53: 4590500 | AG53: 3680500 | AH53: 3547000 | AI53: 4904000 | AJ53: 4604000 | AK53: 4945000 | AL53: 5161000 | AM53: 5194000 | AN53: 4785500 | AO53: 5459000 | AP53: 5025500 | AQ53: 4899000 | AR53: 4261400 | AS53: 3754200 | AT53: 3802200 | AU53: 4574000 | AV53: 3288820 | AW53: 3219390 | AX53: 3538190 | AY53: 2720600 | AZ53: 2941860 | BA53: 2872100 | BB53: 3204290 | BC53: 3028890 | BD53: 2752780 | BE53: 2407590 | BF53: 2321270 | BG53: 3140020 | BH53: 2954890 | BI53: 3459280
A54: (1039) #이문점 | K54: 724500 | L54: 4247000 | M54: 5334000 | N54: 6707000 | O54: 7169000 | P54: 7734000 | Q54: 7455500 | R54: 8367500 | S54: 7143000 | T54: 6766500 | U54: 6233500 | V54: 6832500 | W54: 7727500 | X54: 7719000 | Y54: 9061000 | Z54: 9222600 | AA54: 9550600 | AB54: 9491500 | AC54: 10049900 | AD54: 10930650 | AE54: 10127750 | AF54: 9964920 | AG54: 7675770 | AH54: 7575560 | AI54: 8923900 | AJ54: 9577490 | AK54: 9944600 | AL54: 10341730 | AM54: 10208500 | AN54: 10757690 | AO54: 9908320 | AP54: 10391060 | AQ54: 9923380 | AR54: 8861860 | AS54: 7653400 | AT54: 8595610 | AU54: 9916880 | AV54: 10687170 | AW54: 12695770 | AX54: 11700410 | AY54: 10848070 | AZ54: 11374980 | BA54: 11751110 | BB54: 12962240 | BC54: 11022960 | BD54: 10780800 | BE54: 9770690 | BF54: 9600700 | BG54: 11007990 | BH54: 10439050 | BI54: 13017380
A55: (1040) #독산역점 | K55: 17460 | L55: 3124370 | M55: 3618490 | N55: 4582500 | O55: 4737000 | P55: 4592000 | Q55: 4473500 | R55: 5160000 | S55: 4926500 | T55: 4725000 | U55: 5011500 | V55: 4299500 | W55: 4893000 | X55: 5435500 | Y55: 5832000 | Z55: 5218500 | AA55: 5550500 | AB55: 5118000 | AC55: 5689970 | AD55: 6635780 | AE55: 6230250 | AF55: 6246160 | AG55: 6435170 | AH55: 5539180 | AI55: 6568490 | AJ55: 6547370 | AK55: 6198430 | AL55: 7002560 | AM55: 6990610 | AN55: 6467970 | AO55: 6261780 | AP55: 7029710 | AQ55: 6041240 | AR55: 6232360 | AS55: 6480950 | AT55: 5025790 | AU55: 6956030 | AV55: 6784460 | AW55: 7257760 | AX55: 6769390 | AY55: 6545130 | AZ55: 6907770 | BA55: 5714930 | BB55: 7327970 | BC55: 7191640 | BD55: 6301720 | BE55: 6582200 | BF55: 6313760 | BG55: 6779910 | BH55: 7043050 | BI55: 8030100
A56: (1041) #인하대점 | L56: 4143070 | M56: 6111300 | N56: 7465500 | O56: 7544500 | P56: 8708000 | Q56: 8632000 | R56: 8420000 | S56: 7398500 | T56: 7114500 | U56: 5922500 | V56: 5915500 | W56: 7196300 | X56: 7307600 | Y56: 8093600 | Z56: 7853000 | AA56: 8018900 | AB56: 8386200 | AC56: 7353800 | AD56: 8848800 | AE56: 7633100 | AF56: 7916700 | AG56: 6945300 | AH56: 6003100 | AI56: 7671800 | AJ56: 8033900 | AK56: 9041300 | AL56: 8739300 | AM56: 9183100 | AN56: 8509700 | AO56: 8989100 | AP56: 9306800 | AQ56: 9493600 | AR56: 8158600 | AS56: 6668800 | AT56: 6420500 | AU56: 8392400 | AV56: 7869600 | AW56: 7893700 | AX56: 7225300 | AY56: 6677700 | AZ56: 6720100 | BA56: 6047100 | BB56: 6335800 | BC56: 5350000 | BD56: 4819300 | BE56: 3881700 | BF56: 4187600 | BG56: 5567000 | BH56: 5025200 | BI56: 6185500
A57: (1042) #연희점 | L57: 2177360 | M57: 3456910 | N57: 4202000 | O57: 4827500 | P57: 5186500 | Q57: 5100500 | R57: 6005000 | S57: 5002000 | T57: 4759500 | U57: 4679000 | V57: 4673500 | W57: 5457000 | X57: 5711000 | Y57: 6446000 | Z57: 6153640 | AA57: 7156360 | AB57: 6321660 | AC57: 6769950 | AD57: 6790020 | AE57: 5977880 | AF57: 4729040 | AG57: 4318850 | AH57: 3843920 | AI57: 4797060 | AJ57: 4844290 | AK57: 5472890 | AL57: 4925960 | AM57: 5762660 | AN57: 5232770 | AO57: 5385590 | AP57: 5283780 | AQ57: 4694170 | AR57: 4451290 | AS57: 3683740 | AT57: 3871490 | AU57: 5005230 | AV57: 4665560 | AW57: 6031800 | AX57: 5766060 | AY57: 5408170 | AZ57: 6198180 | BA57: 5615880 | BB57: 5969480 | BC57: 6053340 | BD57: 5125660 | BE57: 4837540 | BF57: 4811900 | BG57: 5816440 | BH57: 5839120 | BI57: 6440140
A58: (1043) #고대정문점 | M58: 1516740 | N58: 2825410 | O58: 4256590 | P58: 4842000 | Q58: 4928500 | R58: 5215000 | S58: 4634000 | T58: 4935000 | U58: 4634500 | V58: 4734500 | W58: 5120000 | X58: 5529500 | Y58: 6655500 | Z58: 6261670 | AA58: 6603390 | AB58: 6202950 | AC58: 6583770 | AD58: 7237700 | AE58: 6848310 | AF58: 7363110 | AG58: 5914110 | AH58: 5990150 | AI58: 7843800 | AJ58: 6833140 | AK58: 7195790 | AL58: 7500260 | AM58: 7881780 | AN58: 7119030 | AO58: 7665820 | AP58: 8193400 | AQ58: 7638110 | AR58: 8137250 | AS58: 6083510 | AT58: 6224150 | AU58: 7721350 | AV58: 7572820 | AW58: 8313480 | AX58: 7668420 | AY58: 7079310 | AZ58: 7193030 | BA58: 7016930 | BB58: 8777040 | BC58: 6256110 | BD58: 6066990 | BE58: 5571770 | BF58: 4515600 | BG58: 6126010 | BH58: 5889840 | BI58: 6347320
A59: (1044) #정왕역점 | M59: 34450 | N59: 2950910 | O59: 3911060 | P59: 4439850 | Q59: 4344500 | R59: 5572000 | S59: 4740500 | T59: 5132100 | U59: 5016500 | V59: 4417800 | W59: 5429800 | X59: 5816300 | Y59: 7394900 | Z59: 7105000 | AA59: 8103300 | AB59: 6792400 | AC59: 7038200 | AD59: 7014400 | AE59: 6672300 | AF59: 6681500 | AG59: 6249200 | AH59: 4372500 | AI59: 4432700 | AJ59: 3998020 | AK59: 4091260 | AL59: 3922430 | AM59: 4242200 | AN59: 3936540 | AO59: 4215900 | AP59: 4551600 | AQ59: 4149750 | AR59: 4151280 | AS59: 3779450 | AT59: 2917290 | AU59: 3282970 | AV59: 3360740 | AW59: 3797130 | AX59: 4094320 | AY59: 3487380 | AZ59: 3326250 | BA59: 3425060 | BB59: 3918600 | BC59: 3755300 | BD59: 3678700 | BE59: 3547400 | BF59: 3375900 | BG59: 3628000 | BH59: 3355600 | BI59: 4022000
A60: (1045) #병점진안점 | O60: 727700 | P60: 1946250 | Q60: 2091100 | R60: 3025500 | S60: 2416500 | T60: 3018600 | U60: 3124810 | V60: 3033000 | W60: 3534500 | X60: 3837500 | Y60: 3738000 | Z60: 2903500 | AA60: 3686000 | AB60: 3045000 | AC60: 3343000 | AD60: 3466500 | AE60: 3927000 | AF60: 4599500 | AG60: 4405000 | AH60: 3248500 | AI60: 4399500 | AJ60: 3819000 | AK60: 3902000 | AL60: 4204500 | AM60: 3977000 | AN60: 3274500 | AO60: 3207500 | AP60: 3648500 | AQ60: 3278500 | AR60: 3234500 | AS60: 3082500 | AT60: 2888500 | AU60: 3513000 | AV60: 3595430 | AW60: 3898200 | AX60: 3466410 | AY60: 3410000 | AZ60: 3746000 | BA60: 3665000 | BB60: 4237000 | BC60: 3520000 | BD60: 3503500 | BE60: 3684000 | BF60: 3364500 | BG60: 3734000 | BH60: 3573500 | BI60: 4068000
A61: (1046) #인천시청점 | P61: 2620940 | Q61: 2996420 | R61: 4530260 | S61: 3797500 | T61: 3673500 | U61: 4328000 | V61: 3967000 | W61: 4687500 | X61: 4757500 | Y61: 5835500 | Z61: 4940500 | AA61: 6073500 | AB61: 5186000 | AC61: 5758360 | AD61: 7301230 | AE61: 5884250 | AF61: 5587180 | AG61: 5031820 | AH61: 4768340 | AI61: 5835360 | AJ61: 5014260 | AK61: 5903580 | AL61: 6330040 | AM61: 6146600 | AN61: 6290700 | AO61: 5534760 | AP61: 6441160 | AQ61: 5316760 | AR61: 4883320 | AS61: 5476300 | AT61: 4744040 | AU61: 5244520 | AV61: 4900460 | AW61: 6329240 | AX61: 6462360 | AY61: 5865960 | AZ61: 5524900 | BA61: 4913860 | BB61: 6151500 | BC61: 5304680 | BD61: 5119940 | BE61: 5451080 | BF61: 5087820 | BG61: 5040420 | BH61: 5004980 | BI61: 6163300
A62: (1047) #복우물공원점 | P62: 1381280 | Q62: 2210240 | R62: 2773700 | S62: 2613000 | T62: 2484530 | U62: 2653030 | V62: 2380000 | W62: 2708000 | X62: 2690500 | Y62: 3363500 | Z62: 2985500 | AA62: 2893500 | AB62: 2767000 | AC62: 3549000 | AD62: 3748000 | AE62: 3307500 | AF62: 3473500 | AG62: 3437500 | AH62: 2946500 | AI62: 3557500 | AJ62: 3831500 | AK62: 3461000 | AL62: 3985000 | AM62: 3983500 | AN62: 3722000 | AO62: 3615500 | AP62: 3860500 | AQ62: 3596500 | AR62: 3117400 | AS62: 3162800 | AT62: 3474100 | AU62: 3745300 | AV62: 3865290 | AW62: 4402470 | AX62: 4460410 | AY62: 3523760 | AZ62: 3952100 | BA62: 3632600 | BB62: 4455700 | BC62: 3657800 | BD62: 3543500 | BE62: 3258200 | BF62: 3307000 | BG62: 3564900 | BH62: 3677600 | BI62: 4136000
A63: (1048) #라페스타호수점 | P63: 255690 | Q63: 1215460 | R63: 1929000 | S63: 2217000 | T63: 1761840 | U63: 2019990 | V63: 2002500 | W63: 2568000 | X63: 2493500 | Y63: 2980500 | Z63: 3182000 | AA63: 3373500 | AB63: 2956500 | AC63: 2951500 | AD63: 3370500 | AE63: 3037000 | AF63: 2943050 | AG63: 2918050 | AH63: 2680750 | AI63: 3189550 | AJ63: 3475200 | AK63: 3028450 | AL63: 3232950 | AM63: 3160100 | AN63: 3556700 | AO63: 3396600 | AP63: 4071650 | AQ63: 3462200 | AR63: 3574000 | AS63: 3683700 | AT63: 3204600 | AU63: 3573200 | AV63: 3893850 | AW63: 4439600 | AX63: 4109000 | AY63: 3770800 | AZ63: 3776350 | BA63: 3452750 | BB63: 4480750 | BC63: 3446150 | BD63: 3842850 | BE63: 4227800 | BF63: 3367550 | BG63: 3705850 | BH63: 4359850 | BI63: 4982900
A64: (1049) #천호역점 | P64: 183260 | Q64: 3714020 | R64: 4652850 | S64: 3815000 | T64: 4142500 | U64: 4638500 | V64: 3831500 | W64: 4764500 | X64: 5165500 | Y64: 4898500 | Z64: 4483500 | AA64: 5609500 | AB64: 5050000 | AC64: 6422500 | AD64: 8307000 | AE64: 6857500 | AF64: 6360690 | AG64: 6362800 | AH64: 5187350 | AI64: 6608430 | AJ64: 7415090 | AK64: 6734920 | AL64: 7425880 | AM64: 7113100 | AN64: 6357130 | AO64: 6713120 | AP64: 7449680 | AQ64: 6513600 | AR64: 6568200 | AS64: 6725140 | AT64: 5973200 | AU64: 7319380 | AV64: 7049870 | AW64: 7288810 | AX64: 7645810 | AY64: 7592550 | AZ64: 7088540 | BA64: 6708770 | BB64: 8755140 | BC64: 7191120 | BD64: 6819660 | BE64: 7057720 | BF64: 6906300 | BG64: 7146660 | BH64: 7356460 | BI64: 8572640
A65: (1050) #라페스타장항점 | Q65: 1590100 | R65: 2348660 | S65: 2834730 | T65: 2692920 | U65: 2148900 | V65: 2201500 | W65: 2934000 | X65: 2554500 | Y65: 3038000 | Z65: 2173500 | AA65: 2330500 | AB65: 2286000 | AC65: 1068500 | AD65: 2752000 | AE65: 2335500 | AF65: 2403100 | AG65: 2425400 | AH65: 2444200 | AI65: 2714750 | AJ65: 2630600 | AK65: 2334650 | AL65: 2290550 | AM65: 2262900 | AN65: 2104700 | AO65: 2029000 | AP65: 2631850 | AQ65: 2666700 | AR65: 2408950 | AS65: 2131850 | AT65: 1754650 | AU65: 2332500 | AV65: 2074650 | AW65: 2784100 | AX65: 2474900 | AY65: 2146100 | AZ65: 1909200 | BA65: 2130950 | BB65: 2715250 | BC65: 2455100 | BD65: 1823800 | BE65: 2213000 | BF65: 2181300 | BG65: 2128250 | BH65: 2397050 | BI65: 3045250
A66: (1051) #오류행복주택점 | Q66: 916270 | R66: 2951730 | S66: 3840540 | T66: 4087000 | U66: 3905500 | V66: 3092500 | W66: 4267500 | X66: 4549500 | Y66: 4994000 | Z66: 4954500 | AA66: 5532500 | AB66: 4841500 | AC66: 5289650 | AD66: 6099970 | AE66: 5770420 | AF66: 5856570 | AG66: 4891070 | AH66: 4387410 | AI66: 5448940 | AJ66: 5805580 | AK66: 5429010 | AL66: 5700410 | AM66: 5311260 | AN66: 5086180 | AO66: 5278930 | AP66: 5237370 | AQ66: 5889760 | AR66: 5638750 | AS66: 5689050 | AT66: 5349830 | AU66: 5977680 | AV66: 5760740 | AW66: 7029300 | AX66: 6950440 | AY66: 5956560 | AZ66: 5717160 | BA66: 5379190 | BB66: 7562300 | BC66: 6182840 | BD66: 5977150 | BE66: 6575550 | BF66: 5990880 | BG66: 6897980 | BH66: 7628680 | BI66: 8335290
A67: (1052) #길병원사거리점 | R67: 1454620 | S67: 3173520 | T67: 3954180 | U67: 4210000 | V67: 3860000 | W67: 4030500 | X67: 4652500 | Y67: 4647000 | Z67: 4431500 | AA67: 4826500 | AB67: 3795500 | AC67: 5192300 | AD67: 5370800 | AE67: 5281600 | AF67: 5046650 | AG67: 4823000 | AH67: 4852150 | AI67: 5526300 | AJ67: 5098950 | AK67: 5654900 | AL67: 5784350 | AM67: 5870150 | AN67: 5281650 | AO67: 5032000 | AP67: 5100900 | AQ67: 5518550 | AR67: 5536500 | AS67: 5330800 | AT67: 4689250 | AU67: 5315100 | AV67: 5114600 | AW67: 5517950 | AX67: 5454900 | AY67: 5859400 | AZ67: 5537600 | BA67: 5647350 | BB67: 7134250 | BC67: 5952750 | BD67: 5994050 | BE67: 5692050 | BF67: 5401500 | BG67: 6107450 | BH67: 6165450 | BI67: 7410250
A68: (1053) #인하용현점 | R68: 1977400 | S68: 3718860 | T68: 4546040 | U68: 3868000 | V68: 4164500 | W68: 4993600 | X68: 5744100 | Y68: 6098600 | Z68: 5993500 | AA68: 6464500 | AB68: 5654900 | AC68: 5731800 | AD68: 6837400 | AE68: 6726500 | AF68: 6941100 | AG68: 6129800 | AH68: 5591300 | AI68: 6573300 | AJ68: 6144100 | AK68: 6999500 | AL68: 6220500 | AM68: 6686200 | AN68: 6687400 | AO68: 6714100 | AP68: 7109600 | AQ68: 7287300 | AR68: 6961300 | AS68: 6258300 | AT68: 5505300 | AU68: 6903800 | AV68: 6488400 | AW68: 7804800 | AX68: 7263800 | AY68: 6846200 | AZ68: 6903500 | BA68: 6847100 | BB68: 8902300 | BC68: 7783400 | BD68: 7684600 | BE68: 7560100 | BF68: 6641100 | BG68: 7758600 | BH68: 7436300 | BI68: 8330600
A69: (1054) #성대율전점 | R69: 1047590 | S69: 2492030 | T69: 3197700 | U69: 3291000 | V69: 3579000 | W69: 4525500 | X69: 4958000 | Y69: 5856000 | Z69: 5379500 | AA69: 5673000 | AB69: 5746000 | AC69: 6806410 | AD69: 7038960 | AE69: 6379760 | AF69: 6219060 | AG69: 5476020 | AH69: 5437780 | AI69: 7091680 | AJ69: 7134460 | AK69: 7315160 | AL69: 7569340 | AM69: 8116340 | AN69: 7798780 | AO69: 7482080 | AP69: 8116400 | AQ69: 7636960 | AR69: 6903180 | AS69: 5552980 | AT69: 5996500 | AU69: 6840820 | AV69: 7004920 | AW69: 8853420 | AX69: 7680540 | AY69: 7285360 | AZ69: 7683120 | BA69: 8259880 | BB69: 8448740 | BC69: 8134940 | BD69: 7620300 | BE69: 6719740 | BF69: 6370040 | BG69: 8061320 | BH69: 7597020 | BI69: 9906460
A70: (1055) #영통신원뽀송점 | R70: 764070 | S70: 2591620 | T70: 2867680 | U70: 2864740 | V70: 3606280 | W70: 4114000 | X70: 3796500 | Y70: 4073500 | Z70: 4174000 | AA70: 4636500 | AB70: 4460500 | AC70: 4484500 | AD70: 5476500 | AE70: 4755500 | AF70: 5361310 | AG70: 4877660 | AH70: 4967770 | AI70: 5085380 | AJ70: 5584550 | AK70: 4866740 | AL70: 5115100 | AM70: 5086000 | AN70: 5428330 | AO70: 4943460 | AP70: 5441170 | AQ70: 4980790 | AR70: 4763520 | AS70: 4454860 | AT70: 3828340 | AU70: 4897800 | AV70: 4878380 | AW70: 5941640 | AX70: 6182400 | AY70: 5293370 | AZ70: 6300210 | BA70: 5985160 | BB70: 7080890 | BC70: 6255490 | BD70: 5504230 | BE70: 5605390 | BF70: 5184460 | BG70: 5800700 | BH70: 6407780 | BI70: 6580230
A71: (1056) #매탄삼성점 | R71: 551870 | S71: 2273200 | T71: 3030950 | U71: 3739000 | V71: 3194000 | W71: 3486500 | X71: 3690500 | Y71: 4367500 | Z71: 4061500 | AA71: 4514000 | AB71: 3941500 | AC71: 4618500 | AD71: 4912000 | AE71: 4182000 | AF71: 5497700 | AG71: 4866070 | AH71: 4336050 | AI71: 5638730 | AJ71: 4956860 | AK71: 5055630 | AL71: 5513250 | AM71: 5933340 | AN71: 5171320 | AO71: 5304240 | AP71: 6299500 | AQ71: 5667210 | AR71: 5708810 | AS71: 5709530 | AT71: 5575100 | AU71: 6005580 | AV71: 6092350 | AW71: 6365320 | AX71: 6073230 | AY71: 5210970 | AZ71: 5600640 | BA71: 5335500 | BB71: 6609670 | BC71: 6303790 | BD71: 5793430 | BE71: 6854910 | BF71: 5774310 | BG71: 6247020 | BH71: 6461030 | BI71: 6825580
A72: (1057) #김포구래현대점 | R72: 272210 | S72: 2060380 | T72: 2651400 | U72: 2739500 | V72: 2307500 | W72: 2021000 | X72: 1877000 | Y72: 2254500 | Z72: 2045500 | AA72: 2460000 | AB72: 2505500 | AC72: 2726000 | AD72: 3119500 | AE72: 2803500 | AF72: 3149560 | AG72: 3150130 | AH72: 2728430 | AI72: 3203440 | AJ72: 2995880 | AK72: 2967770 | AL72: 2593060 | AM72: 3175540 | AN72: 3607290 | AO72: 4078140 | AP72: 3986870 | AQ72: 4054950 | AR72: 4010260 | AS72: 3626730 | AT72: 2961000 | AU72: 3703050 | AV72: 3873380 | AW72: 4803390 | AX72: 4989060 | AY72: 4542690 | AZ72: 4800660 | BA72: 4117490 | BB72: 4957230 | BC72: 3139250 | BD72: 2641390 | BE72: 2695000 | BF72: 2531680 | BG72: 2773490 | BH72: 2757650 | BI72: 2826540
A73: (1058) #천안상명대점 | S73: 351110 | T73: 2736700 | U73: 2057430 | V73: 2078500 | W73: 2749500 | X73: 3016500 | Y73: 3418000 | Z73: 2677000 | AA73: 2761500 | AB73: 2555500 | AC73: 4186500 | AD73: 3407000 | AE73: 3563000 | AF73: 4464050 | AG73: 2451950 | AH73: 2510540 | AI73: 4253480 | AJ73: 4118470 | AK73: 4309980 | AL73: 4325340 | AM73: 3699800 | AN73: 3957890 | AO73: 4599940 | AP73: 4692180 | AQ73: 4036290 | AR73: 4344600 | AS73: 2188280 | AT73: 2545280 | AU73: 4095900 | AV73: 3676390 | AW73: 4755450 | AX73: 4646130 | AY73: 2844110 | AZ73: 4527020 | BA73: 4413220 | BB73: 4483790 | BC73: 3781100 | BD73: 4260370 | BE73: 2137240 | BF73: 2367390 | BG73: 4239370 | BH73: 4040200 | BI73: 5349220
A74: (1059) #평택동삭점 | S74: 117330 | T74: 3648490 | U74: 4264760 | V74: 4029500 | W74: 4451000 | X74: 3717500 | Y74: 4095500 | Z74: 3405500 | AA74: 4263500 | AB74: 3733000 | AC74: 5011000 | AD74: 4741500 | AE74: 4962000 | AF74: 5304050 | AG74: 5702810 | AH74: 4431870 | AI74: 5172700 | AJ74: 4196180 | AK74: 4208460 | AL74: 3859070 | AM74: 3999330 | AN74: 3367950 | AO74: 3970700 | AP74: 4688260 | AQ74: 3888850 | AR74: 5085920 | AS74: 4692360 | AT74: 4121350 | AU74: 5126990 | AV74: 5319310 | AW74: 5379020 | AX74: 5689120 | AY74: 5006450 | AZ74: 5012190 | BA74: 5014150 | BB74: 5982680 | BC74: 4765000 | BD74: 5992820 | BE74: 6299600 | BF74: 5383170 | BG74: 6230860 | BH74: 5714170 | BI74: 6236080
A75: (1060) #숭실대중문점 | S75: 13970 | T75: 2015040 | U75: 2490840 | V75: 2167500 | W75: 2451000 | X75: 2552500 | Y75: 2970000 | Z75: 2969000 | AA75: 3128000 | AB75: 3018000 | AC75: 2681500 | AD75: 2994000 | AE75: 2803500 | AF75: 3114550 | AG75: 2813250 | AH75: 2603500 | AI75: 3222150 | AJ75: 2776750 | AK75: 2958650 | AL75: 3159950 | AM75: 3471050 | AN75: 3418250 | AO75: 3310450 | AP75: 3413050 | AQ75: 3807500 | AR75: 3596700 | AS75: 3331800 | AT75: 3001250 | AU75: 3537350 | AV75: 3449800 | AW75: 4020650 | AX75: 3657350 | AY75: 3717500 | AZ75: 3685250 | BA75: 3557350 | BB75: 4258850 | BC75: 3780250 | BD75: 3809150 | BE75: 3834250 | BF75: 3624950 | BG75: 3797600 | BH75: 3886150 | BI75: 4679650
A76: (1061) #구로전화국점 | T76: 1111600 | U76: 1826170 | V76: 1837300 | W76: 1744500 | X76: 2233000 | Y76: 2227000 | Z76: 2329500 | AA76: 2580500 | AB76: 2125500 | AC76: 2587000 | AD76: 2849500 | AE76: 2508500 | AF76: 2534650 | AG76: 2452350 | AH76: 2161560 | AI76: 2765660 | AJ76: 3367650 | AK76: 3251300 | AL76: 3198350 | AM76: 3324100 | AN76: 2559650 | AO76: 2875750 | AP76: 3531000 | AQ76: 3260450 | AR76: 3559150 | AS76: 3318950 | AT76: 2574600 | AU76: 3206150 | AV76: 3576550 | AW76: 3663350 | AX76: 3544800 | AY76: 3308100 | AZ76: 3435200 | BA76: 3282750 | BB76: 4266800 | BC76: 3132150 | BD76: 3383450 | BE76: 3634400 | BF76: 2965300 | BG76: 3363550 | BH76: 3569550 | BI76: 4103700
A77: (1062) #봉천중앙점 | T77: 2418150 | U77: 3206320 | V77: 3708220 | W77: 4804000 | X77: 4849000 | Y77: 5155000 | Z77: 4116000 | AA77: 4199000 | AB77: 3623500 | AC77: 3703000 | AD77: 4569000 | AE77: 4019000 | AF77: 4193350 | AG77: 4312750 | AH77: 4163300 | AI77: 4819200 | AJ77: 4914150 | AK77: 4985150 | AL77: 5512100 | AM77: 5192100 | AN77: 5198100 | AO77: 4061750 | AP77: 4621350 | AQ77: 4165550 | AR77: 4402150 | AS77: 4226100 | AT77: 3844350 | AU77: 4815750 | AV77: 4267500 | AW77: 4848550 | AX77: 4371650 | AY77: 4169740 | AZ77: 4706150 | BA77: 4229660 | BB77: 5218370 | BC77: 4586180 | BD77: 4296590 | BE77: 4008520 | BF77: 3944100 | BG77: 4318690 | BH77: 4687920 | BI77: 5083850
A78: (1063) #성대후문점 | T78: 503790 | U78: 1630400 | V78: 1751550 | W78: 2902000 | X78: 2856000 | Y78: 3775500 | Z78: 2848000 | AA78: 3304500 | AB78: 4083500 | AC78: 4036500 | AD78: 3935000 | AE78: 3333500 | AF78: 3408510 | AG78: 2805660 | AH78: 2879370 | AI78: 4338210 | AJ78: 4355030 | AK78: 4265170 | AL78: 4373460 | AM78: 4425910 | AN78: 5097100 | AO78: 4943980 | AP78: 4893620 | AQ78: 4900810 | AR78: 4149550 | AS78: 3867550 | AT78: 4033340 | AU78: 3922780 | AV78: 4138920 | AW78: 4864430 | AX78: 4696200 | AY78: 4040580 | AZ78: 4622710 | BA78: 4855590 | BB78: 5299700 | BC78: 4392330 | BD78: 4662030 | BE78: 4003300 | BF78: 3350680 | BG78: 4708870 | BH78: 4521980 | BI78: 4981550
A79: (1064) #병점역점 | T79: 283140 | U79: 1713440 | V79: 1876550 | W79: 2465500 | X79: 2518000 | Y79: 3245000 | Z79: 2764000 | AA79: 3437500 | AB79: 3030500 | AC79: 2953000 | AD79: 3231000 | AE79: 3311000 | AF79: 3771740 | AG79: 3542280 | AH79: 2886450 | AI79: 3821070 | AJ79: 3984520 | AK79: 4002670 | AL79: 4223140 | AM79: 4584390 | AN79: 3799280 | AO79: 3391070 | AP79: 3880590 | AQ79: 3904910 | AR79: 4252300 | AS79: 3438330 | AT79: 3696320 | AU79: 4209230 | AV79: 3906070 | AW79: 4142290 | AX79: 4314390 | AY79: 4081480 | AZ79: 3894280 | BA79: 3855670 | BB79: 4439770 | BC79: 3977440 | BD79: 4188940 | BE79: 3523970 | BF79: 3559540 | BG79: 4180990 | BH79: 3832990 | BI79: 4287570
A80: (1065) #성대정문점 | U80: 1123980 | V80: 4393920 | W80: 6470640 | X80: 7298500 | Y80: 8122000 | Z80: 8350500 | AA80: 8953000 | AB80: 9019000 | AC80: 8831500 | AD80: 10608000 | AE80: 9944500 | AF80: 9691610 | AG80: 9125560 | AH80: 9237150 | AI80: 7264820 | AJ80: 6180970 | AK80: 6523260 | AL80: 6196100 | AM80: 6547800 | AN80: 5896250 | AO80: 5997300 | AP80: 5799800 | AQ80: 4803800 | AR80: 4442400 | AS80: 4123300 | AT80: 4414150 | AU80: 4573280 | AV80: 4369280 | AW80: 6021000 | AX80: 5452100 | AY80: 5067900 | AZ80: 5230600 | BA80: 5709300 | BB80: 6717200 | BC80: 5646000 | BD80: 5407300 | BE80: 4851500 | BF80: 4706500 | BG80: 5336600 | BH80: 5123500 | BI80: 6047700
A81: (1066) #원천삼성점 | V81: 340550 | W81: 2320800 | X81: 2520880 | Y81: 3461000 | Z81: 3327000 | AA81: 3978000 | AB81: 3684500 | AC81: 3569000 | AD81: 4201500 | AE81: 3936000 | AF81: 4801450 | AG81: 4315390 | AH81: 3153120 | AI81: 4550570 | AJ81: 4651160 | AK81: 4439970 | AL81: 4055200 | AM81: 4857590 | AN81: 4669410 | AO81: 4404450 | AP81: 4833440 | AQ81: 4350430 | AR81: 5065630 | AS81: 4151520 | AT81: 4007160 | AU81: 4530690 | AV81: 4514160 | AW81: 5331430 | AX81: 4810970 | AY81: 4748430 | AZ81: 5008420 | BA81: 4390290 | BB81: 5565250 | BC81: 4786740 | BD81: 4642820 | BE81: 5472660 | BF81: 4879280 | BG81: 5020090 | BH81: 5569640 | BI81: 6079440
A82: (1067) #곡반정파크점 | V82: 3990 | W82: 2482640 | X82: 2717030 | Y82: 2736080 | Z82: 3083330 | AA82: 4235500 | AB82: 3840500 | AC82: 4624000 | AD82: 4478000 | AE82: 4127500 | AF82: 4618750 | AG82: 4675610 | AH82: 5026460 | AI82: 5936820 | AJ82: 5815360 | AK82: 4862400 | AL82: 5017790 | AM82: 4768200 | AN82: 4282940 | AO82: 4245710 | AP82: 4433130 | AQ82: 4286170 | AR82: 4616130 | AS82: 4672720 | AT82: 3914720 | AU82: 4484500 | AV82: 4041910 | AW82: 5275090 | AX82: 4797260 | AY82: 4500780 | AZ82: 4488380 | BA82: 4135140 | BB82: 5331620 | BC82: 5236280 | BD82: 5298760 | BE82: 5397610 | BF82: 4524900 | BG82: 5244270 | BH82: 5721240 | BI82: 6168060
A83: (1068) #용현사랑점 | W83: 996890 | X83: 3997560 | Y83: 5754880 | Z83: 5899000 | AA83: 6522000 | AB83: 6713500 | AC83: 6391500 | AD83: 6833000 | AE83: 6432000 | AF83: 6501000 | AG83: 5346500 | AH83: 4916500 | AI83: 7023000 | AJ83: 6472500 | AK83: 7194500 | AL83: 7404000 | AM83: 7568500 | AN83: 6576000 | AO83: 6567000 | AP83: 6613000 | AQ83: 6756000 | AR83: 6447200 | AS83: 5436400 | AT83: 5349200 | AU83: 6368600 | AV83: 6057100 | AW83: 7777800 | AX83: 7182800 | AY83: 6684800 | AZ83: 7043900 | BA83: 6704500 | BB83: 7585800 | BC83: 7281600 | BD83: 6743000 | BE83: 5651800 | BF83: 5793500 | BG83: 6940000 | BH83: 7070400 | BI83: 8438400
A84: (1069) #숭실대입구역점 | W84: 230220 | X84: 3633920 | Y84: 4195080 | Z84: 3997500 | AA84: 4510000 | AB84: 3758000 | AC84: 3941000 | AD84: 4609000 | AE84: 4252000 | AF84: 4349440 | AG84: 4292190 | AH84: 3357000 | AI84: 4453050 | AJ84: 4081260 | AK84: 4536540 | AL84: 4641740 | AM84: 4983490 | AN84: 5341180 | AO84: 5129560 | AP84: 5004060 | AQ84: 4971070 | AR84: 4340170 | AS84: 3559390 | AT84: 4051750 | AU84: 5022670 | AV84: 5192110 | AW84: 5772380 | AX84: 5314250 | AY84: 4887030 | AZ84: 5115870 | BA84: 5589940 | BB84: 6278940 | BC84: 5217200 | BD84: 4791130 | BE84: 4685690 | BF84: 4131800 | BG84: 4869550 | BH84: 4903480 | BI84: 5935030
A85: (1070) #뉴신림로데오점 | W85: 243210 | X85: 4858920 | Y85: 5477900 | Z85: 6180000 | AA85: 7377000 | AB85: 7261000 | AC85: 7551000 | AD85: 8331500 | AE85: 7953000 | AF85: 8575080 | AG85: 7887870 | AH85: 7376790 | AI85: 8492930 | AJ85: 8649580 | AK85: 9069420 | AL85: 8632150 | AM85: 8870100 | AN85: 8068710 | AO85: 8112370 | AP85: 9491120 | AQ85: 8673150 | AR85: 8776350 | AS85: 8236160 | AT85: 7930780 | AU85: 8540640 | AV85: 8801760 | AW85: 9516450 | AX85: 9290550 | AY85: 9084520 | AZ85: 9032710 | BA85: 8715130 | BB85: 10343390 | BC85: 9086380 | BD85: 8638010 | BE85: 8899120 | BF85: 8202460 | BG85: 8608250 | BH85: 9139190 | BI85: 10310960
A86: (1071) #성신정문점 | X86: 1604870 | Y86: 3178810 | Z86: 3637740 | AA86: 4111500 | AB86: 3708500 | AC86: 3932000 | AD86: 4823500 | AE86: 4095000 | AF86: 4539550 | AG86: 3869150 | AH86: 3983750 | AI86: 4969400 | AJ86: 5388650 | AK86: 5360350 | AL86: 5972850 | AM86: 5516600 | AN86: 5437200 | AO86: 5779500 | AP86: 6388950 | AQ86: 5528000 | AR86: 5345950 | AS86: 5446900 | AT86: 4598750 | AU86: 5502950 | AV86: 5564950 | AW86: 6346750 | AX86: 5985600 | AY86: 5322600 | AZ86: 5846150 | BA86: 5288850 | BB86: 6406200 | BC86: 4869050 | BD86: 3947150 | BE86: 3476850 | BF86: 3525750 | BG86: 3654700 | BH86: 3047000 | BI86: 4097350
A87: (1072) #역삼센터필드점 | X87: 523420 | Y87: 2529520 | Z87: 3195260 | AA87: 4132000 | AB87: 3937500 | AC87: 4038500 | AD87: 4458000 | AE87: 3580500 | AF87: 4042330 | AG87: 3871440 | AH87: 3912930 | AI87: 4549110 | AJ87: 5084070 | AK87: 4740100 | AL87: 5069180 | AM87: 5446690 | AN87: 4774750 | AO87: 4969520 | AP87: 5803050 | AQ87: 5314390 | AR87: 4734220 | AS87: 4788850 | AT87: 4124290 | AU87: 4740270 | AV87: 5675810 | AW87: 6360970 | AX87: 7167820 | AY87: 7789980 | AZ87: 8119170 | BA87: 7667610 | BB87: 9116040 | BC87: 7810410 | BD87: 7492280 | BE87: 6876000 | BF87: 5841330 | BG87: 7110130 | BH87: 8054660 | BI87: 8761720
A88: (1073) #고대후문점 | X88: 690680 | Y88: 5058040 | Z88: 5368770 | AA88: 8241500 | AB88: 7464000 | AC88: 8207500 | AD88: 8561500 | AE88: 8395000 | AF88: 8127860 | AG88: 7575280 | AH88: 6858540 | AI88: 9584280 | AJ88: 9464540 | AK88: 10201930 | AL88: 9879450 | AM88: 10112810 | AN88: 10371210 | AO88: 10727200 | AP88: 10851480 | AQ88: 9575950 | AR88: 9039090 | AS88: 6959450 | AT88: 7958980 | AU88: 9635140 | AV88: 9411970 | AW88: 12133490 | AX88: 12058230 | AY88: 10323480 | AZ88: 11333210 | BA88: 12014880 | BB88: 12451640 | BC88: 11066900 | BD88: 10830930 | BE88: 8694630 | BF88: 8361790 | BG88: 10763680 | BH88: 11159600 | BI88: 13358400
A89: (1074) #평택용이파크점 | Y89: 1081750 | Z89: 1098210 | AA89: 1367900 | AB89: 1176500 | AC89: 1256000 | AD89: 1830440 | AE89: 1684780 | AF89: 2034450 | AG89: 2120750 | AH89: 2046150 | AI89: 2543450 | AJ89: 2488700 | AK89: 2254350 | AL89: 2102750 | AM89: 2272200 | AN89: 2051350 | AO89: 2139900 | AP89: 2251850 | AQ89: 2471300 | AR89: 2340800 | AS89: 2370100 | AT89: 1850050 | AU89: 2205900 | AV89: 2102050 | AW89: 2148500 | AX89: 2756280 | AY89: 1932950 | AZ89: 2278950 | BA89: 1971350 | BB89: 3151050 | BC89: 2487000 | BD89: 2745500 | BE89: 2501900 | BF89: 2191550 | BG89: 2588050 | BH89: 3025500 | BI89: 3997600
A90: (1075) #연대동문점 | Y90: 82880 | Z90: 4067470 | AA90: 4944520 | AB90: 5225330 | AC90: 5362500 | AD90: 6494000 | AE90: 5409000 | AF90: 5894880 | AG90: 5064020 | AH90: 4802620 | AI90: 6357610 | AJ90: 4519600 | AK90: 5015100 | AL90: 4624320 | AM90: 5105440 | AN90: 5297390 | AO90: 4680910 | AP90: 5448450 | AQ90: 4816250 | AR90: 4543140 | AS90: 3829740 | AT90: 4062840 | AU90: 5009550 | AV90: 4295060 | AW90: 5215680 | AX90: 5009210 | AY90: 4942970 | AZ90: 5240110 | BA90: 5326840 | BB90: 5305200 | BC90: 4908070 | BD90: 4273140 | BE90: 3805500 | BF90: 4086720 | BG90: 4815250 | BH90: 4588420 | BI90: 5948650
A91: (1076) #수원매탄스쿨점 | AA91: 3435350 | AB91: 3778710 | AC91: 4412000 | AD91: 4528500 | AE91: 4583500 | AF91: 4965990 | AG91: 4816820 | AH91: 4603610 | AI91: 5164630 | AJ91: 4947200 | AK91: 5275760 | AL91: 5677860 | AM91: 6483520 | AN91: 5783740 | AO91: 5638770 | AP91: 7281880 | AQ91: 6922920 | AR91: 6564330 | AS91: 6567370 | AT91: 6200530 | AU91: 7270740 | AV91: 6016220 | AW91: 7167550 | AX91: 7126480 | AY91: 6310370 | AZ91: 4766600 | BA91: 3450870 | BB91: 4021580 | BC91: 3609360 | BD91: 3295390 | BE91: 4161690 | BF91: 3531100 | BG91: 3959050 | BH91: 4091450 | BI91: 4022150
A92: (1077) #양청송대공원점 | AA92: 1303530 | AB92: 1967740 | AC92: 2003760 | AD92: 3127560 | AE92: 3331000 | AF92: 3500630 | AG92: 3838020 | AH92: 3406190 | AI92: 4041490 | AJ92: 3660220 | AK92: 3603500 | AL92: 3603060 | AM92: 3828000 | AN92: 3682320 | AO92: 3537420 | AP92: 3794570 | AQ92: 3546010 | AR92: 3800340 | AS92: 4356200 | AT92: 3682430 | AU92: 4856110 | AV92: 3949280 | AW92: 4914270 | AX92: 4384050 | AY92: 4325320 | AZ92: 3843670 | BA92: 4152210 | BB92: 4790180 | BC92: 5098630 | BD92: 4392320 | BE92: 4551270 | BF92: 4341430 | BG92: 4268730 | BH92: 4218570 | BI92: 4425760
A93: (1078) #오창양청파크점 | AA93: 853090 | AB93: 1430340 | AC93: 2017180 | AD93: 2931900 | AE93: 3155500 | AF93: 3173670 | AG93: 3864480 | AH93: 3097820 | AI93: 3994830 | AJ93: 3500380 | AK93: 3730560 | AL93: 3603510 | AM93: 3277860 | AN93: 3735570 | AO93: 3336600 | AP93: 3957130 | AQ93: 4409570 | AR93: 4766660 | AS93: 4419010 | AT93: 3578960 | AU93: 4734000 | AV93: 4160370 | AW93: 4299980 | AX93: 4168210 | AY93: 3511500 | AZ93: 3605160 | BA93: 3585110 | BB93: 5021990 | BC93: 4442620 | BD93: 4220150 | BE93: 4667420 | BF93: 4219410 | BG93: 4442490 | BH93: 4584470 | BI93: 4760910
A94: (1079) #충북대정문점 | AA94: 1313790 | AB94: 2031920 | AC94: 2883130 | AD94: 3319500 | AE94: 2971500 | AF94: 3271300 | AG94: 3152830 | AH94: 2850000 | AI94: 3481340 | AJ94: 3835780 | AK94: 3826420 | AL94: 3694210 | AM94: 3787270 | AN94: 4074530 | AO94: 3757560 | AP94: 4819430 | AQ94: 4187850 | AR94: 5182370 | AS94: 4403780 | AT94: 3732960 | AU94: 5343490 | AV94: 4627390 | AW94: 5558220 | AX94: 5282090 | AY94: 5338150 | AZ94: 5680530 | BA94: 5671800 | BB94: 5708330 | BC94: 6057270 | BD94: 6069100 | BE94: 5266970 | BF94: 5269440 | BG94: 5586120 | BH94: 4765720 | BI94: 5392300
A95: (1080) #오산대호스쿨점 | AA95: 479910 | AB95: 1147020 | AC95: 1532280 | AD95: 2237910 | AE95: 2548500 | AF95: 3442230 | AG95: 2900220 | AH95: 2989320 | AI95: 3147830 | AJ95: 3322560 | AK95: 2899940 | AL95: 2819510 | AM95: 3096830 | AN95: 2891370 | AO95: 2945550 | AP95: 3717280 | AQ95: 3731080 | AR95: 3555810 | AS95: 3781890 | AT95: 2943390 | AU95: 3259650 | AV95: 3313560 | AW95: 3577310 | AX95: 3333800 | AY95: 3096030 | AZ95: 2726100 | BA95: 2824950 | BB95: 4051590 | BC95: 3715420 | BD95: 3174370 | BE95: 3335390 | BF95: 3126150 | BG95: 3500340 | BH95: 3761240 | BI95: 3865430
A96: (1081) #등마루증미역점 | AA96: 1194820 | AB96: 3042610 | AC96: 3976020 | AD96: 4583000 | AE96: 4484000 | AF96: 4538310 | AG96: 4136330 | AH96: 4791580 | AI96: 6024480 | AJ96: 4998750 | AK96: 4883970 | AL96: 5012010 | AM96: 4798710 | AN96: 4854990 | AO96: 4368160 | AP96: 5231100 | AQ96: 4712470 | AR96: 4503790 | AS96: 4189910 | AT96: 4479380 | AU96: 5363870 | AV96: 5207470 | AW96: 6151580 | AX96: 5405150 | AY96: 4939110 | AZ96: 5138790 | BA96: 5008860 | BB96: 6169480 | BC96: 5636280 | BD96: 5439150 | BE96: 5401440 | BF96: 5254470 | BG96: 6406610 | BH96: 5992510 | BI96: 6740000
A97: (1082) #천천푸르지오서문점 | AA97: 573860 | AB97: 2542600 | AC97: 2534800 | AD97: 3780000 | AE97: 3684000 | AF97: 4026500 | AG97: 3793300 | AH97: 4025930 | AI97: 4601140 | AJ97: 5048610 | AK97: 5204570 | AL97: 5346430 | AM97: 5235430 | AN97: 5205600 | AO97: 4864360 | AP97: 5704730 | AQ97: 5456330 | AR97: 5498000 | AS97: 5665060 | AT97: 4991950 | AU97: 5906530 | AV97: 5380570 | AW97: 6909020 | AX97: 6494910 | AY97: 6504670 | AZ97: 6197690 | BA97: 5593410 | BB97: 6834080 | BC97: 6102690 | BD97: 6153780 | BE97: 6390600 | BF97: 5161640 | BG97: 6001690 | BH97: 6174100 | BI97: 7365560
A98: (1083) #신촌창천스쿨점 | AB98: 2155330 | AC98: 2498910 | AD98: 3479030 | AE98: 3861500 | AF98: 3931900 | AG98: 3929680 | AH98: 3722070 | AI98: 4416050 | AJ98: 4027450 | AK98: 3685330 | AL98: 3915430 | AM98: 4374120 | AN98: 4296440 | AO98: 4898600 | AP98: 4843090 | AQ98: 4730560 | AR98: 4502620 | AS98: 4071710 | AT98: 3477780 | AU98: 3758200 | AV98: 4730770 | AW98: 5336330 | AX98: 5049240 | AY98: 4290240 | AZ98: 4064090 | BA98: 3841360 | BB98: 4846800 | BC98: 4341840 | BD98: 4061260 | BE98: 4120110 | BF98: 3550150 | BG98: 4294600 | BH98: 3862050 | BI98: 4542160
A99: (1084) #신대방삼거리점 | AB99: 1512710 | AC99: 4024540 | AD99: 6151840 | AE99: 5299000 | AF99: 6451000 | AG99: 5838500 | AH99: 5715500 | AI99: 8229000 | AJ99: 8196500 | AK99: 7950000 | AL99: 8806000 | AM99: 8625000 | AN99: 8788500 | AO99: 8623500 | AP99: 9877500 | AQ99: 8566000 | AR99: 8834000 | AS99: 8762900 | AT99: 7456000 | AU99: 9590500 | AV99: 8249000 | AW99: 10379600 | AX99: 9782100 | AY99: 8742300 | AZ99: 8758600 | BA99: 8394200 | BB99: 11115800 | BC99: 9142600 | BD99: 9130100 | BE99: 8834400 | BF99: 8648600 | BG99: 9513900 | BH99: 9013000 | BI99: 10275200
A100: (1085) #신설동오거리점 | AB100: 1644680 | AC100: 6051180 | AD100: 7290930 | AE100: 7206000 | AF100: 6553500 | AG100: 6744500 | AH100: 6385000 | AI100: 7795500 | AJ100: 8481500 | AK100: 8502500 | AL100: 8759000 | AM100: 9152500 | AN100: 8805490 | AO100: 5910990 | AP100: 7226950 | AQ100: 6270690 | AR100: 6159900 | AS100: 5583130 | AT100: 5254320 | AU100: 6480590 | AV100: 6632820 | AW100: 7284730 | AX100: 6710760 | AY100: 6357500 | AZ100: 6949580 | BA100: 8015300 | BB100: 8866740 | BC100: 7279150 | BD100: 6978820 | BE100: 5967840 | BF100: 5616920 | BG100: 7100310 | BH100: 7411180 | BI100: 8152560
...

Sheet Calc_오픈정렬
A1: 지점키 | B1: 경쟁강도 | C1: 경쟁사수 | D1: 그룹 | E1: 오픈다음달1일 | F1: 기준매출(m4-9) | G1: 1 | H1: 2 | I1: 3 | J1: 4 | K1: 5 | L1: 6 | M1: 7 | N1: 8 | O1: 9 | P1: 10 | Q1: 11 | R1: 12 | S1: 13 | T1: 14 | U1: 15 | V1: 16 | W1: 17 | X1: 18 | Y1: 19 | Z1: 20 | AA1: 21 | AB1: 22 | AC1: 23 | AD1: 24 | AE1: 25 | AF1: 26 | AG1: 27 | AH1: 28 | AI1: 29 | AJ1: 30 | AK1: 31 | AL1: 32 | AM1: 33 | AN1: 34 | AO1: 35 | AP1: 36 | AQ1: 37 | AR1: 38 | AS1: 39 | AT1: 40 | AU1: 41 | AV1: 42 | AW1: 43 | AX1: 44 | AY1: 45 | AZ1: 46 | BA1: 47 | BB1: 48 | BC1: 49 | BD1: 50 | BE1: 51 | BF1: 52 | BG1: 53 | BH1: 54 | BI1: 55 | BJ1: 56 | BK1: 57 | BL1: 58 | BM1: 59 | BN1: 60
A2: =세팅!A3 -> (0001) 건대점 | B2: =세팅!B3 -> 150-1 | C2: =IFERROR(VALUE(MID(B2,5,10)),"") -> 1 | D2: =IF(C2="","",IF(C2>=3,"3+",TEXT(C2,"0"))) -> 1 | E2: =세팅!D3 -> 42309 | F2: =IF(COUNT(J2:O2)>=4,AVERAGE(J2:O2),"") | G2: {=IFERROR(IF($E2<44348,"",IF(INDEX(Raw_매출!$B$2:$BI$155,MATCH($A2,Raw_매출!$A$2:$A$155,0),MATCH(EDATE($E2,G$1-1),Raw_매출!$B$1:$BI$1,0))=0,"",INDEX(Raw_매출!$B$2:$BI$155,MATCH($A2,Raw_매출!$A$2:$A$155,0),MATCH(EDATE($E2,G$1-1),Raw_매출!$B$1:$BI$1,0))/(INDEX(요약_월별시즈널리티!$F$7:$F$18,MONTH(EDATE($E2,G$1-1)))/100))),"")} | H2: {=IFERROR(IF($E2<44348,"",IF(INDEX(Raw_매출!$B$2:$BI$155,MATCH($A2,Raw_매출!$A$2:$A$155,0),MATCH(EDATE($E2,H$1-1),Raw_매출!$B$1:$BI$1,0))=0,"",INDEX(Raw_매출!$B$2:$BI$155,MATCH($A2,Raw_매출!$A$2:$A$155,0),MATCH(EDATE($E2,H$1-1),Raw_매출!$B$1:$BI$1,0))/(INDEX(요약_월별시즈널리티!$F$7:$F$18,MONTH(EDATE($E2,H$1-1)))/100))),"")} | I2: {=IFERROR(IF($E2<44348,"",IF(INDEX(Raw_매출!$B$2:$BI$155,MATCH($A2,Raw_매출!$A$2:$A$155,0),MATCH(EDATE($E2,I$1-1),Raw_매출!$B$1:$BI$1,0))=0,"",INDEX(Raw_매출!$B$2:$BI$155,MATCH($A2,Raw_매출!$A$2:$A$155,0),MATCH(EDATE($E2,I$1-1),Raw_매출!$B$1:$BI$1,0))/(INDEX(요약_월별시즈널리티!$F$7:$F$18,MONTH(EDATE($E2,I$1-1)))/100))),"")} | J2: {=IFERROR(IF($E2<44348,"",IF(INDEX(Raw_매출!$B$2:$BI$155,MATCH($A2,Raw_매출!$A$2:$A$155,0),MATCH(EDATE($E2,J$1-1),Raw_매출!$B$1:$BI$1,0))=0,"",INDEX(Raw_매출!$B$2:$BI$155,MATCH($A2,Raw_매출!$A$2:$A$155,0),MATCH(EDATE($E2,J$1-1),Raw_매출!$B$1:$BI$1,0))/(INDEX(요약_월별시즈널리티!$F$7:$F$18,MONTH(EDATE($E2,J$1-1)))/100))),"")} | K2: {=IFERROR(IF($E2<44348,"",IF(INDEX(Raw_매출!$B$2:$BI$155,MATCH($A2,Raw_매출!$A$2:$A$155,0),MATCH(EDATE($E2,K$1-1),Raw_매출!$B$1:$BI$1,0))=0,"",INDEX(Raw_매출!$B$2:$BI$155,MATCH($A2,Raw_매출!$A$2:$A$155,0),MATCH(EDATE($E2,K$1-1),Raw_매출!$B$1:$BI$1,0))/(INDEX(요약_월별시즈널리티!$F$7:$F$18,MONTH(EDATE($E2,K$1-1)))/100))),"")} | L2: {=IFERROR(IF($E2<44348,"",IF(INDEX(Raw_매출!$B$2:$BI$155,MATCH($A2,Raw_매출!$A$2:$A$155,0),MATCH(EDATE($E2,L$1-1),Raw_매출!$B$1:$BI$1,0))=0,"",INDEX(Raw_매출!$B$2:$BI$155,MATCH($A2,Raw_매출!$A$2:$A$155,0),MATCH(EDATE($E2,L$1-1),Raw_매출!$B$1:$BI$1,0))/(INDEX(요약_월별시즈널리티!$F$7:$F$18,MONTH(EDATE($E2,L$1-1)))/100))),"")} | M2: {=IFERROR(IF($E2<44348,"",IF(INDEX(Raw_매출!$B$2:$BI$155,MATCH($A2,Raw_매출!$A$2:$A$155,0),MATCH(EDATE($E2,M$1-1),Raw_매출!$B$1:$BI$1,0))=0,"",INDEX(Raw_매출!$B$2:$BI$155,MATCH($A2,Raw_매출!$A$2:$A$155,0),MATCH(EDATE($E2,M$1-1),Raw_매출!$B$1:$BI$1,0))/(INDEX(요약_월별시즈널리티!$F$7:$F$18,MONTH(EDATE($E2,M$1-1)))/100))),"")} | N2: {=IFERROR(IF($E2<44348,"",IF(INDEX(Raw_매출!$B$2:$BI$155,MATCH($A2,Raw_매출!$A$2:$A$155,0),MATCH(EDATE($E2,N$1-1),Raw_매출!$B$1:$BI$1,0))=0,"",INDEX(Raw_매출!$B$2:$BI$155,MATCH($A2,Raw_매출!$A$2:$A$155,0),MATCH(EDATE($E2,N$1-1),Raw_매출!$B$1:$BI$1,0))/(INDEX(요약_월별시즈널리티!$F$7:$F$18,MONTH(EDATE($E2,N$1-1)))/100))),"")} | ... BN2: {=IFERROR(IF($E2<44348,"",IF(INDEX(Raw_매출!$B$2:$BI$155,MATCH($A2,Raw_매출!$A$2:$A$155,0),MATCH(EDATE($E2,BN$1-1),Raw_매출!$B$1:$BI$1,0))=0,"",INDEX(Raw_매출!$B$2:$BI$155,MATCH($A2,Raw_매출!$A$2:$A$155,0),MATCH(EDATE($E2,BN$1-1),Raw_매출!$B$1:$BI$1,0))/(INDEX(요약_월별시즈널리티!$F$7:$F$18,MONTH(EDATE($E2,BN$1-1)))/100))),"")}
A3: =세팅!A4 -> (0002) 인헌점 | B3: =세팅!B4 -> 150-1 | C3: =IFERROR(VALUE(MID(B3,5,10)),"") -> 1 | D3: =IF(C3="","",IF(C3>=3,"3+",TEXT(C3,"0"))) -> 1 | E3: =세팅!D4 -> 42461 | F3: =IF(COUNT(J3:O3)>=4,AVERAGE(J3:O3),"") | G3: {=IFERROR(IF($E3<44348,"",IF(INDEX(Raw_매출!$B$2:$BI$155,MATCH($A3,Raw_매출!$A$2:$A$155,0),MATCH(EDATE($E3,G$1-1),Raw_매출!$B$1:$BI$1,0))=0,"",INDEX(Raw_매출!$B$2:$BI$155,MATCH($A3,Raw_매출!$A$2:$A$155,0),MATCH(EDATE($E3,G$1-1),Raw_매출!$B$1:$BI$1,0))/(INDEX(요약_월별시즈널리티!$F$7:$F$18,MONTH(EDATE($E3,G$1-1)))/100))),"")} | H3: {=IFERROR(IF($E3<44348,"",IF(INDEX(Raw_매출!$B$2:$BI$155,MATCH($A3,Raw_매출!$A$2:$A$155,0),MATCH(EDATE($E3,H$1-1),Raw_매출!$B$1:$BI$1,0))=0,"",INDEX(Raw_매출!$B$2:$BI$155,MATCH($A3,Raw_매출!$A$2:$A$155,0),MATCH(EDATE($E3,H$1-1),Raw_매출!$B$1:$BI$1,0))/(INDEX(요약_월별시즈널리티!$F$7:$F$18,MONTH(EDATE($E3,H$1-1)))/100))),"")} | I3: {=IFERROR(IF($E3<44348,"",IF(INDEX(Raw_매출!$B$2:$BI$155,MATCH($A3,Raw_매출!$A$2:$A$155,0),MATCH(EDATE($E3,I$1-1),Raw_매출!$B$1:$BI$1,0))=0,"",INDEX(Raw_매출!$B$2:$BI$155,MATCH($A3,Raw_매출!$A$2:$A$155,0),MATCH(EDATE($E3,I$1-1),Raw_매출!$B$1:$BI$1,0))/(INDEX(요약_월별시즈널리티!$F$7:$F$18,MONTH(EDATE($E3,I$1-1)))/100))),"")} | J3: {=IFERROR(IF($E3<44348,"",IF(INDEX(Raw_매출!$B$2:$BI$155,MATCH($A3,Raw_매출!$A$2:$A$155,0),MATCH(EDATE($E3,J$1-1),Raw_매출!$B$1:$BI$1,0))=0,"",INDEX(Raw_매출!$B$2:$BI$155,MATCH($A3,Raw_매출!$A$2:$A$155,0),MATCH(EDATE($E3,J$1-1),Raw_매출!$B$1:$BI$1,0))/(INDEX(요약_월별시즈널리티!$F$7:$F$18,MONTH(EDATE($E3,J$1-1)))/100))),"")} | K3: {=IFERROR(IF($E3<44348,"",IF(INDEX(Raw_매출!$B$2:$BI$155,MATCH($A3,Raw_매출!$A$2:$A$155,0),MATCH(EDATE($E3,K$1-1),Raw_매출!$B$1:$BI$1,0))=0,"",INDEX(Raw_매출!$B$2:$BI$155,MATCH($A3,Raw_매출!$A$2:$A$155,0),MATCH(EDATE($E3,K$1-1),Raw_매출!$B$1:$BI$1,0))/(INDEX(요약_월별시즈널리티!$F$7:$F$18,MONTH(EDATE($E3,K$1-1)))/100))),"")} | L3: {=IFERROR(IF($E3<44348,"",IF(INDEX(Raw_매출!$B$2:$BI$155,MATCH($A3,Raw_매출!$A$2:$A$155,0),MATCH(EDATE($E3,L$1-1),Raw_매출!$B$1:$BI$1,0))=0,"",INDEX(Raw_매출!$B$2:$BI$155,MATCH($A3,Raw_매출!$A$2:$A$155,0),MATCH(EDATE($E3,L$1-1),Raw_매출!$B$1:$BI$1,0))/(INDEX(요약_월별시즈널리티!$F$7:$F$18,MONTH(EDATE($E3,L$1-1)))/100))),"")} | M3: {=IFERROR(IF($E3<44348,"",IF(INDEX(Raw_매출!$B$2:$BI$155,MATCH($A3,Raw_매출!$A$2:$A$155,0),MATCH(EDATE($E3,M$1-1),Raw_매출!$B$1:$BI$1,0))=0,"",INDEX(Raw_매출!$B$2:$BI$155,MATCH($A3,Raw_매출!$A$2:$A$155,0),MATCH(EDATE($E3,M$1-1),Raw_매출!$B$1:$BI$1,0))/(INDEX(요약_월별시즈널리티!$F$7:$F$18,MONTH(EDATE($E3,M$1-1)))/100))),"")} | N3: {=IFERROR(IF($E3<44348,"",IF(INDEX(Raw_매출!$B$2:$BI$155,MATCH($A3,Raw_매출!$A$2:$A$155,0),MATCH(EDATE($E3,N$1-1),Raw_매출!$B$1:$BI$1,0))=0,"",INDEX(Raw_매출!$B$2:$BI$155,MATCH($A3,Raw_매출!$A$2:$A$155,0),MATCH(EDATE($E3,N$1-1),Raw_매출!$B$1:$BI$1,0))/(INDEX(요약_월별시즈널리티!$F$7:$F$18,MONTH(EDATE($E3,N$1-1)))/100))),"")} | ... BN3: {=IFERROR(IF($E3<44348,"",IF(INDEX(Raw_매출!$B$2:$BI$155,MATCH($A3,Raw_매출!$A$2:$A$155,0),MATCH(EDATE($E3,BN$1-1),Raw_매출!$B$1:$BI$1,0))=0,"",INDEX(Raw_매출!$B$2:$BI$155,MATCH($A3,Raw_매출!$A$2:$A$155,0),MATCH(EDATE($E3,BN$1-1),Raw_매출!$B$1:$BI$1,0))/(INDEX(요약_월별시즈널리티!$F$7:$F$18,MONTH(EDATE($E3,BN$1-1)))/100))),"")}
A4: =세팅!A5 -> (0003) 구디점 | B4: =세팅!B5 -> 150-3 | C4: =IFERROR(VALUE(MID(B4,5,10)),"") -> 3 | D4: =IF(C4="","",IF(C4>=3,"3+",TEXT(C4,"0"))) -> 3+ | E4: =세팅!D5 -> 42522 | F4: =IF(COUNT(J4:O4)>=4,AVERAGE(J4:O4),"") | G4: {=IFERROR(IF($E4<44348,"",IF(INDEX(Raw_매출!$B$2:$BI$155,MATCH($A4,Raw_매출!$A$2:$A$155,0),MATCH(EDATE($E4,G$1-1),Raw_매출!$B$1:$BI$1,0))=0,"",INDEX(Raw_매출!$B$2:$BI$155,MATCH($A4,Raw_매출!$A$2:$A$155,0),MATCH(EDATE($E4,G$1-1),Raw_매출!$B$1:$BI$1,0))/(INDEX(요약_월별시즈널리티!$F$7:$F$18,MONTH(EDATE($E4,G$1-1)))/100))),"")} | H4: {=IFERROR(IF($E4<44348,"",IF(INDEX(Raw_매출!$B$2:$BI$155,MATCH($A4,Raw_매출!$A$2:$A$155,0),MATCH(EDATE($E4,H$1-1),Raw_매출!$B$1:$BI$1,0))=0,"",INDEX(Raw_매출!$B$2:$BI$155,MATCH($A4,Raw_매출!$A$2:$A$155,0),MATCH(EDATE($E4,H$1-1),Raw_매출!$B$1:$BI$1,0))/(INDEX(요약_월별시즈널리티!$F$7:$F$18,MONTH(EDATE($E4,H$1-1)))/100))),"")} | I4: {=IFERROR(IF($E4<44348,"",IF(INDEX(Raw_매출!$B$2:$BI$155,MATCH($A4,Raw_매출!$A$2:$A$155,0),MATCH(EDATE($E4,I$1-1),Raw_매출!$B$1:$BI$1,0))=0,"",INDEX(Raw_매출!$B$2:$BI$155,MATCH($A4,Raw_매출!$A$2:$A$155,0),MATCH(EDATE($E4,I$1-1),Raw_매출!$B$1:$BI$1,0))/(INDEX(요약_월별시즈널리티!$F$7:$F$18,MONTH(EDATE($E4,I$1-1)))/100))),"")} | J4: {=IFERROR(IF($E4<44348,"",IF(INDEX(Raw_매출!$B$2:$BI$155,MATCH($A4,Raw_매출!$A$2:$A$155,0),MATCH(EDATE($E4,J$1-1),Raw_매출!$B$1:$BI$1,0))=0,"",INDEX(Raw_매출!$B$2:$BI$155,MATCH($A4,Raw_매출!$A$2:$A$155,0),MATCH(EDATE($E4,J$1-1),Raw_매출!$B$1:$BI$1,0))/(INDEX(요약_월별시즈널리티!$F$7:$F$18,MONTH(EDATE($E4,J$1-1)))/100))),"")} | K4: {=IFERROR(IF($E4<44348,"",IF(INDEX(Raw_매출!$B$2:$BI$155,MATCH($A4,Raw_매출!$A$2:$A$155,0),MATCH(EDATE($E4,K$1-1),Raw_매출!$B$1:$BI$1,0))=0,"",INDEX(Raw_매출!$B$2:$BI$155,MATCH($A4,Raw_매출!$A$2:$A$155,0),MATCH(EDATE($E4,K$1-1),Raw_매출!$B$1:$BI$1,0))/(INDEX(요약_월별시즈널리티!$F$7:$F$18,MONTH(EDATE($E4,K$1-1)))/100))),"")} | L4: {=IFERROR(IF($E4<44348,"",IF(INDEX(Raw_매출!$B$2:$BI$155,MATCH($A4,Raw_매출!$A$2:$A$155,0),MATCH(EDATE($E4,L$1-1),Raw_매출!$B$1:$BI$1,0))=0,"",INDEX(Raw_매출!$B$2:$BI$155,MATCH($A4,Raw_매출!$A$2:$A$155,0),MATCH(EDATE($E4,L$1-1),Raw_매출!$B$1:$BI$1,0))/(INDEX(요약_월별시즈널리티!$F$7:$F$18,MONTH(EDATE($E4,L$1-1)))/100))),"")} | M4: {=IFERROR(IF($E4<44348,"",IF(INDEX(Raw_매출!$B$2:$BI$155,MATCH($A4,Raw_매출!$A$2:$A$155,0),MATCH(EDATE($E4,M$1-1),Raw_매출!$B$1:$BI$1,0))=0,"",INDEX(Raw_매출!$B$2:$BI$155,MATCH($A4,Raw_매출!$A$2:$A$155,0),MATCH(EDATE($E4,M$1-1),Raw_매출!$B$1:$BI$1,0))/(INDEX(요약_월별시즈널리티!$F$7:$F$18,MONTH(EDATE($E4,M$1-1)))/100))),"")} | N4: {=IFERROR(IF($E4<44348,"",IF(INDEX(Raw_매출!$B$2:$BI$155,MATCH($A4,Raw_매출!$A$2:$A$155,0),MATCH(EDATE($E4,N$1-1),Raw_매출!$B$1:$BI$1,0))=0,"",INDEX(Raw_매출!$B$2:$BI$155,MATCH($A4,Raw_매출!$A$2:$A$155,0),MATCH(EDATE($E4,N$1-1),Raw_매출!$B$1:$BI$1,0))/(INDEX(요약_월별시즈널리티!$F$7:$F$18,MONTH(EDATE($E4,N$1-1)))/100))),"")} | ... BN4: {=IFERROR(IF($E4<44348,"",IF(INDEX(Raw_매출!$B$2:$BI$155,MATCH($A4,Raw_매출!$A$2:$A$155,0),MATCH(EDATE($E4,BN$1-1),Raw_매출!$B$1:$BI$1,0))=0,"",INDEX(Raw_매출!$B$2:$BI$155,MATCH($A4,Raw_매출!$A$2:$A$155,0),MATCH(EDATE($E4,BN$1-1),Raw_매출!$B$1:$BI$1,0))/(INDEX(요약_월별시즈널리티!$F$7:$F$18,MONTH(EDATE($E4,BN$1-1)))/100))),"")}
A5: =세팅!A6 -> (0004) 신림점 | B5: =세팅!B6 -> 150-4 | C5: =IFERROR(VALUE(MID(B5,5,10)),"") -> 4 | D5: =IF(C5="","",IF(C5>=3,"3+",TEXT(C5,"0"))) -> 3+ | E5: =세팅!D6 -> 42644 | F5: =IF(COUNT(J5:O5)>=4,AVERAGE(J5:O5),"") | G5: {=IFERROR(IF($E5<44348,"",IF(INDEX(Raw_매출!$B$2:$BI$155,MATCH($A5,Raw_매출!$A$2:$A$155,0),MATCH(EDATE($E5,G$1-1),Raw_매출!$B$1:$BI$1,0))=0,"",INDEX(Raw_매출!$B$2:$BI$155,MATCH($A5,Raw_매출!$A$2:$A$155,0),MATCH(EDATE($E5,G$1-1),Raw_매출!$B$1:$BI$1,0))/(INDEX(요약_월별시즈널리티!$F$7:$F$18,MONTH(EDATE($E5,G$1-1)))/100))),"")} | H5: {=IFERROR(IF($E5<44348,"",IF(INDEX(Raw_매출!$B$2:$BI$155,MATCH($A5,Raw_매출!$A$2:$A$155,0),MATCH(EDATE($E5,H$1-1),Raw_매출!$B$1:$BI$1,0))=0,"",INDEX(Raw_매출!$B$2:$BI$155,MATCH($A5,Raw_매출!$A$2:$A$155,0),MATCH(EDATE($E5,H$1-1),Raw_매출!$B$1:$BI$1,0))/(INDEX(요약_월별시즈널리티!$F$7:$F$18,MONTH(EDATE($E5,H$1-1)))/100))),"")} | I5: {=IFERROR(IF($E5<44348,"",IF(INDEX(Raw_매출!$B$2:$BI$155,MATCH($A5,Raw_매출!$A$2:$A$155,0),MATCH(EDATE($E5,I$1-1),Raw_매출!$B$1:$BI$1,0))=0,"",INDEX(Raw_매출!$B$2:$BI$155,MATCH($A5,Raw_매출!$A$2:$A$155,0),MATCH(EDATE($E5,I$1-1),Raw_매출!$B$1:$BI$1,0))/(INDEX(요약_월별시즈널리티!$F$7:$F$18,MONTH(EDATE($E5,I$1-1)))/100))),"")} | J5: {=IFERROR(IF($E5<44348,"",IF(INDEX(Raw_매출!$B$2:$BI$155,MATCH($A5,Raw_매출!$A$2:$A$155,0),MATCH(EDATE($E5,J$1-1),Raw_매출!$B$1:$BI$1,0))=0,"",INDEX(Raw_매출!$B$2:$BI$155,MATCH($A5,Raw_매출!$A$2:$A$155,0),MATCH(EDATE($E5,J$1-1),Raw_매출!$B$1:$BI$1,0))/(INDEX(요약_월별시즈널리티!$F$7:$F$18,MONTH(EDATE($E5,J$1-1)))/100))),"")} | K5: {=IFERROR(IF($E5<44348,"",IF(INDEX(Raw_매출!$B$2:$BI$155,MATCH($A5,Raw_매출!$A$2:$A$155,0),MATCH(EDATE($E5,K$1-1),Raw_매출!$B$1:$BI$1,0))=0,"",INDEX(Raw_매출!$B$2:$BI$155,MATCH($A5,Raw_매출!$A$2:$A$155,0),MATCH(EDATE($E5,K$1-1),Raw_매출!$B$1:$BI$1,0))/(INDEX(요약_월별시즈널리티!$F$7:$F$18,MONTH(EDATE($E5,K$1-1)))/100))),"")} | L5: {=IFERROR(IF($E5<44348,"",IF(INDEX(Raw_매출!$B$2:$BI$155,MATCH($A5,Raw_매출!$A$2:$A$155,0),MATCH(EDATE($E5,L$1-1),Raw_매출!$B$1:$BI$1,0))=0,"",INDEX(Raw_매출!$B$2:$BI$155,MATCH($A5,Raw_매출!$A$2:$A$155,0),MATCH(EDATE($E5,L$1-1),Raw_매출!$B$1:$BI$1,0))/(INDEX(요약_월별시즈널리티!$F$7:$F$18,MONTH(EDATE($E5,L$1-1)))/100))),"")} | M5: {=IFERROR(IF($E5<44348,"",IF(INDEX(Raw_매출!$B$2:$BI$155,MATCH($A5,Raw_매출!$A$2:$A$155,0),MATCH(EDATE($E5,M$1-1),Raw_매출!$B$1:$BI$1,0))=0,"",INDEX(Raw_매출!$B$2:$BI$155,MATCH($A5,Raw_매출!$A$2:$A$155,0),MATCH(EDATE($E5,M$1-1),Raw_매출!$B$1:$BI$1,0))/(INDEX(요약_월별시즈널리티!$F$7:$F$18,MONTH(EDATE($E5,M$1-1)))/100))),"")} | N5: {=IFERROR(IF($E5<44348,"",IF(INDEX(Raw_매출!$B$2:$BI$155,MATCH($A5,Raw_매출!$A$2:$A$155,0),MATCH(EDATE($E5,N$1-1),Raw_매출!$B$1:$BI$1,0))=0,"",INDEX(Raw_매출!$B$2:$BI$155,MATCH($A5,Raw_매출!$A$2:$A$155,0),MATCH(EDATE($E5,N$1-1),Raw_매출!$B$1:$BI$1,0))/(INDEX(요약_월별시즈널리티!$F$7:$F$18,MONTH(EDATE($E5,N$1-1)))/100))),"")} | ... BN5: {=IFERROR(IF($E5<44348,"",IF(INDEX(Raw_매출!$B$2:$BI$155,MATCH($A5,Raw_매출!$A$2:$A$155,0),MATCH(EDATE($E5,BN$1-1),Raw_매출!$B$1:$BI$1,0))=0,"",INDEX(Raw_매출!$B$2:$BI$155,MATCH($A5,Raw_매출!$A$2:$A$155,0),MATCH(EDATE($E5,BN$1-1),Raw_매출!$B$1:$BI$1,0))/(INDEX(요약_월별시즈널리티!$F$7:$F$18,MONTH(EDATE($E5,BN$1-1)))/100))),"")}
A6: =세팅!A7 -> (0005) 대학점 | B6: =세팅!B7 -> 150-2 | C6: =IFERROR(VALUE(MID(B6,5,10)),"") -> 2 | D6: =IF(C6="","",IF(C6>=3,"3+",TEXT(C6,"0"))) -> 2 | E6: =세팅!D7 -> 42736 | F6: =IF(COUNT(J6:O6)>=4,AVERAGE(J6:O6),"") | G6: {=IFERROR(IF($E6<44348,"",IF(INDEX(Raw_매출!$B$2:$BI$155,MATCH($A6,Raw_매출!$A$2:$A$155,0),MATCH(EDATE($E6,G$1-1),Raw_매출!$B$1:$BI$1,0))=0,"",INDEX(Raw_매출!$B$2:$BI$155,MATCH($A6,Raw_매출!$A$2:$A$155,0),MATCH(EDATE($E6,G$1-1),Raw_매출!$B$1:$BI$1,0))/(INDEX(요약_월별시즈널리티!$F$7:$F$18,MONTH(EDATE($E6,G$1-1)))/100))),"")} | H6: {=IFERROR(IF($E6<44348,"",IF(INDEX(Raw_매출!$B$2:$BI$155,MATCH($A6,Raw_매출!$A$2:$A$155,0),MATCH(EDATE($E6,H$1-1),Raw_매출!$B$1:$BI$1,0))=0,"",INDEX(Raw_매출!$B$2:$BI$155,MATCH($A6,Raw_매출!$A$2:$A$155,0),MATCH(EDATE($E6,H$1-1),Raw_매출!$B$1:$BI$1,0))/(INDEX(요약_월별시즈널리티!$F$7:$F$18,MONTH(EDATE($E6,H$1-1)))/100))),"")} | I6: {=IFERROR(IF($E6<44348,"",IF(INDEX(Raw_매출!$B$2:$BI$155,MATCH($A6,Raw_매출!$A$2:$A$155,0),MATCH(EDATE($E6,I$1-1),Raw_매출!$B$1:$BI$1,0))=0,"",INDEX(Raw_매출!$B$2:$BI$155,MATCH($A6,Raw_매출!$A$2:$A$155,0),MATCH(EDATE($E6,I$1-1),Raw_매출!$B$1:$BI$1,0))/(INDEX(요약_월별시즈널리티!$F$7:$F$18,MONTH(EDATE($E6,I$1-1)))/100))),"")} | J6: {=IFERROR(IF($E6<44348,"",IF(INDEX(Raw_매출!$B$2:$BI$155,MATCH($A6,Raw_매출!$A$2:$A$155,0),MATCH(EDATE($E6,J$1-1),Raw_매출!$B$1:$BI$1,0))=0,"",INDEX(Raw_매출!$B$2:$BI$155,MATCH($A6,Raw_매출!$A$2:$A$155,0),MATCH(EDATE($E6,J$1-1),Raw_매출!$B$1:$BI$1,0))/(INDEX(요약_월별시즈널리티!$F$7:$F$18,MONTH(EDATE($E6,J$1-1)))/100))),"")} | K6: {=IFERROR(IF($E6<44348,"",IF(INDEX(Raw_매출!$B$2:$BI$155,MATCH($A6,Raw_매출!$A$2:$A$155,0),MATCH(EDATE($E6,K$1-1),Raw_매출!$B$1:$BI$1,0))=0,"",INDEX(Raw_매출!$B$2:$BI$155,MATCH($A6,Raw_매출!$A$2:$A$155,0),MATCH(EDATE($E6,K$1-1),Raw_매출!$B$1:$BI$1,0))/(INDEX(요약_월별시즈널리티!$F$7:$F$18,MONTH(EDATE($E6,K$1-1)))/100))),"")} | L6: {=IFERROR(IF($E6<44348,"",IF(INDEX(Raw_매출!$B$2:$BI$155,MATCH($A6,Raw_매출!$A$2:$A$155,0),MATCH(EDATE($E6,L$1-1),Raw_매출!$B$1:$BI$1,0))=0,"",INDEX(Raw_매출!$B$2:$BI$155,MATCH($A6,Raw_매출!$A$2:$A$155,0),MATCH(EDATE($E6,L$1-1),Raw_매출!$B$1:$BI$1,0))/(INDEX(요약_월별시즈널리티!$F$7:$F$18,MONTH(EDATE($E6,L$1-1)))/100))),"")} | M6: {=IFERROR(IF($E6<44348,"",IF(INDEX(Raw_매출!$B$2:$BI$155,MATCH($A6,Raw_매출!$A$2:$A$155,0),MATCH(EDATE($E6,M$1-1),Raw_매출!$B$1:$BI$1,0))=0,"",INDEX(Raw_매출!$B$2:$BI$155,MATCH($A6,Raw_매출!$A$2:$A$155,0),MATCH(EDATE($E6,M$1-1),Raw_매출!$B$1:$BI$1,0))/(INDEX(요약_월별시즈널리티!$F$7:$F$18,MONTH(EDATE($E6,M$1-1)))/100))),"")} | N6: {=IFERROR(IF($E6<44348,"",IF(INDEX(Raw_매출!$B$2:$BI$155,MATCH($A6,Raw_매출!$A$2:$A$155,0),MATCH(EDATE($E6,N$1-1),Raw_매출!$B$1:$BI$1,0))=0,"",INDEX(Raw_매출!$B$2:$BI$155,MATCH($A6,Raw_매출!$A$2:$A$155,0),MATCH(EDATE($E6,N$1-1),Raw_매출!$B$1:$BI$1,0))/(INDEX(요약_월별시즈널리티!$F$7:$F$18,MONTH(EDATE($E6,N$1-1)))/100))),"")} | ... BN6: {=IFERROR(IF($E6<44348,"",IF(INDEX(Raw_매출!$B$2:$BI$155,MATCH($A6,Raw_매출!$A$2:$A$155,0),MATCH(EDATE($E6,BN$1-1),Raw_매출!$B$1:$BI$1,0))=0,"",INDEX(Raw_매출!$B$2:$BI$155,MATCH($A6,Raw_매출!$A$2:$A$155,0),MATCH(EDATE($E6,BN$1-1),Raw_매출!$B$1:$BI$1,0))/(INDEX(요약_월별시즈널리티!$F$7:$F$18,MONTH(EDATE($E6,BN$1-1)))/100))),"")}
A7: =세팅!A8 -> (0006) 서림점 | B7: =세팅!B8 -> 150-2 | C7: =IFERROR(VALUE(MID(B7,5,10)),"") -> 2 | D7: =IF(C7="","",IF(C7>=3,"3+",TEXT(C7,"0"))) -> 2 | E7: =세팅!D8 -> 43040 | F7: =IF(COUNT(J7:O7)>=4,AVERAGE(J7:O7),"") | G7: {=IFERROR(IF($E7<44348,"",IF(INDEX(Raw_매출!$B$2:$BI$155,MATCH($A7,Raw_매출!$A$2:$A$155,0),MATCH(EDATE($E7,G$1-1),Raw_매출!$B$1:$BI$1,0))=0,"",INDEX(Raw_매출!$B$2:$BI$155,MATCH($A7,Raw_매출!$A$2:$A$155,0),MATCH(EDATE($E7,G$1-1),Raw_매출!$B$1:$BI$1,0))/(INDEX(요약_월별시즈널리티!$F$7:$F$18,MONTH(EDATE($E7,G$1-1)))/100))),"")} | H7: {=IFERROR(IF($E7<44348,"",IF(INDEX(Raw_매출!$B$2:$BI$155,MATCH($A7,Raw_매출!$A$2:$A$155,0),MATCH(EDATE($E7,H$1-1),Raw_매출!$B$1:$BI$1,0))=0,"",INDEX(Raw_매출!$B$2:$BI$155,MATCH($A7,Raw_매출!$A$2:$A$155,0),MATCH(EDATE($E7,H$1-1),Raw_매출!$B$1:$BI$1,0))/(INDEX(요약_월별시즈널리티!$F$7:$F$18,MONTH(EDATE($E7,H$1-1)))/100))),"")} | I7: {=IFERROR(IF($E7<44348,"",IF(INDEX(Raw_매출!$B$2:$BI$155,MATCH($A7,Raw_매출!$A$2:$A$155,0),MATCH(EDATE($E7,I$1-1),Raw_매출!$B$1:$BI$1,0))=0,"",INDEX(Raw_매출!$B$2:$BI$155,MATCH($A7,Raw_매출!$A$2:$A$155,0),MATCH(EDATE($E7,I$1-1),Raw_매출!$B$1:$BI$1,0))/(INDEX(요약_월별시즈널리티!$F$7:$F$18,MONTH(EDATE($E7,I$1-1)))/100))),"")} | J7: {=IFERROR(IF($E7<44348,"",IF(INDEX(Raw_매출!$B$2:$BI$155,MATCH($A7,Raw_매출!$A$2:$A$155,0),MATCH(EDATE($E7,J$1-1),Raw_매출!$B$1:$BI$1,0))=0,"",INDEX(Raw_매출!$B$2:$BI$155,MATCH($A7,Raw_매출!$A$2:$A$155,0),MATCH(EDATE($E7,J$1-1),Raw_매출!$B$1:$BI$1,0))/(INDEX(요약_월별시즈널리티!$F$7:$F$18,MONTH(EDATE($E7,J$1-1)))/100))),"")} | K7: {=IFERROR(IF($E7<44348,"",IF(INDEX(Raw_매출!$B$2:$BI$155,MATCH($A7,Raw_매출!$A$2:$A$155,0),MATCH(EDATE($E7,K$1-1),Raw_매출!$B$1:$BI$1,0))=0,"",INDEX(Raw_매출!$B$2:$BI$155,MATCH($A7,Raw_매출!$A$2:$A$155,0),MATCH(EDATE($E7,K$1-1),Raw_매출!$B$1:$BI$1,0))/(INDEX(요약_월별시즈널리티!$F$7:$F$18,MONTH(EDATE($E7,K$1-1)))/100))),"")} | L7: {=IFERROR(IF($E7<44348,"",IF(INDEX(Raw_매출!$B$2:$BI$155,MATCH($A7,Raw_매출!$A$2:$A$155,0),MATCH(EDATE($E7,L$1-1),Raw_매출!$B$1:$BI$1,0))=0,"",INDEX(Raw_매출!$B$2:$BI$155,MATCH($A7,Raw_매출!$A$2:$A$155,0),MATCH(EDATE($E7,L$1-1),Raw_매출!$B$1:$BI$1,0))/(INDEX(요약_월별시즈널리티!$F$7:$F$18,MONTH(EDATE($E7,L$1-1)))/100))),"")} | M7: {=IFERROR(IF($E7<44348,"",IF(INDEX(Raw_매출!$B$2:$BI$155,MATCH($A7,Raw_매출!$A$2:$A$155,0),MATCH(EDATE($E7,M$1-1),Raw_매출!$B$1:$BI$1,0))=0,"",INDEX(Raw_매출!$B$2:$BI$155,MATCH($A7,Raw_매출!$A$2:$A$155,0),MATCH(EDATE($E7,M$1-1),Raw_매출!$B$1:$BI$1,0))/(INDEX(요약_월별시즈널리티!$F$7:$F$18,MONTH(EDATE($E7,M$1-1)))/100))),"")} | N7: {=IFERROR(IF($E7<44348,"",IF(INDEX(Raw_매출!$B$2:$BI$155,MATCH($A7,Raw_매출!$A$2:$A$155,0),MATCH(EDATE($E7,N$1-1),Raw_매출!$B$1:$BI$1,0))=0,"",INDEX(Raw_매출!$B$2:$BI$155,MATCH($A7,Raw_매출!$A$2:$A$155,0),MATCH(EDATE($E7,N$1-1),Raw_매출!$B$1:$BI$1,0))/(INDEX(요약_월별시즈널리티!$F$7:$F$18,MONTH(EDATE($E7,N$1-1)))/100))),"")} | ... BN7: {=IFERROR(IF($E7<44348,"",IF(INDEX(Raw_매출!$B$2:$BI$155,MATCH($A7,Raw_매출!$A$2:$A$155,0),MATCH(EDATE($E7,BN$1-1),Raw_매출!$B$1:$BI$1,0))=0,"",INDEX(Raw_매출!$B$2:$BI$155,MATCH($A7,Raw_매출!$A$2:$A$155,0),MATCH(EDATE($E7,BN$1-1),Raw_매출!$B$1:$BI$1,0))/(INDEX(요약_월별시즈널리티!$F$7:$F$18,MONTH(EDATE($E7,BN$1-1)))/100))),"")}
A8: =세팅!A9 -> (0007) 낙성대점 | B8: =세팅!B9 -> 150-1 | C8: =IFERROR(VALUE(MID(B8,5,10)),"") -> 1 | D8: =IF(C8="","",IF(C8>=3,"3+",TEXT(C8,"0"))) -> 1 | E8: =세팅!D9 -> 43160 | F8: =IF(COUNT(J8:O8)>=4,AVERAGE(J8:O8),"") | G8: {=IFERROR(IF($E8<44348,"",IF(INDEX(Raw_매출!$B$2:$BI$155,MATCH($A8,Raw_매출!$A$2:$A$155,0),MATCH(EDATE($E8,G$1-1),Raw_매출!$B$1:$BI$1,0))=0,"",INDEX(Raw_매출!$B$2:$BI$155,MATCH($A8,Raw_매출!$A$2:$A$155,0),MATCH(EDATE($E8,G$1-1),Raw_매출!$B$1:$BI$1,0))/(INDEX(요약_월별시즈널리티!$F$7:$F$18,MONTH(EDATE($E8,G$1-1)))/100))),"")} | H8: {=IFERROR(IF($E8<44348,"",IF(INDEX(Raw_매출!$B$2:$BI$155,MATCH($A8,Raw_매출!$A$2:$A$155,0),MATCH(EDATE($E8,H$1-1),Raw_매출!$B$1:$BI$1,0))=0,"",INDEX(Raw_매출!$B$2:$BI$155,MATCH($A8,Raw_매출!$A$2:$A$155,0),MATCH(EDATE($E8,H$1-1),Raw_매출!$B$1:$BI$1,0))/(INDEX(요약_월별시즈널리티!$F$7:$F$18,MONTH(EDATE($E8,H$1-1)))/100))),"")} | I8: {=IFERROR(IF($E8<44348,"",IF(INDEX(Raw_매출!$B$2:$BI$155,MATCH($A8,Raw_매출!$A$2:$A$155,0),MATCH(EDATE($E8,I$1-1),Raw_매출!$B$1:$BI$1,0))=0,"",INDEX(Raw_매출!$B$2:$BI$155,MATCH($A8,Raw_매출!$A$2:$A$155,0),MATCH(EDATE($E8,I$1-1),Raw_매출!$B$1:$BI$1,0))/(INDEX(요약_월별시즈널리티!$F$7:$F$18,MONTH(EDATE($E8,I$1-1)))/100))),"")} | J8: {=IFERROR(IF($E8<44348,"",IF(INDEX(Raw_매출!$B$2:$BI$155,MATCH($A8,Raw_매출!$A$2:$A$155,0),MATCH(EDATE($E8,J$1-1),Raw_매출!$B$1:$BI$1,0))=0,"",INDEX(Raw_매출!$B$2:$BI$155,MATCH($A8,Raw_매출!$A$2:$A$155,0),MATCH(EDATE($E8,J$1-1),Raw_매출!$B$1:$BI$1,0))/(INDEX(요약_월별시즈널리티!$F$7:$F$18,MONTH(EDATE($E8,J$1-1)))/100))),"")} | K8: {=IFERROR(IF($E8<44348,"",IF(INDEX(Raw_매출!$B$2:$BI$155,MATCH($A8,Raw_매출!$A$2:$A$155,0),MATCH(EDATE($E8,K$1-1),Raw_매출!$B$1:$BI$1,0))=0,"",INDEX(Raw_매출!$B$2:$BI$155,MATCH($A8,Raw_매출!$A$2:$A$155,0),MATCH(EDATE($E8,K$1-1),Raw_매출!$B$1:$BI$1,0))/(INDEX(요약_월별시즈널리티!$F$7:$F$18,MONTH(EDATE($E8,K$1-1)))/100))),"")} | L8: {=IFERROR(IF($E8<44348,"",IF(INDEX(Raw_매출!$B$2:$BI$155,MATCH($A8,Raw_매출!$A$2:$A$155,0),MATCH(EDATE($E8,L$1-1),Raw_매출!$B$1:$BI$1,0))=0,"",INDEX(Raw_매출!$B$2:$BI$155,MATCH($A8,Raw_매출!$A$2:$A$155,0),MATCH(EDATE($E8,L$1-1),Raw_매출!$B$1:$BI$1,0))/(INDEX(요약_월별시즈널리티!$F$7:$F$18,MONTH(EDATE($E8,L$1-1)))/100))),"")} | M8: {=IFERROR(IF($E8<44348,"",IF(INDEX(Raw_매출!$B$2:$BI$155,MATCH($A8,Raw_매출!$A$2:$A$155,0),MATCH(EDATE($E8,M$1-1),Raw_매출!$B$1:$BI$1,0))=0,"",INDEX(Raw_매출!$B$2:$BI$155,MATCH($A8,Raw_매출!$A$2:$A$155,0),MATCH(EDATE($E8,M$1-1),Raw_매출!$B$1:$BI$1,0))/(INDEX(요약_월별시즈널리티!$F$7:$F$18,MONTH(EDATE($E8,M$1-1)))/100))),"")} | N8: {=IFERROR(IF($E8<44348,"",IF(INDEX(Raw_매출!$B$2:$BI$155,MATCH($A8,Raw_매출!$A$2:$A$155,0),MATCH(EDATE($E8,N$1-1),Raw_매출!$B$1:$BI$1,0))=0,"",INDEX(Raw_매출!$B$2:$BI$155,MATCH($A8,Raw_매출!$A$2:$A$155,0),MATCH(EDATE($E8,N$1-1),Raw_매출!$B$1:$BI$1,0))/(INDEX(요약_월별시즈널리티!$F$7:$F$18,MONTH(EDATE($E8,N$1-1)))/100))),"")} | ... BN8: {=IFERROR(IF($E8<44348,"",IF(INDEX(Raw_매출!$B$2:$BI$155,MATCH($A8,Raw_매출!$A$2:$A$155,0),MATCH(EDATE($E8,BN$1-1),Raw_매출!$B$1:$BI$1,0))=0,"",INDEX(Raw_매출!$B$2:$BI$155,MATCH($A8,Raw_매출!$A$2:$A$155,0),MATCH(EDATE($E8,BN$1-1),Raw_매출!$B$1:$BI$1,0))/(INDEX(요약_월별시즈널리티!$F$7:$F$18,MONTH(EDATE($E8,BN$1-1)))/100))),"")}
A9: =세팅!A10 -> (0008) 트리하우스점 | B9: =세팅!B10 -> 0 | C9: =IFERROR(VALUE(MID(B9,5,10)),"") | D9: =IF(C9="","",IF(C9>=3,"3+",TEXT(C9,"0"))) | E9: =세팅!D10 -> 43282 | F9: =IF(COUNT(J9:O9)>=4,AVERAGE(J9:O9),"") | G9: {=IFERROR(IF($E9<44348,"",IF(INDEX(Raw_매출!$B$2:$BI$155,MATCH($A9,Raw_매출!$A$2:$A$155,0),MATCH(EDATE($E9,G$1-1),Raw_매출!$B$1:$BI$1,0))=0,"",INDEX(Raw_매출!$B$2:$BI$155,MATCH($A9,Raw_매출!$A$2:$A$155,0),MATCH(EDATE($E9,G$1-1),Raw_매출!$B$1:$BI$1,0))/(INDEX(요약_월별시즈널리티!$F$7:$F$18,MONTH(EDATE($E9,G$1-1)))/100))),"")} | H9: {=IFERROR(IF($E9<44348,"",IF(INDEX(Raw_매출!$B$2:$BI$155,MATCH($A9,Raw_매출!$A$2:$A$155,0),MATCH(EDATE($E9,H$1-1),Raw_매출!$B$1:$BI$1,0))=0,"",INDEX(Raw_매출!$B$2:$BI$155,MATCH($A9,Raw_매출!$A$2:$A$155,0),MATCH(EDATE($E9,H$1-1),Raw_매출!$B$1:$BI$1,0))/(INDEX(요약_월별시즈널리티!$F$7:$F$18,MONTH(EDATE($E9,H$1-1)))/100))),"")} | I9: {=IFERROR(IF($E9<44348,"",IF(INDEX(Raw_매출!$B$2:$BI$155,MATCH($A9,Raw_매출!$A$2:$A$155,0),MATCH(EDATE($E9,I$1-1),Raw_매출!$B$1:$BI$1,0))=0,"",INDEX(Raw_매출!$B$2:$BI$155,MATCH($A9,Raw_매출!$A$2:$A$155,0),MATCH(EDATE($E9,I$1-1),Raw_매출!$B$1:$BI$1,0))/(INDEX(요약_월별시즈널리티!$F$7:$F$18,MONTH(EDATE($E9,I$1-1)))/100))),"")} | J9: {=IFERROR(IF($E9<44348,"",IF(INDEX(Raw_매출!$B$2:$BI$155,MATCH($A9,Raw_매출!$A$2:$A$155,0),MATCH(EDATE($E9,J$1-1),Raw_매출!$B$1:$BI$1,0))=0,"",INDEX(Raw_매출!$B$2:$BI$155,MATCH($A9,Raw_매출!$A$2:$A$155,0),MATCH(EDATE($E9,J$1-1),Raw_매출!$B$1:$BI$1,0))/(INDEX(요약_월별시즈널리티!$F$7:$F$18,MONTH(EDATE($E9,J$1-1)))/100))),"")} | K9: {=IFERROR(IF($E9<44348,"",IF(INDEX(Raw_매출!$B$2:$BI$155,MATCH($A9,Raw_매출!$A$2:$A$155,0),MATCH(EDATE($E9,K$1-1),Raw_매출!$B$1:$BI$1,0))=0,"",INDEX(Raw_매출!$B$2:$BI$155,MATCH($A9,Raw_매출!$A$2:$A$155,0),MATCH(EDATE($E9,K$1-1),Raw_매출!$B$1:$BI$1,0))/(INDEX(요약_월별시즈널리티!$F$7:$F$18,MONTH(EDATE($E9,K$1-1)))/100))),"")} | L9: {=IFERROR(IF($E9<44348,"",IF(INDEX(Raw_매출!$B$2:$BI$155,MATCH($A9,Raw_매출!$A$2:$A$155,0),MATCH(EDATE($E9,L$1-1),Raw_매출!$B$1:$BI$1,0))=0,"",INDEX(Raw_매출!$B$2:$BI$155,MATCH($A9,Raw_매출!$A$2:$A$155,0),MATCH(EDATE($E9,L$1-1),Raw_매출!$B$1:$BI$1,0))/(INDEX(요약_월별시즈널리티!$F$7:$F$18,MONTH(EDATE($E9,L$1-1)))/100))),"")} | M9: {=IFERROR(IF($E9<44348,"",IF(INDEX(Raw_매출!$B$2:$BI$155,MATCH($A9,Raw_매출!$A$2:$A$155,0),MATCH(EDATE($E9,M$1-1),Raw_매출!$B$1:$BI$1,0))=0,"",INDEX(Raw_매출!$B$2:$BI$155,MATCH($A9,Raw_매출!$A$2:$A$155,0),MATCH(EDATE($E9,M$1-1),Raw_매출!$B$1:$BI$1,0))/(INDEX(요약_월별시즈널리티!$F$7:$F$18,MONTH(EDATE($E9,M$1-1)))/100))),"")} | N9: {=IFERROR(IF($E9<44348,"",IF(INDEX(Raw_매출!$B$2:$BI$155,MATCH($A9,Raw_매출!$A$2:$A$155,0),MATCH(EDATE($E9,N$1-1),Raw_매출!$B$1:$BI$1,0))=0,"",INDEX(Raw_매출!$B$2:$BI$155,MATCH($A9,Raw_매출!$A$2:$A$155,0),MATCH(EDATE($E9,N$1-1),Raw_매출!$B$1:$BI$1,0))/(INDEX(요약_월별시즈널리티!$F$7:$F$18,MONTH(EDATE($E9,N$1-1)))/100))),"")} | ... BN9: {=IFERROR(IF($E9<44348,"",IF(INDEX(Raw_매출!$B$2:$BI$155,MATCH($A9,Raw_매출!$A$2:$A$155,0),MATCH(EDATE($E9,BN$1-1),Raw_매출!$B$1:$BI$1,0))=0,"",INDEX(Raw_매출!$B$2:$BI$155,MATCH($A9,Raw_매출!$A$2:$A$155,0),MATCH(EDATE($E9,BN$1-1),Raw_매출!$B$1:$BI$1,0))/(INDEX(요약_월별시즈널리티!$F$7:$F$18,MONTH(EDATE($E9,BN$1-1)))/100))),"")}
A10: =세팅!A11 -> (0009) 신원점 | B10: =세팅!B11 -> 150-0 | C10: =IFERROR(VALUE(MID(B10,5,10)),"") -> 0 | D10: =IF(C10="","",IF(C10>=3,"3+",TEXT(C10,"0"))) -> 0 | E10: =세팅!D11 -> 43800 | F10: =IF(COUNT(J10:O10)>=4,AVERAGE(J10:O10),"") | G10: {=IFERROR(IF($E10<44348,"",IF(INDEX(Raw_매출!$B$2:$BI$155,MATCH($A10,Raw_매출!$A$2:$A$155,0),MATCH(EDATE($E10,G$1-1),Raw_매출!$B$1:$BI$1,0))=0,"",INDEX(Raw_매출!$B$2:$BI$155,MATCH($A10,Raw_매출!$A$2:$A$155,0),MATCH(EDATE($E10,G$1-1),Raw_매출!$B$1:$BI$1,0))/(INDEX(요약_월별시즈널리티!$F$7:$F$18,MONTH(EDATE($E10,G$1-1)))/100))),"")} | H10: {=IFERROR(IF($E10<44348,"",IF(INDEX(Raw_매출!$B$2:$BI$155,MATCH($A10,Raw_매출!$A$2:$A$155,0),MATCH(EDATE($E10,H$1-1),Raw_매출!$B$1:$BI$1,0))=0,"",INDEX(Raw_매출!$B$2:$BI$155,MATCH($A10,Raw_매출!$A$2:$A$155,0),MATCH(EDATE($E10,H$1-1),Raw_매출!$B$1:$BI$1,0))/(INDEX(요약_월별시즈널리티!$F$7:$F$18,MONTH(EDATE($E10,H$1-1)))/100))),"")} | I10: {=IFERROR(IF($E10<44348,"",IF(INDEX(Raw_매출!$B$2:$BI$155,MATCH($A10,Raw_매출!$A$2:$A$155,0),MATCH(EDATE($E10,I$1-1),Raw_매출!$B$1:$BI$1,0))=0,"",INDEX(Raw_매출!$B$2:$BI$155,MATCH($A10,Raw_매출!$A$2:$A$155,0),MATCH(EDATE($E10,I$1-1),Raw_매출!$B$1:$BI$1,0))/(INDEX(요약_월별시즈널리티!$F$7:$F$18,MONTH(EDATE($E10,I$1-1)))/100))),"")} | J10: {=IFERROR(IF($E10<44348,"",IF(INDEX(Raw_매출!$B$2:$BI$155,MATCH($A10,Raw_매출!$A$2:$A$155,0),MATCH(EDATE($E10,J$1-1),Raw_매출!$B$1:$BI$1,0))=0,"",INDEX(Raw_매출!$B$2:$BI$155,MATCH($A10,Raw_매출!$A$2:$A$155,0),MATCH(EDATE($E10,J$1-1),Raw_매출!$B$1:$BI$1,0))/(INDEX(요약_월별시즈널리티!$F$7:$F$18,MONTH(EDATE($E10,J$1-1)))/100))),"")} | K10: {=IFERROR(IF($E10<44348,"",IF(INDEX(Raw_매출!$B$2:$BI$155,MATCH($A10,Raw_매출!$A$2:$A$155,0),MATCH(EDATE($E10,K$1-1),Raw_매출!$B$1:$BI$1,0))=0,"",INDEX(Raw_매출!$B$2:$BI$155,MATCH($A10,Raw_매출!$A$2:$A$155,0),MATCH(EDATE($E10,K$1-1),Raw_매출!$B$1:$BI$1,0))/(INDEX(요약_월별시즈널리티!$F$7:$F$18,MONTH(EDATE($E10,K$1-1)))/100))),"")} | L10: {=IFERROR(IF($E10<44348,"",IF(INDEX(Raw_매출!$B$2:$BI$155,MATCH($A10,Raw_매출!$A$2:$A$155,0),MATCH(EDATE($E10,L$1-1),Raw_매출!$B$1:$BI$1,0))=0,"",INDEX(Raw_매출!$B$2:$BI$155,MATCH($A10,Raw_매출!$A$2:$A$155,0),MATCH(EDATE($E10,L$1-1),Raw_매출!$B$1:$BI$1,0))/(INDEX(요약_월별시즈널리티!$F$7:$F$18,MONTH(EDATE($E10,L$1-1)))/100))),"")} | M10: {=IFERROR(IF($E10<44348,"",IF(INDEX(Raw_매출!$B$2:$BI$155,MATCH($A10,Raw_매출!$A$2:$A$155,0),MATCH(EDATE($E10,M$1-1),Raw_매출!$B$1:$BI$1,0))=0,"",INDEX(Raw_매출!$B$2:$BI$155,MATCH($A10,Raw_매출!$A$2:$A$155,0),MATCH(EDATE($E10,M$1-1),Raw_매출!$B$1:$BI$1,0))/(INDEX(요약_월별시즈널리티!$F$7:$F$18,MONTH(EDATE($E10,M$1-1)))/100))),"")} | N10: {=IFERROR(IF($E10<44348,"",IF(INDEX(Raw_매출!$B$2:$BI$155,MATCH($A10,Raw_매출!$A$2:$A$155,0),MATCH(EDATE($E10,N$1-1),Raw_매출!$B$1:$BI$1,0))=0,"",INDEX(Raw_매출!$B$2:$BI$155,MATCH($A10,Raw_매출!$A$2:$A$155,0),MATCH(EDATE($E10,N$1-1),Raw_매출!$B$1:$BI$1,0))/(INDEX(요약_월별시즈널리티!$F$7:$F$18,MONTH(EDATE($E10,N$1-1)))/100))),"")} | ... BN10: {=IFERROR(IF($E10<44348,"",IF(INDEX(Raw_매출!$B$2:$BI$155,MATCH($A10,Raw_매출!$A$2:$A$155,0),MATCH(EDATE($E10,BN$1-1),Raw_매출!$B$1:$BI$1,0))=0,"",INDEX(Raw_매출!$B$2:$BI$155,MATCH($A10,Raw_매출!$A$2:$A$155,0),MATCH(EDATE($E10,BN$1-1),Raw_매출!$B$1:$BI$1,0))/(INDEX(요약_월별시즈널리티!$F$7:$F$18,MONTH(EDATE($E10,BN$1-1)))/100))),"")}
A11: =세팅!A12 -> (0010) 별빛거리점 | B11: =세팅!B12 -> 150-3 | C11: =IFERROR(VALUE(MID(B11,5,10)),"") -> 3 | D11: =IF(C11="","",IF(C11>=3,"3+",TEXT(C11,"0"))) -> 3+ | E11: =세팅!D12 -> 44593 | F11: =IF(COUNT(J11:O11)>=4,AVERAGE(J11:O11),"") -> 5908144.1 | G11: {=IFERROR(IF($E11<44348,"",IF(INDEX(Raw_매출!$B$2:$BI$155,MATCH($A11,Raw_매출!$A$2:$A$155,0),MATCH(EDATE($E11,G$1-1),Raw_매출!$B$1:$BI$1,0))=0,"",INDEX(Raw_매출!$B$2:$BI$155,MATCH($A11,Raw_매출!$A$2:$A$155,0),MATCH(EDATE($E11,G$1-1),Raw_매출!$B$1:$BI$1,0))/(INDEX(요약_월별시즈널리티!$F$7:$F$18,MONTH(EDATE($E11,G$1-1)))/100))),"")} -> 3604318.6 | H11: {=IFERROR(IF($E11<44348,"",IF(INDEX(Raw_매출!$B$2:$BI$155,MATCH($A11,Raw_매출!$A$2:$A$155,0),MATCH(EDATE($E11,H$1-1),Raw_매출!$B$1:$BI$1,0))=0,"",INDEX(Raw_매출!$B$2:$BI$155,MATCH($A11,Raw_매출!$A$2:$A$155,0),MATCH(EDATE($E11,H$1-1),Raw_매출!$B$1:$BI$1,0))/(INDEX(요약_월별시즈널리티!$F$7:$F$18,MONTH(EDATE($E11,H$1-1)))/100))),"")} -> 3869957.9 | I11: {=IFERROR(IF($E11<44348,"",IF(INDEX(Raw_매출!$B$2:$BI$155,MATCH($A11,Raw_매출!$A$2:$A$155,0),MATCH(EDATE($E11,I$1-1),Raw_매출!$B$1:$BI$1,0))=0,"",INDEX(Raw_매출!$B$2:$BI$155,MATCH($A11,Raw_매출!$A$2:$A$155,0),MATCH(EDATE($E11,I$1-1),Raw_매출!$B$1:$BI$1,0))/(INDEX(요약_월별시즈널리티!$F$7:$F$18,MONTH(EDATE($E11,I$1-1)))/100))),"")} -> 4376169.7 | J11: {=IFERROR(IF($E11<44348,"",IF(INDEX(Raw_매출!$B$2:$BI$155,MATCH($A11,Raw_매출!$A$2:$A$155,0),MATCH(EDATE($E11,J$1-1),Raw_매출!$B$1:$BI$1,0))=0,"",INDEX(Raw_매출!$B$2:$BI$155,MATCH($A11,Raw_매출!$A$2:$A$155,0),MATCH(EDATE($E11,J$1-1),Raw_매출!$B$1:$BI$1,0))/(INDEX(요약_월별시즈널리티!$F$7:$F$18,MONTH(EDATE($E11,J$1-1)))/100))),"")} -> 4872495 | K11: {=IFERROR(IF($E11<44348,"",IF(INDEX(Raw_매출!$B$2:$BI$155,MATCH($A11,Raw_매출!$A$2:$A$155,0),MATCH(EDATE($E11,K$1-1),Raw_매출!$B$1:$BI$1,0))=0,"",INDEX(Raw_매출!$B$2:$BI$155,MATCH($A11,Raw_매출!$A$2:$A$155,0),MATCH(EDATE($E11,K$1-1),Raw_매출!$B$1:$BI$1,0))/(INDEX(요약_월별시즈널리티!$F$7:$F$18,MONTH(EDATE($E11,K$1-1)))/100))),"")} -> 5846201.5 | L11: {=IFERROR(IF($E11<44348,"",IF(INDEX(Raw_매출!$B$2:$BI$155,MATCH($A11,Raw_매출!$A$2:$A$155,0),MATCH(EDATE($E11,L$1-1),Raw_매출!$B$1:$BI$1,0))=0,"",INDEX(Raw_매출!$B$2:$BI$155,MATCH($A11,Raw_매출!$A$2:$A$155,0),MATCH(EDATE($E11,L$1-1),Raw_매출!$B$1:$BI$1,0))/(INDEX(요약_월별시즈널리티!$F$7:$F$18,MONTH(EDATE($E11,L$1-1)))/100))),"")} -> 6140698.3 | M11: {=IFERROR(IF($E11<44348,"",IF(INDEX(Raw_매출!$B$2:$BI$155,MATCH($A11,Raw_매출!$A$2:$A$155,0),MATCH(EDATE($E11,M$1-1),Raw_매출!$B$1:$BI$1,0))=0,"",INDEX(Raw_매출!$B$2:$BI$155,MATCH($A11,Raw_매출!$A$2:$A$155,0),MATCH(EDATE($E11,M$1-1),Raw_매출!$B$1:$BI$1,0))/(INDEX(요약_월별시즈널리티!$F$7:$F$18,MONTH(EDATE($E11,M$1-1)))/100))),"")} -> 6895472.6 | N11: {=IFERROR(IF($E11<44348,"",IF(INDEX(Raw_매출!$B$2:$BI$155,MATCH($A11,Raw_매출!$A$2:$A$155,0),MATCH(EDATE($E11,N$1-1),Raw_매출!$B$1:$BI$1,0))=0,"",INDEX(Raw_매출!$B$2:$BI$155,MATCH($A11,Raw_매출!$A$2:$A$155,0),MATCH(EDATE($E11,N$1-1),Raw_매출!$B$1:$BI$1,0))/(INDEX(요약_월별시즈널리티!$F$7:$F$18,MONTH(EDATE($E11,N$1-1)))/100))),"")} -> 6238290.7 | ... BN11: {=IFERROR(IF($E11<44348,"",IF(INDEX(Raw_매출!$B$2:$BI$155,MATCH($A11,Raw_매출!$A$2:$A$155,0),MATCH(EDATE($E11,BN$1-1),Raw_매출!$B$1:$BI$1,0))=0,"",INDEX(Raw_매출!$B$2:$BI$155,MATCH($A11,Raw_매출!$A$2:$A$155,0),MATCH(EDATE($E11,BN$1-1),Raw_매출!$B$1:$BI$1,0))/(INDEX(요약_월별시즈널리티!$F$7:$F$18,MONTH(EDATE($E11,BN$1-1)))/100))),"")}
A12: =세팅!A13 -> (0011) 천안성정공원점 | B12: =세팅!B13 -> 150-2 | C12: =IFERROR(VALUE(MID(B12,5,10)),"") -> 2 | D12: =IF(C12="","",IF(C12>=3,"3+",TEXT(C12,"0"))) -> 2 | E12: =세팅!D13 -> 44896 | F12: =IF(COUNT(J12:O12)>=4,AVERAGE(J12:O12),"") -> 6437780.4 | G12: {=IFERROR(IF($E12<44348,"",IF(INDEX(Raw_매출!$B$2:$BI$155,MATCH($A12,Raw_매출!$A$2:$A$155,0),MATCH(EDATE($E12,G$1-1),Raw_매출!$B$1:$BI$1,0))=0,"",INDEX(Raw_매출!$B$2:$BI$155,MATCH($A12,Raw_매출!$A$2:$A$155,0),MATCH(EDATE($E12,G$1-1),Raw_매출!$B$1:$BI$1,0))/(INDEX(요약_월별시즈널리티!$F$7:$F$18,MONTH(EDATE($E12,G$1-1)))/100))),"")} -> 3673814.3 | H12: {=IFERROR(IF($E12<44348,"",IF(INDEX(Raw_매출!$B$2:$BI$155,MATCH($A12,Raw_매출!$A$2:$A$155,0),MATCH(EDATE($E12,H$1-1),Raw_매출!$B$1:$BI$1,0))=0,"",INDEX(Raw_매출!$B$2:$BI$155,MATCH($A12,Raw_매출!$A$2:$A$155,0),MATCH(EDATE($E12,H$1-1),Raw_매출!$B$1:$BI$1,0))/(INDEX(요약_월별시즈널리티!$F$7:$F$18,MONTH(EDATE($E12,H$1-1)))/100))),"")} -> 4906749.9 | I12: {=IFERROR(IF($E12<44348,"",IF(INDEX(Raw_매출!$B$2:$BI$155,MATCH($A12,Raw_매출!$A$2:$A$155,0),MATCH(EDATE($E12,I$1-1),Raw_매출!$B$1:$BI$1,0))=0,"",INDEX(Raw_매출!$B$2:$BI$155,MATCH($A12,Raw_매출!$A$2:$A$155,0),MATCH(EDATE($E12,I$1-1),Raw_매출!$B$1:$BI$1,0))/(INDEX(요약_월별시즈널리티!$F$7:$F$18,MONTH(EDATE($E12,I$1-1)))/100))),"")} -> 5258176.4 | J12: {=IFERROR(IF($E12<44348,"",IF(INDEX(Raw_매출!$B$2:$BI$155,MATCH($A12,Raw_매출!$A$2:$A$155,0),MATCH(EDATE($E12,J$1-1),Raw_매출!$B$1:$BI$1,0))=0,"",INDEX(Raw_매출!$B$2:$BI$155,MATCH($A12,Raw_매출!$A$2:$A$155,0),MATCH(EDATE($E12,J$1-1),Raw_매출!$B$1:$BI$1,0))/(INDEX(요약_월별시즈널리티!$F$7:$F$18,MONTH(EDATE($E12,J$1-1)))/100))),"")} -> 5979113.2 | K12: {=IFERROR(IF($E12<44348,"",IF(INDEX(Raw_매출!$B$2:$BI$155,MATCH($A12,Raw_매출!$A$2:$A$155,0),MATCH(EDATE($E12,K$1-1),Raw_매출!$B$1:$BI$1,0))=0,"",INDEX(Raw_매출!$B$2:$BI$155,MATCH($A12,Raw_매출!$A$2:$A$155,0),MATCH(EDATE($E12,K$1-1),Raw_매출!$B$1:$BI$1,0))/(INDEX(요약_월별시즈널리티!$F$7:$F$18,MONTH(EDATE($E12,K$1-1)))/100))),"")} -> 6324876 | L12: {=IFERROR(IF($E12<44348,"",IF(INDEX(Raw_매출!$B$2:$BI$155,MATCH($A12,Raw_매출!$A$2:$A$155,0),MATCH(EDATE($E12,L$1-1),Raw_매출!$B$1:$BI$1,0))=0,"",INDEX(Raw_매출!$B$2:$BI$155,MATCH($A12,Raw_매출!$A$2:$A$155,0),MATCH(EDATE($E12,L$1-1),Raw_매출!$B$1:$BI$1,0))/(INDEX(요약_월별시즈널리티!$F$7:$F$18,MONTH(EDATE($E12,L$1-1)))/100))),"")} -> 5880401.1 | M12: {=IFERROR(IF($E12<44348,"",IF(INDEX(Raw_매출!$B$2:$BI$155,MATCH($A12,Raw_매출!$A$2:$A$155,0),MATCH(EDATE($E12,M$1-1),Raw_매출!$B$1:$BI$1,0))=0,"",INDEX(Raw_매출!$B$2:$BI$155,MATCH($A12,Raw_매출!$A$2:$A$155,0),MATCH(EDATE($E12,M$1-1),Raw_매출!$B$1:$BI$1,0))/(INDEX(요약_월별시즈널리티!$F$7:$F$18,MONTH(EDATE($E12,M$1-1)))/100))),"")} -> 6005271.9 | N12: {=IFERROR(IF($E12<44348,"",IF(INDEX(Raw_매출!$B$2:$BI$155,MATCH($A12,Raw_매출!$A$2:$A$155,0),MATCH(EDATE($E12,N$1-1),Raw_매출!$B$1:$BI$1,0))=0,"",INDEX(Raw_매출!$B$2:$BI$155,MATCH($A12,Raw_매출!$A$2:$A$155,0),MATCH(EDATE($E12,N$1-1),Raw_매출!$B$1:$BI$1,0))/(INDEX(요약_월별시즈널리티!$F$7:$F$18,MONTH(EDATE($E12,N$1-1)))/100))),"")} -> 7507739.2 | ... BN12: {=IFERROR(IF($E12<44348,"",IF(INDEX(Raw_매출!$B$2:$BI$155,MATCH($A12,Raw_매출!$A$2:$A$155,0),MATCH(EDATE($E12,BN$1-1),Raw_매출!$B$1:$BI$1,0))=0,"",INDEX(Raw_매출!$B$2:$BI$155,MATCH($A12,Raw_매출!$A$2:$A$155,0),MATCH(EDATE($E12,BN$1-1),Raw_매출!$B$1:$BI$1,0))/(INDEX(요약_월별시즈널리티!$F$7:$F$18,MONTH(EDATE($E12,BN$1-1)))/100))),"")}
A13: =세팅!A14 -> (0012) 우송대북문점 | B13: =세팅!B14 -> 150-1 | C13: =IFERROR(VALUE(MID(B13,5,10)),"") -> 1 | D13: =IF(C13="","",IF(C13>=3,"3+",TEXT(C13,"0"))) -> 1 | E13: =세팅!D14 -> 45474 | F13: =IF(COUNT(J13:O13)>=4,AVERAGE(J13:O13),"") -> 4048385.6 | G13: {=IFERROR(IF($E13<44348,"",IF(INDEX(Raw_매출!$B$2:$BI$155,MATCH($A13,Raw_매출!$A$2:$A$155,0),MATCH(EDATE($E13,G$1-1),Raw_매출!$B$1:$BI$1,0))=0,"",INDEX(Raw_매출!$B$2:$BI$155,MATCH($A13,Raw_매출!$A$2:$A$155,0),MATCH(EDATE($E13,G$1-1),Raw_매출!$B$1:$BI$1,0))/(INDEX(요약_월별시즈널리티!$F$7:$F$18,MONTH(EDATE($E13,G$1-1)))/100))),"")} -> 2689220.8 | H13: {=IFERROR(IF($E13<44348,"",IF(INDEX(Raw_매출!$B$2:$BI$155,MATCH($A13,Raw_매출!$A$2:$A$155,0),MATCH(EDATE($E13,H$1-1),Raw_매출!$B$1:$BI$1,0))=0,"",INDEX(Raw_매출!$B$2:$BI$155,MATCH($A13,Raw_매출!$A$2:$A$155,0),MATCH(EDATE($E13,H$1-1),Raw_매출!$B$1:$BI$1,0))/(INDEX(요약_월별시즈널리티!$F$7:$F$18,MONTH(EDATE($E13,H$1-1)))/100))),"")} -> 2920048.6 | I13: {=IFERROR(IF($E13<44348,"",IF(INDEX(Raw_매출!$B$2:$BI$155,MATCH($A13,Raw_매출!$A$2:$A$155,0),MATCH(EDATE($E13,I$1-1),Raw_매출!$B$1:$BI$1,0))=0,"",INDEX(Raw_매출!$B$2:$BI$155,MATCH($A13,Raw_매출!$A$2:$A$155,0),MATCH(EDATE($E13,I$1-1),Raw_매출!$B$1:$BI$1,0))/(INDEX(요약_월별시즈널리티!$F$7:$F$18,MONTH(EDATE($E13,I$1-1)))/100))),"")} -> 4053680.4 | J13: {=IFERROR(IF($E13<44348,"",IF(INDEX(Raw_매출!$B$2:$BI$155,MATCH($A13,Raw_매출!$A$2:$A$155,0),MATCH(EDATE($E13,J$1-1),Raw_매출!$B$1:$BI$1,0))=0,"",INDEX(Raw_매출!$B$2:$BI$155,MATCH($A13,Raw_매출!$A$2:$A$155,0),MATCH(EDATE($E13,J$1-1),Raw_매출!$B$1:$BI$1,0))/(INDEX(요약_월별시즈널리티!$F$7:$F$18,MONTH(EDATE($E13,J$1-1)))/100))),"")} -> 3672032.6 | K13: {=IFERROR(IF($E13<44348,"",IF(INDEX(Raw_매출!$B$2:$BI$155,MATCH($A13,Raw_매출!$A$2:$A$155,0),MATCH(EDATE($E13,K$1-1),Raw_매출!$B$1:$BI$1,0))=0,"",INDEX(Raw_매출!$B$2:$BI$155,MATCH($A13,Raw_매출!$A$2:$A$155,0),MATCH(EDATE($E13,K$1-1),Raw_매출!$B$1:$BI$1,0))/(INDEX(요약_월별시즈널리티!$F$7:$F$18,MONTH(EDATE($E13,K$1-1)))/100))),"")} -> 3747071.1 | L13: {=IFERROR(IF($E13<44348,"",IF(INDEX(Raw_매출!$B$2:$BI$155,MATCH($A13,Raw_매출!$A$2:$A$155,0),MATCH(EDATE($E13,L$1-1),Raw_매출!$B$1:$BI$1,0))=0,"",INDEX(Raw_매출!$B$2:$BI$155,MATCH($A13,Raw_매출!$A$2:$A$155,0),MATCH(EDATE($E13,L$1-1),Raw_매출!$B$1:$BI$1,0))/(INDEX(요약_월별시즈널리티!$F$7:$F$18,MONTH(EDATE($E13,L$1-1)))/100))),"")} -> 4003606.2 | M13: {=IFERROR(IF($E13<44348,"",IF(INDEX(Raw_매출!$B$2:$BI$155,MATCH($A13,Raw_매출!$A$2:$A$155,0),MATCH(EDATE($E13,M$1-1),Raw_매출!$B$1:$BI$1,0))=0,"",INDEX(Raw_매출!$B$2:$BI$155,MATCH($A13,Raw_매출!$A$2:$A$155,0),MATCH(EDATE($E13,M$1-1),Raw_매출!$B$1:$BI$1,0))/(INDEX(요약_월별시즈널리티!$F$7:$F$18,MONTH(EDATE($E13,M$1-1)))/100))),"")} -> 4426810.9 | N13: {=IFERROR(IF($E13<44348,"",IF(INDEX(Raw_매출!$B$2:$BI$155,MATCH($A13,Raw_매출!$A$2:$A$155,0),MATCH(EDATE($E13,N$1-1),Raw_매출!$B$1:$BI$1,0))=0,"",INDEX(Raw_매출!$B$2:$BI$155,MATCH($A13,Raw_매출!$A$2:$A$155,0),MATCH(EDATE($E13,N$1-1),Raw_매출!$B$1:$BI$1,0))/(INDEX(요약_월별시즈널리티!$F$7:$F$18,MONTH(EDATE($E13,N$1-1)))/100))),"")} -> 4100594.6 | ... BN13: {=IFERROR(IF($E13<44348,"",IF(INDEX(Raw_매출!$B$2:$BI$155,MATCH($A13,Raw_매출!$A$2:$A$155,0),MATCH(EDATE($E13,BN$1-1),Raw_매출!$B$1:$BI$1,0))=0,"",INDEX(Raw_매출!$B$2:$BI$155,MATCH($A13,Raw_매출!$A$2:$A$155,0),MATCH(EDATE($E13,BN$1-1),Raw_매출!$B$1:$BI$1,0))/(INDEX(요약_월별시즈널리티!$F$7:$F$18,MONTH(EDATE($E13,BN$1-1)))/100))),"")}
... A18: =세팅!A19 -> (1003) #샤로수점 | B18: =세팅!B19 -> 150-2 | C18: =IFERROR(VALUE(MID(B18,5,10)),"") -> 2 | D18: =IF(C18="","",IF(C18>=3,"3+",TEXT(C18,"0"))) -> 2 | E18: =세팅!D19 -> 43770 | F18: =IF(COUNT(J18:O18)>=4,AVERAGE(J18:O18),"") | G18: {=IFERROR(IF($E18<44348,"",IF(INDEX(Raw_매출!$B$2:$BI$155,MATCH($A18,Raw_매출!$A$2:$A$155,0),MATCH(EDATE($E18,G$1-1),Raw_매출!$B$1:$BI$1,0))=0,"",INDEX(Raw_매출!$B$2:$BI$155,MATCH($A18,Raw_매출!$A$2:$A$155,0),MATCH(EDATE($E18,G$1-1),Raw_매출!$B$1:$BI$1,0))/(INDEX(요약_월별시즈널리티!$F$7:$F$18,MONTH(EDATE($E18,G$1-1)))/100))),"")} | H18: {=IFERROR(IF($E18<44348,"",IF(INDEX(Raw_매출!$B$2:$BI$155,MATCH($A18,Raw_매출!$A$2:$A$155,0),MATCH(EDATE($E18,H$1-1),Raw_매출!$B$1:$BI$1,0))=0,"",INDEX(Raw_매출!$B$2:$BI$155,MATCH($A18,Raw_매출!$A$2:$A$155,0),MATCH(EDATE($E18,H$1-1),Raw_매출!$B$1:$BI$1,0))/(INDEX(요약_월별시즈널리티!$F$7:$F$18,MONTH(EDATE($E18,H$1-1)))/100))),"")} | I18: {=IFERROR(IF($E18<44348,"",IF(INDEX(Raw_매출!$B$2:$BI$155,MATCH($A18,Raw_매출!$A$2:$A$155,0),MATCH(EDATE($E18,I$1-1),Raw_매출!$B$1:$BI$1,0))=0,"",INDEX(Raw_매출!$B$2:$BI$155,MATCH($A18,Raw_매출!$A$2:$A$155,0),MATCH(EDATE($E18,I$1-1),Raw_매출!$B$1:$BI$1,0))/(INDEX(요약_월별시즈널리티!$F$7:$F$18,MONTH(EDATE($E18,I$1-1)))/100))),"")} | J18: {=IFERROR(IF($E18<44348,"",IF(INDEX(Raw_매출!$B$2:$BI$155,MATCH($A18,Raw_매출!$A$2:$A$155,0),MATCH(EDATE($E18,J$1-1),Raw_매출!$B$1:$BI$1,0))=0,"",INDEX(Raw_매출!$B$2:$BI$155,MATCH($A18,Raw_매출!$A$2:$A$155,0),MATCH(EDATE($E18,J$1-1),Raw_매출!$B$1:$BI$1,0))/(INDEX(요약_월별시즈널리티!$F$7:$F$18,MONTH(EDATE($E18,J$1-1)))/100))),"")} | K18: {=IFERROR(IF($E18<44348,"",IF(INDEX(Raw_매출!$B$2:$BI$155,MATCH($A18,Raw_매출!$A$2:$A$155,0),MATCH(EDATE($E18,K$1-1),Raw_매출!$B$1:$BI$1,0))=0,"",INDEX(Raw_매출!$B$2:$BI$155,MATCH($A18,Raw_매출!$A$2:$A$155,0),MATCH(EDATE($E18,K$1-1),Raw_매출!$B$1:$BI$1,0))/(INDEX(요약_월별시즈널리티!$F$7:$F$18,MONTH(EDATE($E18,K$1-1)))/100))),"")} | L18: {=IFERROR(IF($E18<44348,"",IF(INDEX(Raw_매출!$B$2:$BI$155,MATCH($A18,Raw_매출!$A$2:$A$155,0),MATCH(EDATE($E18,L$1-1),Raw_매출!$B$1:$BI$1,0))=0,"",INDEX(Raw_매출!$B$2:$BI$155,MATCH($A18,Raw_매출!$A$2:$A$155,0),MATCH(EDATE($E18,L$1-1),Raw_매출!$B$1:$BI$1,0))/(INDEX(요약_월별시즈널리티!$F$7:$F$18,MONTH(EDATE($E18,L$1-1)))/100))),"")} | M18: {=IFERROR(IF($E18<44348,"",IF(INDEX(Raw_매출!$B$2:$BI$155,MATCH($A18,Raw_매출!$A$2:$A$155,0),MATCH(EDATE($E18,M$1-1),Raw_매출!$B$1:$BI$1,0))=0,"",INDEX(Raw_매출!$B$2:$BI$155,MATCH($A18,Raw_매출!$A$2:$A$155,0),MATCH(EDATE($E18,M$1-1),Raw_매출!$B$1:$BI$1,0))/(INDEX(요약_월별시즈널리티!$F$7:$F$18,MONTH(EDATE($E18,M$1-1)))/100))),"")} | N18: {=IFERROR(IF($E18<44348,"",IF(INDEX(Raw_매출!$B$2:$BI$155,MATCH($A18,Raw_매출!$A$2:$A$155,0),MATCH(EDATE($E18,N$1-1),Raw_매출!$B$1:$BI$1,0))=0,"",INDEX(Raw_매출!$B$2:$BI$155,MATCH($A18,Raw_매출!$A$2:$A$155,0),MATCH(EDATE($E18,N$1-1),Raw_매출!$B$1:$BI$1,0))/(INDEX(요약_월별시즈널리티!$F$7:$F$18,MONTH(EDATE($E18,N$1-1)))/100))),"")} | ... BN18: {=IFERROR(IF($E18<44348,"",IF(INDEX(Raw_매출!$B$2:$BI$155,MATCH($A18,Raw_매출!$A$2:$A$155,0),MATCH(EDATE($E18,BN$1-1),Raw_매출!$B$1:$BI$1,0))=0,"",INDEX(Raw_매출!$B$2:$BI$155,MATCH($A18,Raw_매출!$A$2:$A$155,0),MATCH(EDATE($E18,BN$1-1),Raw_매출!$B$1:$BI$1,0))/(INDEX(요약_월별시즈널리티!$F$7:$F$18,MONTH(EDATE($E18,BN$1-1)))/100))),"")}
A19: =세팅!A20 -> (1004) #서울대입구점 | B19: =세팅!B20 -> 150-1 | C19: =IFERROR(VALUE(MID(B19,5,10)),"") -> 1 | D19: =IF(C19="","",IF(C19>=3,"3+",TEXT(C19,"0"))) -> 1 | E19: =세팅!D20 -> 43862 | F19: =IF(COUNT(J19:O19)>=4,AVERAGE(J19:O19),"") | G19: {=IFERROR(IF($E19<44348,"",IF(INDEX(Raw_매출!$B$2:$BI$155,MATCH($A19,Raw_매출!$A$2:$A$155,0),MATCH(EDATE($E19,G$1-1),Raw_매출!$B$1:$BI$1,0))=0,"",INDEX(Raw_매출!$B$2:$BI$155,MATCH($A19,Raw_매출!$A$2:$A$155,0),MATCH(EDATE($E19,G$1-1),Raw_매출!$B$1:$BI$1,0))/(INDEX(요약_월별시즈널리티!$F$7:$F$18,MONTH(EDATE($E19,G$1-1)))/100))),"")} | H19: {=IFERROR(IF($E19<44348,"",IF(INDEX(Raw_매출!$B$2:$BI$155,MATCH($A19,Raw_매출!$A$2:$A$155,0),MATCH(EDATE($E19,H$1-1),Raw_매출!$B$1:$BI$1,0))=0,"",INDEX(Raw_매출!$B$2:$BI$155,MATCH($A19,Raw_매출!$A$2:$A$155,0),MATCH(EDATE($E19,H$1-1),Raw_매출!$B$1:$BI$1,0))/(INDEX(요약_월별시즈널리티!$F$7:$F$18,MONTH(EDATE($E19,H$1-1)))/100))),"")} | I19: {=IFERROR(IF($E19<44348,"",IF(INDEX(Raw_매출!$B$2:$BI$155,MATCH($A19,Raw_매출!$A$2:$A$155,0),MATCH(EDATE($E19,I$1-1),Raw_매출!$B$1:$BI$1,0))=0,"",INDEX(Raw_매출!$B$2:$BI$155,MATCH($A19,Raw_매출!$A$2:$A$155,0),MATCH(EDATE($E19,I$1-1),Raw_매출!$B$1:$BI$1,0))/(INDEX(요약_월별시즈널리티!$F$7:$F$18,MONTH(EDATE($E19,I$1-1)))/100))),"")} | J19: {=IFERROR(IF($E19<44348,"",IF(INDEX(Raw_매출!$B$2:$BI$155,MATCH($A19,Raw_매출!$A$2:$A$155,0),MATCH(EDATE($E19,J$1-1),Raw_매출!$B$1:$BI$1,0))=0,"",INDEX(Raw_매출!$B$2:$BI$155,MATCH($A19,Raw_매출!$A$2:$A$155,0),MATCH(EDATE($E19,J$1-1),Raw_매출!$B$1:$BI$1,0))/(INDEX(요약_월별시즈널리티!$F$7:$F$18,MONTH(EDATE($E19,J$1-1)))/100))),"")} | K19: {=IFERROR(IF($E19<44348,"",IF(INDEX(Raw_매출!$B$2:$BI$155,MATCH($A19,Raw_매출!$A$2:$A$155,0),MATCH(EDATE($E19,K$1-1),Raw_매출!$B$1:$BI$1,0))=0,"",INDEX(Raw_매출!$B$2:$BI$155,MATCH($A19,Raw_매출!$A$2:$A$155,0),MATCH(EDATE($E19,K$1-1),Raw_매출!$B$1:$BI$1,0))/(INDEX(요약_월별시즈널리티!$F$7:$F$18,MONTH(EDATE($E19,K$1-1)))/100))),"")} | L19: {=IFERROR(IF($E19<44348,"",IF(INDEX(Raw_매출!$B$2:$BI$155,MATCH($A19,Raw_매출!$A$2:$A$155,0),MATCH(EDATE($E19,L$1-1),Raw_매출!$B$1:$BI$1,0))=0,"",INDEX(Raw_매출!$B$2:$BI$155,MATCH($A19,Raw_매출!$A$2:$A$155,0),MATCH(EDATE($E19,L$1-1),Raw_매출!$B$1:$BI$1,0))/(INDEX(요약_월별시즈널리티!$F$7:$F$18,MONTH(EDATE($E19,L$1-1)))/100))),"")} | M19: {=IFERROR(IF($E19<44348,"",IF(INDEX(Raw_매출!$B$2:$BI$155,MATCH($A19,Raw_매출!$A$2:$A$155,0),MATCH(EDATE($E19,M$1-1),Raw_매출!$B$1:$BI$1,0))=0,"",INDEX(Raw_매출!$B$2:$BI$155,MATCH($A19,Raw_매출!$A$2:$A$155,0),MATCH(EDATE($E19,M$1-1),Raw_매출!$B$1:$BI$1,0))/(INDEX(요약_월별시즈널리티!$F$7:$F$18,MONTH(EDATE($E19,M$1-1)))/100))),"")} | N19: {=IFERROR(IF($E19<44348,"",IF(INDEX(Raw_매출!$B$2:$BI$155,MATCH($A19,Raw_매출!$A$2:$A$155,0),MATCH(EDATE($E19,N$1-1),Raw_매출!$B$1:$BI$1,0))=0,"",INDEX(Raw_매출!$B$2:$BI$155,MATCH($A19,Raw_매출!$A$2:$A$155,0),MATCH(EDATE($E19,N$1-1),Raw_매출!$B$1:$BI$1,0))/(INDEX(요약_월별시즈널리티!$F$7:$F$18,MONTH(EDATE($E19,N$1-1)))/100))),"")} | ... P19: {=IFERROR(IF($E19<44348,"",IF(INDEX(Raw_매출!$B$2:$BI$155,MATCH($A19,Raw_매출!$A$2:$A$155,0),MATCH(EDATE($E19,P$1-1),Raw_매출!$B$1:$BI$1,0))=0,"",INDEX(Raw_매출!$B$2:$BI$155,MATCH($A19,Raw_매출!$A$2:$A$155,0),MATCH(EDATE($E19,P$1-1),Raw_매출!$B$1:$BI$1,0))/(INDEX(요약_월별시즈널리티!$F$7:$F$18,MONTH(EDATE($E19,P$1-1)))/100))),"")} | R19: {=IFERROR(IF($E19<44348,"",IF(INDEX(Raw_매출!$B$2:$BI$155,MATCH($A19,Raw_매출!$A$2:$A$155,0),MATCH(EDATE($E19,R$1-1),Raw_매출!$B$1:$BI$1,0))=0,"",INDEX(Raw_매출!$B$2:$BI$155,MATCH($A19,Raw_매출!$A$2:$A$155,0),MATCH(EDATE($E19,R$1-1),Raw_매출!$B$1:$BI$1,0))/(INDEX(요약_월별시즈널리티!$F$7:$F$18,MONTH(EDATE($E19,R$1-1)))/100))),"")} | S19: {=IFERROR(IF($E19<44348,"",IF(INDEX(Raw_매출!$B$2:$BI$155,MATCH($A19,Raw_매출!$A$2:$A$155,0),MATCH(EDATE($E19,S$1-1),Raw_매출!$B$1:$BI$1,0))=0,"",INDEX(Raw_매출!$B$2:$BI$155,MATCH($A19,Raw_매출!$A$2:$A$155,0),MATCH(EDATE($E19,S$1-1),Raw_매출!$B$1:$BI$1,0))/(INDEX(요약_월별시즈널리티!$F$7:$F$18,MONTH(EDATE($E19,S$1-1)))/100))),"")} | T19: {=IFERROR(IF($E19<44348,"",IF(INDEX(Raw_매출!$B$2:$BI$155,MATCH($A19,Raw_매출!$A$2:$A$155,0),MATCH(EDATE($E19,T$1-1),Raw_매출!$B$1:$BI$1,0))=0,"",INDEX(Raw_매출!$B$2:$BI$155,MATCH($A19,Raw_매출!$A$2:$A$155,0),MATCH(EDATE($E19,T$1-1),Raw_매출!$B$1:$BI$1,0))/(INDEX(요약_월별시즈널리티!$F$7:$F$18,MONTH(EDATE($E19,T$1-1)))/100))),"")} | U19: {=IFERROR(IF($E19<44348,"",IF(INDEX(Raw_매출!$B$2:$BI$155,MATCH($A19,Raw_매출!$A$2:$A$155,0),MATCH(EDATE($E19,U$1-1),Raw_매출!$B$1:$BI$1,0))=0,"",INDEX(Raw_매출!$B$2:$BI$155,MATCH($A19,Raw_매출!$A$2:$A$155,0),MATCH(EDATE($E19,U$1-1),Raw_매출!$B$1:$BI$1,0))/(INDEX(요약_월별시즈널리티!$F$7:$F$18,MONTH(EDATE($E19,U$1-1)))/100))),"")} | V19: {=IFERROR(IF($E19<44348,"",IF(INDEX(Raw_매출!$B$2:$BI$155,MATCH($A19,Raw_매출!$A$2:$A$155,0),MATCH(EDATE($E19,V$1-1),Raw_매출!$B$1:$BI$1,0))=0,"",INDEX(Raw_매출!$B$2:$BI$155,MATCH($A19,Raw_매출!$A$2:$A$155,0),MATCH(EDATE($E19,V$1-1),Raw_매출!$B$1:$BI$1,0))/(INDEX(요약_월별시즈널리티!$F$7:$F$18,MONTH(EDATE($E19,V$1-1)))/100))),"")} | W19: {=IFERROR(IF($E19<44348,"",IF(INDEX(Raw_매출!$B$2:$BI$155,MATCH($A19,Raw_매출!$A$2:$A$155,0),MATCH(EDATE($E19,W$1-1),Raw_매출!$B$1:$BI$1,0))=0,"",INDEX(Raw_매출!$B$2:$BI$155,MATCH($A19,Raw_매출!$A$2:$A$155,0),MATCH(EDATE($E19,W$1-1),Raw_매출!$B$1:$BI$1,0))/(INDEX(요약_월별시즈널리티!$F$7:$F$18,MONTH(EDATE($E19,W$1-1)))/100))),"")} | X19: {=IFERROR(IF($E19<44348,"",IF(INDEX(Raw_매출!$B$2:$BI$155,MATCH($A19,Raw_매출!$A$2:$A$155,0),MATCH(EDATE($E19,X$1-1),Raw_매출!$B$1:$BI$1,0))=0,"",INDEX(Raw_매출!$B$2:$BI$155,MATCH($A19,Raw_매출!$A$2:$A$155,0),MATCH(EDATE($E19,X$1-1),Raw_매출!$B$1:$BI$1,0))/(INDEX(요약_월별시즈널리티!$F$7:$F$18,MONTH(EDATE($E19,X$1-1)))/100))),"")} | Y19: {=IFERROR(IF($E19<44348,"",IF(INDEX(Raw_매출!$B$2:$BI$155,MATCH($A19,Raw_매출!$A$2:$A$155,0),MATCH(EDATE($E19,Y$1-1),Raw_매출!$B$1:$BI$1,0))=0,"",INDEX(Raw_매출!$B$2:$BI$155,MATCH($A19,Raw_매출!$A$2:$A$155,0),MATCH(EDATE($E19,Y$1-1),Raw_매출!$B$1:$BI$1,0))/(INDEX(요약_월별시즈널리티!$F$7:$F$18,MONTH(EDATE($E19,Y$1-1)))/100))),"")} | ... BN19: {=IFERROR(IF($E19<44348,"",IF(INDEX(Raw_매출!$B$2:$BI$155,MATCH($A19,Raw_매출!$A$2:$A$155,0),MATCH(EDATE($E19,BN$1-1),Raw_매출!$B$1:$BI$1,0))=0,"",INDEX(Raw_매출!$B$2:$BI$155,MATCH($A19,Raw_매출!$A$2:$A$155,0),MATCH(EDATE($E19,BN$1-1),Raw_매출!$B$1:$BI$1,0))/(INDEX(요약_월별시즈널리티!$F$7:$F$18,MONTH(EDATE($E19,BN$1-1)))/100))),"")}
A20: =세팅!A21 -> (1005) #쑥고개점 | B20: =세팅!B21 -> 150-1 | C20: =IFERROR(VALUE(MID(B20,5,10)),"") -> 1 | D20: =IF(C20="","",IF(C20>=3,"3+",TEXT(C20,"0"))) -> 1 | E20: =세팅!D21 -> 43862 | F20: =IF(COUNT(J20:O20)>=4,AVERAGE(J20:O20),"") | G20: {=IFERROR(IF($E20<44348,"",IF(INDEX(Raw_매출!$B$2:$BI$155,MATCH($A20,Raw_매출!$A$2:$A$155,0),MATCH(EDATE($E20,G$1-1),Raw_매출!$B$1:$BI$1,0))=0,"",INDEX(Raw_매출!$B$2:$BI$155,MATCH($A20,Raw_매출!$A$2:$A$155,0),MATCH(EDATE($E20,G$1-1),Raw_매출!$B$1:$BI$1,0))/(INDEX(요약_월별시즈널리티!$F$7:$F$18,MONTH(EDATE($E20,G$1-1)))/100))),"")} | H20: {=IFERROR(IF($E20<44348,"",IF(INDEX(Raw_매출!$B$2:$BI$155,MATCH($A20,Raw_매출!$A$2:$A$155,0),MATCH(EDATE($E20,H$1-1),Raw_매출!$B$1:$BI$1,0))=0,"",INDEX(Raw_매출!$B$2:$BI$155,MATCH($A20,Raw_매출!$A$2:$A$155,0),MATCH(EDATE($E20,H$1-1),Raw_매출!$B$1:$BI$1,0))/(INDEX(요약_월별시즈널리티!$F$7:$F$18,MONTH(EDATE($E20,H$1-1)))/100))),"")} | I20: {=IFERROR(IF($E20<44348,"",IF(INDEX(Raw_매출!$B$2:$BI$155,MATCH($A20,Raw_매출!$A$2:$A$155,0),MATCH(EDATE($E20,I$1-1),Raw_매출!$B$1:$BI$1,0))=0,"",INDEX(Raw_매출!$B$2:$BI$155,MATCH($A20,Raw_매출!$A$2:$A$155,0),MATCH(EDATE($E20,I$1-1),Raw_매출!$B$1:$BI$1,0))/(INDEX(요약_월별시즈널리티!$F$7:$F$18,MONTH(EDATE($E20,I$1-1)))/100))),"")} | J20: {=IFERROR(IF($E20<44348,"",IF(INDEX(Raw_매출!$B$2:$BI$155,MATCH($A20,Raw_매출!$A$2:$A$155,0),MATCH(EDATE($E20,J$1-1),Raw_매출!$B$1:$BI$1,0))=0,"",INDEX(Raw_매출!$B$2:$BI$155,MATCH($A20,Raw_매출!$A$2:$A$155,0),MATCH(EDATE($E20,J$1-1),Raw_매출!$B$1:$BI$1,0))/(INDEX(요약_월별시즈널리티!$F$7:$F$18,MONTH(EDATE($E20,J$1-1)))/100))),"")} | K20: {=IFERROR(IF($E20<44348,"",IF(INDEX(Raw_매출!$B$2:$BI$155,MATCH($A20,Raw_매출!$A$2:$A$155,0),MATCH(EDATE($E20,K$1-1),Raw_매출!$B$1:$BI$1,0))=0,"",INDEX(Raw_매출!$B$2:$BI$155,MATCH($A20,Raw_매출!$A$2:$A$155,0),MATCH(EDATE($E20,K$1-1),Raw_매출!$B$1:$BI$1,0))/(INDEX(요약_월별시즈널리티!$F$7:$F$18,MONTH(EDATE($E20,K$1-1)))/100))),"")} | L20: {=IFERROR(IF($E20<44348,"",IF(INDEX(Raw_매출!$B$2:$BI$155,MATCH($A20,Raw_매출!$A$2:$A$155,0),MATCH(EDATE($E20,L$1-1),Raw_매출!$B$1:$BI$1,0))=0,"",INDEX(Raw_매출!$B$2:$BI$155,MATCH($A20,Raw_매출!$A$2:$A$155,0),MATCH(EDATE($E20,L$1-1),Raw_매출!$B$1:$BI$1,0))/(INDEX(요약_월별시즈널리티!$F$7:$F$18,MONTH(EDATE($E20,L$1-1)))/100))),"")} | M20: {=IFERROR(IF($E20<44348,"",IF(INDEX(Raw_매출!$B$2:$BI$155,MATCH($A20,Raw_매출!$A$2:$A$155,0),MATCH(EDATE($E20,M$1-1),Raw_매출!$B$1:$BI$1,0))=0,"",INDEX(Raw_매출!$B$2:$BI$155,MATCH($A20,Raw_매출!$A$2:$A$155,0),MATCH(EDATE($E20,M$1-1),Raw_매출!$B$1:$BI$1,0))/(INDEX(요약_월별시즈널리티!$F$7:$F$18,MONTH(EDATE($E20,M$1-1)))/100))),"")} | N20: {=IFERROR(IF($E20<44348,"",IF(INDEX(Raw_매출!$B$2:$BI$155,MATCH($A20,Raw_매출!$A$2:$A$155,0),MATCH(EDATE($E20,N$1-1),Raw_매출!$B$1:$BI$1,0))=0,"",INDEX(Raw_매출!$B$2:$BI$155,MATCH($A20,Raw_매출!$A$2:$A$155,0),MATCH(EDATE($E20,N$1-1),Raw_매출!$B$1:$BI$1,0))/(INDEX(요약_월별시즈널리티!$F$7:$F$18,MONTH(EDATE($E20,N$1-1)))/100))),"")} | ... BN20: {=IFERROR(IF($E20<44348,"",IF(INDEX(Raw_매출!$B$2:$BI$155,MATCH($A20,Raw_매출!$A$2:$A$155,0),MATCH(EDATE($E20,BN$1-1),Raw_매출!$B$1:$BI$1,0))=0,"",INDEX(Raw_매출!$B$2:$BI$155,MATCH($A20,Raw_매출!$A$2:$A$155,0),MATCH(EDATE($E20,BN$1-1),Raw_매출!$B$1:$BI$1,0))/(INDEX(요약_월별시즈널리티!$F$7:$F$18,MONTH(EDATE($E20,BN$1-1)))/100))),"")}
A21: =세팅!A22 -> (1006) #회기점 | B21: =세팅!B22 -> 150-1 | C21: =IFERROR(VALUE(MID(B21,5,10)),"") -> 1 | D21: =IF(C21="","",IF(C21>=3,"3+",TEXT(C21,"0"))) -> 1 | E21: =세팅!D22 -> 43862 | F21: =IF(COUNT(J21:O21)>=4,AVERAGE(J21:O21),"") | G21: {=IFERROR(IF($E21<44348,"",IF(INDEX(Raw_매출!$B$2:$BI$155,MATCH($A21,Raw_매출!$A$2:$A$155,0),MATCH(EDATE($E21,G$1-1),Raw_매출!$B$1:$BI$1,0))=0,"",INDEX(Raw_매출!$B$2:$BI$155,MATCH($A21,Raw_매출!$A$2:$A$155,0),MATCH(EDATE($E21,G$1-1),Raw_매출!$B$1:$BI$1,0))/(INDEX(요약_월별시즈널리티!$F$7:$F$18,MONTH(EDATE($E21,G$1-1)))/100))),"")} | H21: {=IFERROR(IF($E21<44348,"",IF(INDEX(Raw_매출!$B$2:$BI$155,MATCH($A21,Raw_매출!$A$2:$A$155,0),MATCH(EDATE($E21,H$1-1),Raw_매출!$B$1:$BI$1,0))=0,"",INDEX(Raw_매출!$B$2:$BI$155,MATCH($A21,Raw_매출!$A$2:$A$155,0),MATCH(EDATE($E21,H$1-1),Raw_매출!$B$1:$BI$1,0))/(INDEX(요약_월별시즈널리티!$F$7:$F$18,MONTH(EDATE($E21,H$1-1)))/100))),"")} | I21: {=IFERROR(IF($E21<44348,"",IF(INDEX(Raw_매출!$B$2:$BI$155,MATCH($A21,Raw_매출!$A$2:$A$155,0),MATCH(EDATE($E21,I$1-1),Raw_매출!$B$1:$BI$1,0))=0,"",INDEX(Raw_매출!$B$2:$BI$155,MATCH($A21,Raw_매출!$A$2:$A$155,0),MATCH(EDATE($E21,I$1-1),Raw_매출!$B$1:$BI$1,0))/(INDEX(요약_월별시즈널리티!$F$7:$F$18,MONTH(EDATE($E21,I$1-1)))/100))),"")} | J21: {=IFERROR(IF($E21<44348,"",IF(INDEX(Raw_매출!$B$2:$BI$155,MATCH($A21,Raw_매출!$A$2:$A$155,0),MATCH(EDATE($E21,J$1-1),Raw_매출!$B$1:$BI$1,0))=0,"",INDEX(Raw_매출!$B$2:$BI$155,MATCH($A21,Raw_매출!$A$2:$A$155,0),MATCH(EDATE($E21,J$1-1),Raw_매출!$B$1:$BI$1,0))/(INDEX(요약_월별시즈널리티!$F$7:$F$18,MONTH(EDATE($E21,J$1-1)))/100))),"")} | K21: {=IFERROR(IF($E21<44348,"",IF(INDEX(Raw_매출!$B$2:$BI$155,MATCH($A21,Raw_매출!$A$2:$A$155,0),MATCH(EDATE($E21,K$1-1),Raw_매출!$B$1:$BI$1,0))=0,"",INDEX(Raw_매출!$B$2:$BI$155,MATCH($A21,Raw_매출!$A$2:$A$155,0),MATCH(EDATE($E21,K$1-1),Raw_매출!$B$1:$BI$1,0))/(INDEX(요약_월별시즈널리티!$F$7:$F$18,MONTH(EDATE($E21,K$1-1)))/100))),"")} | L21: {=IFERROR(IF($E21<44348,"",IF(INDEX(Raw_매출!$B$2:$BI$155,MATCH($A21,Raw_매출!$A$2:$A$155,0),MATCH(EDATE($E21,L$1-1),Raw_매출!$B$1:$BI$1,0))=0,"",INDEX(Raw_매출!$B$2:$BI$155,MATCH($A21,Raw_매출!$A$2:$A$155,0),MATCH(EDATE($E21,L$1-1),Raw_매출!$B$1:$BI$1,0))/(INDEX(요약_월별시즈널리티!$F$7:$F$18,MONTH(EDATE($E21,L$1-1)))/100))),"")} | M21: {=IFERROR(IF($E21<44348,"",IF(INDEX(Raw_매출!$B$2:$BI$155,MATCH($A21,Raw_매출!$A$2:$A$155,0),MATCH(EDATE($E21,M$1-1),Raw_매출!$B$1:$BI$1,0))=0,"",INDEX(Raw_매출!$B$2:$BI$155,MATCH($A21,Raw_매출!$A$2:$A$155,0),MATCH(EDATE($E21,M$1-1),Raw_매출!$B$1:$BI$1,0))/(INDEX(요약_월별시즈널리티!$F$7:$F$18,MONTH(EDATE($E21,M$1-1)))/100))),"")} | N21: {=IFERROR(IF($E21<44348,"",IF(INDEX(Raw_매출!$B$2:$BI$155,MATCH($A21,Raw_매출!$A$2:$A$155,0),MATCH(EDATE($E21,N$1-1),Raw_매출!$B$1:$BI$1,0))=0,"",INDEX(Raw_매출!$B$2:$BI$155,MATCH($A21,Raw_매출!$A$2:$A$155,0),MATCH(EDATE($E21,N$1-1),Raw_매출!$B$1:$BI$1,0))/(INDEX(요약_월별시즈널리티!$F$7:$F$18,MONTH(EDATE($E21,N$1-1)))/100))),"")} | ... BN21: {=IFERROR(IF($E21<44348,"",IF(INDEX(Raw_매출!$B$2:$BI$155,MATCH($A21,Raw_매출!$A$2:$A$155,0),MATCH(EDATE($E21,BN$1-1),Raw_매출!$B$1:$BI$1,0))=0,"",INDEX(Raw_매출!$B$2:$BI$155,MATCH($A21,Raw_매출!$A$2:$A$155,0),MATCH(EDATE($E21,BN$1-1),Raw_매출!$B$1:$BI$1,0))/(INDEX(요약_월별시즈널리티!$F$7:$F$18,MONTH(EDATE($E21,BN$1-1)))/100))),"")}
A22: =세팅!A23 -> (1007) #구의점 | B22: =세팅!B23 -> 150-2 | C22: =IFERROR(VALUE(MID(B22,5,10)),"") -> 2 | D22: =IF(C22="","",IF(C22>=3,"3+",TEXT(C22,"0"))) -> 2 | E22: =세팅!D23 -> 43952 | F22: =IF(COUNT(J22:O22)>=4,AVERAGE(J22:O22),"") | G22: {=IFERROR(IF($E22<44348,"",IF(INDEX(Raw_매출!$B$2:$BI$155,MATCH($A22,Raw_매출!$A$2:$A$155,0),MATCH(EDATE($E22,G$1-1),Raw_매출!$B$1:$BI$1,0))=0,"",INDEX(Raw_매출!$B$2:$BI$155,MATCH($A22,Raw_매출!$A$2:$A$155,0),MATCH(EDATE($E22,G$1-1),Raw_매출!$B$1:$BI$1,0))/(INDEX(요약_월별시즈널리티!$F$7:$F$18,MONTH(EDATE($E22,G$1-1)))/100))),"")} | H22: {=IFERROR(IF($E22<44348,"",IF(INDEX(Raw_매출!$B$2:$BI$155,MATCH($A22,Raw_매출!$A$2:$A$155,0),MATCH(EDATE($E22,H$1-1),Raw_매출!$B$1:$BI$1,0))=0,"",INDEX(Raw_매출!$B$2:$BI$155,MATCH($A22,Raw_매출!$A$2:$A$155,0),MATCH(EDATE($E22,H$1-1),Raw_매출!$B$1:$BI$1,0))/(INDEX(요약_월별시즈널리티!$F$7:$F$18,MONTH(EDATE($E22,H$1-1)))/100))),"")} | I22: {=IFERROR(IF($E22<44348,"",IF(INDEX(Raw_매출!$B$2:$BI$155,MATCH($A22,Raw_매출!$A$2:$A$155,0),MATCH(EDATE($E22,I$1-1),Raw_매출!$B$1:$BI$1,0))=0,"",INDEX(Raw_매출!$B$2:$BI$155,MATCH($A22,Raw_매출!$A$2:$A$155,0),MATCH(EDATE($E22,I$1-1),Raw_매출!$B$1:$BI$1,0))/(INDEX(요약_월별시즈널리티!$F$7:$F$18,MONTH(EDATE($E22,I$1-1)))/100))),"")} | J22: {=IFERROR(IF($E22<44348,"",IF(INDEX(Raw_매출!$B$2:$BI$155,MATCH($A22,Raw_매출!$A$2:$A$155,0),MATCH(EDATE($E22,J$1-1),Raw_매출!$B$1:$BI$1,0))=0,"",INDEX(Raw_매출!$B$2:$BI$155,MATCH($A22,Raw_매출!$A$2:$A$155,0),MATCH(EDATE($E22,J$1-1),Raw_매출!$B$1:$BI$1,0))/(INDEX(요약_월별시즈널리티!$F$7:$F$18,MONTH(EDATE($E22,J$1-1)))/100))),"")} | K22: {=IFERROR(IF($E22<44348,"",IF(INDEX(Raw_매출!$B$2:$BI$155,MATCH($A22,Raw_매출!$A$2:$A$155,0),MATCH(EDATE($E22,K$1-1),Raw_매출!$B$1:$BI$1,0))=0,"",INDEX(Raw_매출!$B$2:$BI$155,MATCH($A22,Raw_매출!$A$2:$A$155,0),MATCH(EDATE($E22,K$1-1),Raw_매출!$B$1:$BI$1,0))/(INDEX(요약_월별시즈널리티!$F$7:$F$18,MONTH(EDATE($E22,K$1-1)))/100))),"")} | L22: {=IFERROR(IF($E22<44348,"",IF(INDEX(Raw_매출!$B$2:$BI$155,MATCH($A22,Raw_매출!$A$2:$A$155,0),MATCH(EDATE($E22,L$1-1),Raw_매출!$B$1:$BI$1,0))=0,"",INDEX(Raw_매출!$B$2:$BI$155,MATCH($A22,Raw_매출!$A$2:$A$155,0),MATCH(EDATE($E22,L$1-1),Raw_매출!$B$1:$BI$1,0))/(INDEX(요약_월별시즈널리티!$F$7:$F$18,MONTH(EDATE($E22,L$1-1)))/100))),"")} | M22: {=IFERROR(IF($E22<44348,"",IF(INDEX(Raw_매출!$B$2:$BI$155,MATCH($A22,Raw_매출!$A$2:$A$155,0),MATCH(EDATE($E22,M$1-1),Raw_매출!$B$1:$BI$1,0))=0,"",INDEX(Raw_매출!$B$2:$BI$155,MATCH($A22,Raw_매출!$A$2:$A$155,0),MATCH(EDATE($E22,M$1-1),Raw_매출!$B$1:$BI$1,0))/(INDEX(요약_월별시즈널리티!$F$7:$F$18,MONTH(EDATE($E22,M$1-1)))/100))),"")} | N22: {=IFERROR(IF($E22<44348,"",IF(INDEX(Raw_매출!$B$2:$BI$155,MATCH($A22,Raw_매출!$A$2:$A$155,0),MATCH(EDATE($E22,N$1-1),Raw_매출!$B$1:$BI$1,0))=0,"",INDEX(Raw_매출!$B$2:$BI$155,MATCH($A22,Raw_매출!$A$2:$A$155,0),MATCH(EDATE($E22,N$1-1),Raw_매출!$B$1:$BI$1,0))/(INDEX(요약_월별시즈널리티!$F$7:$F$18,MONTH(EDATE($E22,N$1-1)))/100))),"")} | ... BN22: {=IFERROR(IF($E22<44348,"",IF(INDEX(Raw_매출!$B$2:$BI$155,MATCH($A22,Raw_매출!$A$2:$A$155,0),MATCH(EDATE($E22,BN$1-1),Raw_매출!$B$1:$BI$1,0))=0,"",INDEX(Raw_매출!$B$2:$BI$155,MATCH($A22,Raw_매출!$A$2:$A$155,0),MATCH(EDATE($E22,BN$1-1),Raw_매출!$B$1:$BI$1,0))/(INDEX(요약_월별시즈널리티!$F$7:$F$18,MONTH(EDATE($E22,BN$1-1)))/100))),"")}
A23: =세팅!A24 -> (1008) #개포드림웍스점 | B23: =세팅!B24 -> 150-0 | C23: =IFERROR(VALUE(MID(B23,5,10)),"") -> 0 | D23: =IF(C23="","",IF(C23>=3,"3+",TEXT(C23,"0"))) -> 0 | E23: =세팅!D24 -> 44044 | F23: =IF(COUNT(J23:O23)>=4,AVERAGE(J23:O23),"") | G23: {=IFERROR(IF($E23<44348,"",IF(INDEX(Raw_매출!$B$2:$BI$155,MATCH($A23,Raw_매출!$A$2:$A$155,0),MATCH(EDATE($E23,G$1-1),Raw_매출!$B$1:$BI$1,0))=0,"",INDEX(Raw_매출!$B$2:$BI$155,MATCH($A23,Raw_매출!$A$2:$A$155,0),MATCH(EDATE($E23,G$1-1),Raw_매출!$B$1:$BI$1,0))/(INDEX(요약_월별시즈널리티!$F$7:$F$18,MONTH(EDATE($E23,G$1-1)))/100))),"")} | H23: {=IFERROR(IF($E23<44348,"",IF(INDEX(Raw_매출!$B$2:$BI$155,MATCH($A23,Raw_매출!$A$2:$A$155,0),MATCH(EDATE($E23,H$1-1),Raw_매출!$B$1:$BI$1,0))=0,"",INDEX(Raw_매출!$B$2:$BI$155,MATCH($A23,Raw_매출!$A$2:$A$155,0),MATCH(EDATE($E23,H$1-1),Raw_매출!$B$1:$BI$1,0))/(INDEX(요약_월별시즈널리티!$F$7:$F$18,MONTH(EDATE($E23,H$1-1)))/100))),"")} | I23: {=IFERROR(IF($E23<44348,"",IF(INDEX(Raw_매출!$B$2:$BI$155,MATCH($A23,Raw_매출!$A$2:$A$155,0),MATCH(EDATE($E23,I$1-1),Raw_매출!$B$1:$BI$1,0))=0,"",INDEX(Raw_매출!$B$2:$BI$155,MATCH($A23,Raw_매출!$A$2:$A$155,0),MATCH(EDATE($E23,I$1-1),Raw_매출!$B$1:$BI$1,0))/(INDEX(요약_월별시즈널리티!$F$7:$F$18,MONTH(EDATE($E23,I$1-1)))/100))),"")} | J23: {=IFERROR(IF($E23<44348,"",IF(INDEX(Raw_매출!$B$2:$BI$155,MATCH($A23,Raw_매출!$A$2:$A$155,0),MATCH(EDATE($E23,J$1-1),Raw_매출!$B$1:$BI$1,0))=0,"",INDEX(Raw_매출!$B$2:$BI$155,MATCH($A23,Raw_매출!$A$2:$A$155,0),MATCH(EDATE($E23,J$1-1),Raw_매출!$B$1:$BI$1,0))/(INDEX(요약_월별시즈널리티!$F$7:$F$18,MONTH(EDATE($E23,J$1-1)))/100))),"")} | K23: {=IFERROR(IF($E23<44348,"",IF(INDEX(Raw_매출!$B$2:$BI$155,MATCH($A23,Raw_매출!$A$2:$A$155,0),MATCH(EDATE($E23,K$1-1),Raw_매출!$B$1:$BI$1,0))=0,"",INDEX(Raw_매출!$B$2:$BI$155,MATCH($A23,Raw_매출!$A$2:$A$155,0),MATCH(EDATE($E23,K$1-1),Raw_매출!$B$1:$BI$1,0))/(INDEX(요약_월별시즈널리티!$F$7:$F$18,MONTH(EDATE($E23,K$1-1)))/100))),"")} | L23: {=IFERROR(IF($E23<44348,"",IF(INDEX(Raw_매출!$B$2:$BI$155,MATCH($A23,Raw_매출!$A$2:$A$155,0),MATCH(EDATE($E23,L$1-1),Raw_매출!$B$1:$BI$1,0))=0,"",INDEX(Raw_매출!$B$2:$BI$155,MATCH($A23,Raw_매출!$A$2:$A$155,0),MATCH(EDATE($E23,L$1-1),Raw_매출!$B$1:$BI$1,0))/(INDEX(요약_월별시즈널리티!$F$7:$F$18,MONTH(EDATE($E23,L$1-1)))/100))),"")} | M23: {=IFERROR(IF($E23<44348,"",IF(INDEX(Raw_매출!$B$2:$BI$155,MATCH($A23,Raw_매출!$A$2:$A$155,0),MATCH(EDATE($E23,M$1-1),Raw_매출!$B$1:$BI$1,0))=0,"",INDEX(Raw_매출!$B$2:$BI$155,MATCH($A23,Raw_매출!$A$2:$A$155,0),MATCH(EDATE($E23,M$1-1),Raw_매출!$B$1:$BI$1,0))/(INDEX(요약_월별시즈널리티!$F$7:$F$18,MONTH(EDATE($E23,M$1-1)))/100))),"")} | N23: {=IFERROR(IF($E23<44348,"",IF(INDEX(Raw_매출!$B$2:$BI$155,MATCH($A23,Raw_매출!$A$2:$A$155,0),MATCH(EDATE($E23,N$1-1),Raw_매출!$B$1:$BI$1,0))=0,"",INDEX(Raw_매출!$B$2:$BI$155,MATCH($A23,Raw_매출!$A$2:$A$155,0),MATCH(EDATE($E23,N$1-1),Raw_매출!$B$1:$BI$1,0))/(INDEX(요약_월별시즈널리티!$F$7:$F$18,MONTH(EDATE($E23,N$1-1)))/100))),"")} | ... BN23: {=IFERROR(IF($E23<44348,"",IF(INDEX(Raw_매출!$B$2:$BI$155,MATCH($A23,Raw_매출!$A$2:$A$155,0),MATCH(EDATE($E23,BN$1-1),Raw_매출!$B$1:$BI$1,0))=0,"",INDEX(Raw_매출!$B$2:$BI$155,MATCH($A23,Raw_매출!$A$2:$A$155,0),MATCH(EDATE($E23,BN$1-1),Raw_매출!$B$1:$BI$1,0))/(INDEX(요약_월별시즈널리티!$F$7:$F$18,MONTH(EDATE($E23,BN$1-1)))/100))),"")}
A24: =세팅!A25 -> (1009) #진시스장항점 | B24: =세팅!B25 -> 150-3 | C24: =IFERROR(VALUE(MID(B24,5,10)),"") -> 3 | D24: =IF(C24="","",IF(C24>=3,"3+",TEXT(C24,"0"))) -> 3+ | E24: =세팅!D25 -> 44044 | F24: =IF(COUNT(J24:O24)>=4,AVERAGE(J24:O24),"") | G24: {=IFERROR(IF($E24<44348,"",IF(INDEX(Raw_매출!$B$2:$BI$155,MATCH($A24,Raw_매출!$A$2:$A$155,0),MATCH(EDATE($E24,G$1-1),Raw_매출!$B$1:$BI$1,0))=0,"",INDEX(Raw_매출!$B$2:$BI$155,MATCH($A24,Raw_매출!$A$2:$A$155,0),MATCH(EDATE($E24,G$1-1),Raw_매출!$B$1:$BI$1,0))/(INDEX(요약_월별시즈널리티!$F$7:$F$18,MONTH(EDATE($E24,G$1-1)))/100))),"")} | H24: {=IFERROR(IF($E24<44348,"",IF(INDEX(Raw_매출!$B$2:$BI$155,MATCH($A24,Raw_매출!$A$2:$A$155,0),MATCH(EDATE($E24,H$1-1),Raw_매출!$B$1:$BI$1,0))=0,"",INDEX(Raw_매출!$B$2:$BI$155,MATCH($A24,Raw_매출!$A$2:$A$155,0),MATCH(EDATE($E24,H$1-1),Raw_매출!$B$1:$BI$1,0))/(INDEX(요약_월별시즈널리티!$F$7:$F$18,MONTH(EDATE($E24,H$1-1)))/100))),"")} | I24: {=IFERROR(IF($E24<44348,"",IF(INDEX(Raw_매출!$B$2:$BI$155,MATCH($A24,Raw_매출!$A$2:$A$155,0),MATCH(EDATE($E24,I$1-1),Raw_매출!$B$1:$BI$1,0))=0,"",INDEX(Raw_매출!$B$2:$BI$155,MATCH($A24,Raw_매출!$A$2:$A$155,0),MATCH(EDATE($E24,I$1-1),Raw_매출!$B$1:$BI$1,0))/(INDEX(요약_월별시즈널리티!$F$7:$F$18,MONTH(EDATE($E24,I$1-1)))/100))),"")} | J24: {=IFERROR(IF($E24<44348,"",IF(INDEX(Raw_매출!$B$2:$BI$155,MATCH($A24,Raw_매출!$A$2:$A$155,0),MATCH(EDATE($E24,J$1-1),Raw_매출!$B$1:$BI$1,0))=0,"",INDEX(Raw_매출!$B$2:$BI$155,MATCH($A24,Raw_매출!$A$2:$A$155,0),MATCH(EDATE($E24,J$1-1),Raw_매출!$B$1:$BI$1,0))/(INDEX(요약_월별시즈널리티!$F$7:$F$18,MONTH(EDATE($E24,J$1-1)))/100))),"")} | K24: {=IFERROR(IF($E24<44348,"",IF(INDEX(Raw_매출!$B$2:$BI$155,MATCH($A24,Raw_매출!$A$2:$A$155,0),MATCH(EDATE($E24,K$1-1),Raw_매출!$B$1:$BI$1,0))=0,"",INDEX(Raw_매출!$B$2:$BI$155,MATCH($A24,Raw_매출!$A$2:$A$155,0),MATCH(EDATE($E24,K$1-1),Raw_매출!$B$1:$BI$1,0))/(INDEX(요약_월별시즈널리티!$F$7:$F$18,MONTH(EDATE($E24,K$1-1)))/100))),"")} | L24: {=IFERROR(IF($E24<44348,"",IF(INDEX(Raw_매출!$B$2:$BI$155,MATCH($A24,Raw_매출!$A$2:$A$155,0),MATCH(EDATE($E24,L$1-1),Raw_매출!$B$1:$BI$1,0))=0,"",INDEX(Raw_매출!$B$2:$BI$155,MATCH($A24,Raw_매출!$A$2:$A$155,0),MATCH(EDATE($E24,L$1-1),Raw_매출!$B$1:$BI$1,0))/(INDEX(요약_월별시즈널리티!$F$7:$F$18,MONTH(EDATE($E24,L$1-1)))/100))),"")} | M24: {=IFERROR(IF($E24<44348,"",IF(INDEX(Raw_매출!$B$2:$BI$155,MATCH($A24,Raw_매출!$A$2:$A$155,0),MATCH(EDATE($E24,M$1-1),Raw_매출!$B$1:$BI$1,0))=0,"",INDEX(Raw_매출!$B$2:$BI$155,MATCH($A24,Raw_매출!$A$2:$A$155,0),MATCH(EDATE($E24,M$1-1),Raw_매출!$B$1:$BI$1,0))/(INDEX(요약_월별시즈널리티!$F$7:$F$18,MONTH(EDATE($E24,M$1-1)))/100))),"")} | N24: {=IFERROR(IF($E24<44348,"",IF(INDEX(Raw_매출!$B$2:$BI$155,MATCH($A24,Raw_매출!$A$2:$A$155,0),MATCH(EDATE($E24,N$1-1),Raw_매출!$B$1:$BI$1,0))=0,"",INDEX(Raw_매출!$B$2:$BI$155,MATCH($A24,Raw_매출!$A$2:$A$155,0),MATCH(EDATE($E24,N$1-1),Raw_매출!$B$1:$BI$1,0))/(INDEX(요약_월별시즈널리티!$F$7:$F$18,MONTH(EDATE($E24,N$1-1)))/100))),"")} | ... BN24: {=IFERROR(IF($E24<44348,"",IF(INDEX(Raw_매출!$B$2:$BI$155,MATCH($A24,Raw_매출!$A$2:$A$155,0),MATCH(EDATE($E24,BN$1-1),Raw_매출!$B$1:$BI$1,0))=0,"",INDEX(Raw_매출!$B$2:$BI$155,MATCH($A24,Raw_매출!$A$2:$A$155,0),MATCH(EDATE($E24,BN$1-1),Raw_매출!$B$1:$BI$1,0))/(INDEX(요약_월별시즈널리티!$F$7:$F$18,MONTH(EDATE($E24,BN$1-1)))/100))),"")}
A25: =세팅!A26 -> (1010) #삼전엠케이점 | B25: =세팅!B26 -> 150-0 | C25: =IFERROR(VALUE(MID(B25,5,10)),"") -> 0 | D25: =IF(C25="","",IF(C25>=3,"3+",TEXT(C25,"0"))) -> 0 | E25: =세팅!D26 -> 44044 | F25: =IF(COUNT(J25:O25)>=4,AVERAGE(J25:O25),"") | G25: {=IFERROR(IF($E25<44348,"",IF(INDEX(Raw_매출!$B$2:$BI$155,MATCH($A25,Raw_매출!$A$2:$A$155,0),MATCH(EDATE($E25,G$1-1),Raw_매출!$B$1:$BI$1,0))=0,"",INDEX(Raw_매출!$B$2:$BI$155,MATCH($A25,Raw_매출!$A$2:$A$155,0),MATCH(EDATE($E25,G$1-1),Raw_매출!$B$1:$BI$1,0))/(INDEX(요약_월별시즈널리티!$F$7:$F$18,MONTH(EDATE($E25,G$1-1)))/100))),"")} | H25: {=IFERROR(IF($E25<44348,"",IF(INDEX(Raw_매출!$B$2:$BI$155,MATCH($A25,Raw_매출!$A$2:$A$155,0),MATCH(EDATE($E25,H$1-1),Raw_매출!$B$1:$BI$1,0))=0,"",INDEX(Raw_매출!$B$2:$BI$155,MATCH($A25,Raw_매출!$A$2:$A$155,0),MATCH(EDATE($E25,H$1-1),Raw_매출!$B$1:$BI$1,0))/(INDEX(요약_월별시즈널리티!$F$7:$F$18,MONTH(EDATE($E25,H$1-1)))/100))),"")} | I25: {=IFERROR(IF($E25<44348,"",IF(INDEX(Raw_매출!$B$2:$BI$155,MATCH($A25,Raw_매출!$A$2:$A$155,0),MATCH(EDATE($E25,I$1-1),Raw_매출!$B$1:$BI$1,0))=0,"",INDEX(Raw_매출!$B$2:$BI$155,MATCH($A25,Raw_매출!$A$2:$A$155,0),MATCH(EDATE($E25,I$1-1),Raw_매출!$B$1:$BI$1,0))/(INDEX(요약_월별시즈널리티!$F$7:$F$18,MONTH(EDATE($E25,I$1-1)))/100))),"")} | J25: {=IFERROR(IF($E25<44348,"",IF(INDEX(Raw_매출!$B$2:$BI$155,MATCH($A25,Raw_매출!$A$2:$A$155,0),MATCH(EDATE($E25,J$1-1),Raw_매출!$B$1:$BI$1,0))=0,"",INDEX(Raw_매출!$B$2:$BI$155,MATCH($A25,Raw_매출!$A$2:$A$155,0),MATCH(EDATE($E25,J$1-1),Raw_매출!$B$1:$BI$1,0))/(INDEX(요약_월별시즈널리티!$F$7:$F$18,MONTH(EDATE($E25,J$1-1)))/100))),"")} | K25: {=IFERROR(IF($E25<44348,"",IF(INDEX(Raw_매출!$B$2:$BI$155,MATCH($A25,Raw_매출!$A$2:$A$155,0),MATCH(EDATE($E25,K$1-1),Raw_매출!$B$1:$BI$1,0))=0,"",INDEX(Raw_매출!$B$2:$BI$155,MATCH($A25,Raw_매출!$A$2:$A$155,0),MATCH(EDATE($E25,K$1-1),Raw_매출!$B$1:$BI$1,0))/(INDEX(요약_월별시즈널리티!$F$7:$F$18,MONTH(EDATE($E25,K$1-1)))/100))),"")} | L25: {=IFERROR(IF($E25<44348,"",IF(INDEX(Raw_매출!$B$2:$BI$155,MATCH($A25,Raw_매출!$A$2:$A$155,0),MATCH(EDATE($E25,L$1-1),Raw_매출!$B$1:$BI$1,0))=0,"",INDEX(Raw_매출!$B$2:$BI$155,MATCH($A25,Raw_매출!$A$2:$A$155,0),MATCH(EDATE($E25,L$1-1),Raw_매출!$B$1:$BI$1,0))/(INDEX(요약_월별시즈널리티!$F$7:$F$18,MONTH(EDATE($E25,L$1-1)))/100))),"")} | M25: {=IFERROR(IF($E25<44348,"",IF(INDEX(Raw_매출!$B$2:$BI$155,MATCH($A25,Raw_매출!$A$2:$A$155,0),MATCH(EDATE($E25,M$1-1),Raw_매출!$B$1:$BI$1,0))=0,"",INDEX(Raw_매출!$B$2:$BI$155,MATCH($A25,Raw_매출!$A$2:$A$155,0),MATCH(EDATE($E25,M$1-1),Raw_매출!$B$1:$BI$1,0))/(INDEX(요약_월별시즈널리티!$F$7:$F$18,MONTH(EDATE($E25,M$1-1)))/100))),"")} | N25: {=IFERROR(IF($E25<44348,"",IF(INDEX(Raw_매출!$B$2:$BI$155,MATCH($A25,Raw_매출!$A$2:$A$155,0),MATCH(EDATE($E25,N$1-1),Raw_매출!$B$1:$BI$1,0))=0,"",INDEX(Raw_매출!$B$2:$BI$155,MATCH($A25,Raw_매출!$A$2:$A$155,0),MATCH(EDATE($E25,N$1-1),Raw_매출!$B$1:$BI$1,0))/(INDEX(요약_월별시즈널리티!$F$7:$F$18,MONTH(EDATE($E25,N$1-1)))/100))),"")} | ... BN25: {=IFERROR(IF($E25<44348,"",IF(INDEX(Raw_매출!$B$2:$BI$155,MATCH($A25,Raw_매출!$A$2:$A$155,0),MATCH(EDATE($E25,BN$1-1),Raw_매출!$B$1:$BI$1,0))=0,"",INDEX(Raw_매출!$B$2:$BI$155,MATCH($A25,Raw_매출!$A$2:$A$155,0),MATCH(EDATE($E25,BN$1-1),Raw_매출!$B$1:$BI$1,0))/(INDEX(요약_월별시즈널리티!$F$7:$F$18,MONTH(EDATE($E25,BN$1-1)))/100))),"")}
A26: =세팅!A27 -> (1011) #신길점 | B26: =세팅!B27 -> 150-1 | C26: =IFERROR(VALUE(MID(B26,5,10)),"") -> 1 | D26: =IF(C26="","",IF(C26>=3,"3+",TEXT(C26,"0"))) -> 1 | E26: =세팅!D27 -> 44075 | F26: =IF(COUNT(J26:O26)>=4,AVERAGE(J26:O26),"") | G26: {=IFERROR(IF($E26<44348,"",IF(INDEX(Raw_매출!$B$2:$BI$155,MATCH($A26,Raw_매출!$A$2:$A$155,0),MATCH(EDATE($E26,G$1-1),Raw_매출!$B$1:$BI$1,0))=0,"",INDEX(Raw_매출!$B$2:$BI$155,MATCH($A26,Raw_매출!$A$2:$A$155,0),MATCH(EDATE($E26,G$1-1),Raw_매출!$B$1:$BI$1,0))/(INDEX(요약_월별시즈널리티!$F$7:$F$18,MONTH(EDATE($E26,G$1-1)))/100))),"")} | H26: {=IFERROR(IF($E26<44348,"",IF(INDEX(Raw_매출!$B$2:$BI$155,MATCH($A26,Raw_매출!$A$2:$A$155,0),MATCH(EDATE($E26,H$1-1),Raw_매출!$B$1:$BI$1,0))=0,"",INDEX(Raw_매출!$B$2:$BI$155,MATCH($A26,Raw_매출!$A$2:$A$155,0),MATCH(EDATE($E26,H$1-1),Raw_매출!$B$1:$BI$1,0))/(INDEX(요약_월별시즈널리티!$F$7:$F$18,MONTH(EDATE($E26,H$1-1)))/100))),"")} | I26: {=IFERROR(IF($E26<44348,"",IF(INDEX(Raw_매출!$B$2:$BI$155,MATCH($A26,Raw_매출!$A$2:$A$155,0),MATCH(EDATE($E26,I$1-1),Raw_매출!$B$1:$BI$1,0))=0,"",INDEX(Raw_매출!$B$2:$BI$155,MATCH($A26,Raw_매출!$A$2:$A$155,0),MATCH(EDATE($E26,I$1-1),Raw_매출!$B$1:$BI$1,0))/(INDEX(요약_월별시즈널리티!$F$7:$F$18,MONTH(EDATE($E26,I$1-1)))/100))),"")} | J26: {=IFERROR(IF($E26<44348,"",IF(INDEX(Raw_매출!$B$2:$BI$155,MATCH($A26,Raw_매출!$A$2:$A$155,0),MATCH(EDATE($E26,J$1-1),Raw_매출!$B$1:$BI$1,0))=0,"",INDEX(Raw_매출!$B$2:$BI$155,MATCH($A26,Raw_매출!$A$2:$A$155,0),MATCH(EDATE($E26,J$1-1),Raw_매출!$B$1:$BI$1,0))/(INDEX(요약_월별시즈널리티!$F$7:$F$18,MONTH(EDATE($E26,J$1-1)))/100))),"")} | K26: {=IFERROR(IF($E26<44348,"",IF(INDEX(Raw_매출!$B$2:$BI$155,MATCH($A26,Raw_매출!$A$2:$A$155,0),MATCH(EDATE($E26,K$1-1),Raw_매출!$B$1:$BI$1,0))=0,"",INDEX(Raw_매출!$B$2:$BI$155,MATCH($A26,Raw_매출!$A$2:$A$155,0),MATCH(EDATE($E26,K$1-1),Raw_매출!$B$1:$BI$1,0))/(INDEX(요약_월별시즈널리티!$F$7:$F$18,MONTH(EDATE($E26,K$1-1)))/100))),"")} | L26: {=IFERROR(IF($E26<44348,"",IF(INDEX(Raw_매출!$B$2:$BI$155,MATCH($A26,Raw_매출!$A$2:$A$155,0),MATCH(EDATE($E26,L$1-1),Raw_매출!$B$1:$BI$1,0))=0,"",INDEX(Raw_매출!$B$2:$BI$155,MATCH($A26,Raw_매출!$A$2:$A$155,0),MATCH(EDATE($E26,L$1-1),Raw_매출!$B$1:$BI$1,0))/(INDEX(요약_월별시즈널리티!$F$7:$F$18,MONTH(EDATE($E26,L$1-1)))/100))),"")} | M26: {=IFERROR(IF($E26<44348,"",IF(INDEX(Raw_매출!$B$2:$BI$155,MATCH($A26,Raw_매출!$A$2:$A$155,0),MATCH(EDATE($E26,M$1-1),Raw_매출!$B$1:$BI$1,0))=0,"",INDEX(Raw_매출!$B$2:$BI$155,MATCH($A26,Raw_매출!$A$2:$A$155,0),MATCH(EDATE($E26,M$1-1),Raw_매출!$B$1:$BI$1,0))/(INDEX(요약_월별시즈널리티!$F$7:$F$18,MONTH(EDATE($E26,M$1-1)))/100))),"")} | N26: {=IFERROR(IF($E26<44348,"",IF(INDEX(Raw_매출!$B$2:$BI$155,MATCH($A26,Raw_매출!$A$2:$A$155,0),MATCH(EDATE($E26,N$1-1),Raw_매출!$B$1:$BI$1,0))=0,"",INDEX(Raw_매출!$B$2:$BI$155,MATCH($A26,Raw_매출!$A$2:$A$155,0),MATCH(EDATE($E26,N$1-1),Raw_매출!$B$1:$BI$1,0))/(INDEX(요약_월별시즈널리티!$F$7:$F$18,MONTH(EDATE($E26,N$1-1)))/100))),"")} | ... BN26: {=IFERROR(IF($E26<44348,"",IF(INDEX(Raw_매출!$B$2:$BI$155,MATCH($A26,Raw_매출!$A$2:$A$155,0),MATCH(EDATE($E26,BN$1-1),Raw_매출!$B$1:$BI$1,0))=0,"",INDEX(Raw_매출!$B$2:$BI$155,MATCH($A26,Raw_매출!$A$2:$A$155,0),MATCH(EDATE($E26,BN$1-1),Raw_매출!$B$1:$BI$1,0))/(INDEX(요약_월별시즈널리티!$F$7:$F$18,MONTH(EDATE($E26,BN$1-1)))/100))),"")}
A27: =세팅!A28 -> (1012) #석촌점 | B27: =세팅!B28 -> 150-0 | C27: =IFERROR(VALUE(MID(B27,5,10)),"") -> 0 | D27: =IF(C27="","",IF(C27>=3,"3+",TEXT(C27,"0"))) -> 0 | E27: =세팅!D28 -> 44105 | F27: =IF(COUNT(J27:O27)>=4,AVERAGE(J27:O27),"") | G27: {=IFERROR(IF($E27<44348,"",IF(INDEX(Raw_매출!$B$2:$BI$155,MATCH($A27,Raw_매출!$A$2:$A$155,0),MATCH(EDATE($E27,G$1-1),Raw_매출!$B$1:$BI$1,0))=0,"",INDEX(Raw_매출!$B$2:$BI$155,MATCH($A27,Raw_매출!$A$2:$A$155,0),MATCH(EDATE($E27,G$1-1),Raw_매출!$B$1:$BI$1,0))/(INDEX(요약_월별시즈널리티!$F$7:$F$18,MONTH(EDATE($E27,G$1-1)))/100))),"")} | H27: {=IFERROR(IF($E27<44348,"",IF(INDEX(Raw_매출!$B$2:$BI$155,MATCH($A27,Raw_매출!$A$2:$A$155,0),MATCH(EDATE($E27,H$1-1),Raw_매출!$B$1:$BI$1,0))=0,"",INDEX(Raw_매출!$B$2:$BI$155,MATCH($A27,Raw_매출!$A$2:$A$155,0),MATCH(EDATE($E27,H$1-1),Raw_매출!$B$1:$BI$1,0))/(INDEX(요약_월별시즈널리티!$F$7:$F$18,MONTH(EDATE($E27,H$1-1)))/100))),"")} | I27: {=IFERROR(IF($E27<44348,"",IF(INDEX(Raw_매출!$B$2:$BI$155,MATCH($A27,Raw_매출!$A$2:$A$155,0),MATCH(EDATE($E27,I$1-1),Raw_매출!$B$1:$BI$1,0))=0,"",INDEX(Raw_매출!$B$2:$BI$155,MATCH($A27,Raw_매출!$A$2:$A$155,0),MATCH(EDATE($E27,I$1-1),Raw_매출!$B$1:$BI$1,0))/(INDEX(요약_월별시즈널리티!$F$7:$F$18,MONTH(EDATE($E27,I$1-1)))/100))),"")} | J27: {=IFERROR(IF($E27<44348,"",IF(INDEX(Raw_매출!$B$2:$BI$155,MATCH($A27,Raw_매출!$A$2:$A$155,0),MATCH(EDATE($E27,J$1-1),Raw_매출!$B$1:$BI$1,0))=0,"",INDEX(Raw_매출!$B$2:$BI$155,MATCH($A27,Raw_매출!$A$2:$A$155,0),MATCH(EDATE($E27,J$1-1),Raw_매출!$B$1:$BI$1,0))/(INDEX(요약_월별시즈널리티!$F$7:$F$18,MONTH(EDATE($E27,J$1-1)))/100))),"")} | K27: {=IFERROR(IF($E27<44348,"",IF(INDEX(Raw_매출!$B$2:$BI$155,MATCH($A27,Raw_매출!$A$2:$A$155,0),MATCH(EDATE($E27,K$1-1),Raw_매출!$B$1:$BI$1,0))=0,"",INDEX(Raw_매출!$B$2:$BI$155,MATCH($A27,Raw_매출!$A$2:$A$155,0),MATCH(EDATE($E27,K$1-1),Raw_매출!$B$1:$BI$1,0))/(INDEX(요약_월별시즈널리티!$F$7:$F$18,MONTH(EDATE($E27,K$1-1)))/100))),"")} | L27: {=IFERROR(IF($E27<44348,"",IF(INDEX(Raw_매출!$B$2:$BI$155,MATCH($A27,Raw_매출!$A$2:$A$155,0),MATCH(EDATE($E27,L$1-1),Raw_매출!$B$1:$BI$1,0))=0,"",INDEX(Raw_매출!$B$2:$BI$155,MATCH($A27,Raw_매출!$A$2:$A$155,0),MATCH(EDATE($E27,L$1-1),Raw_매출!$B$1:$BI$1,0))/(INDEX(요약_월별시즈널리티!$F$7:$F$18,MONTH(EDATE($E27,L$1-1)))/100))),"")} | M27: {=IFERROR(IF($E27<44348,"",IF(INDEX(Raw_매출!$B$2:$BI$155,MATCH($A27,Raw_매출!$A$2:$A$155,0),MATCH(EDATE($E27,M$1-1),Raw_매출!$B$1:$BI$1,0))=0,"",INDEX(Raw_매출!$B$2:$BI$155,MATCH($A27,Raw_매출!$A$2:$A$155,0),MATCH(EDATE($E27,M$1-1),Raw_매출!$B$1:$BI$1,0))/(INDEX(요약_월별시즈널리티!$F$7:$F$18,MONTH(EDATE($E27,M$1-1)))/100))),"")} | N27: {=IFERROR(IF($E27<44348,"",IF(INDEX(Raw_매출!$B$2:$BI$155,MATCH($A27,Raw_매출!$A$2:$A$155,0),MATCH(EDATE($E27,N$1-1),Raw_매출!$B$1:$BI$1,0))=0,"",INDEX(Raw_매출!$B$2:$BI$155,MATCH($A27,Raw_매출!$A$2:$A$155,0),MATCH(EDATE($E27,N$1-1),Raw_매출!$B$1:$BI$1,0))/(INDEX(요약_월별시즈널리티!$F$7:$F$18,MONTH(EDATE($E27,N$1-1)))/100))),"")} | ... BN27: {=IFERROR(IF($E27<44348,"",IF(INDEX(Raw_매출!$B$2:$BI$155,MATCH($A27,Raw_매출!$A$2:$A$155,0),MATCH(EDATE($E27,BN$1-1),Raw_매출!$B$1:$BI$1,0))=0,"",INDEX(Raw_매출!$B$2:$BI$155,MATCH($A27,Raw_매출!$A$2:$A$155,0),MATCH(EDATE($E27,BN$1-1),Raw_매출!$B$1:$BI$1,0))/(INDEX(요약_월별시즈널리티!$F$7:$F$18,MONTH(EDATE($E27,BN$1-1)))/100))),"")}
A28: =세팅!A29 -> (1014) #자곡점 | B28: =세팅!B29 -> 150-2 | C28: =IFERROR(VALUE(MID(B28,5,10)),"") -> 2 | D28: =IF(C28="","",IF(C28>=3,"3+",TEXT(C28,"0"))) -> 2 | E28: =세팅!D29 -> 44166 | F28: =IF(COUNT(J28:O28)>=4,AVERAGE(J28:O28),"") | G28: {=IFERROR(IF($E28<44348,"",IF(INDEX(Raw_매출!$B$2:$BI$155,MATCH($A28,Raw_매출!$A$2:$A$155,0),MATCH(EDATE($E28,G$1-1),Raw_매출!$B$1:$BI$1,0))=0,"",INDEX(Raw_매출!$B$2:$BI$155,MATCH($A28,Raw_매출!$A$2:$A$155,0),MATCH(EDATE($E28,G$1-1),Raw_매출!$B$1:$BI$1,0))/(INDEX(요약_월별시즈널리티!$F$7:$F$18,MONTH(EDATE($E28,G$1-1)))/100))),"")} | H28: {=IFERROR(IF($E28<44348,"",IF(INDEX(Raw_매출!$B$2:$BI$155,MATCH($A28,Raw_매출!$A$2:$A$155,0),MATCH(EDATE($E28,H$1-1),Raw_매출!$B$1:$BI$1,0))=0,"",INDEX(Raw_매출!$B$2:$BI$155,MATCH($A28,Raw_매출!$A$2:$A$155,0),MATCH(EDATE($E28,H$1-1),Raw_매출!$B$1:$BI$1,0))/(INDEX(요약_월별시즈널리티!$F$7:$F$18,MONTH(EDATE($E28,H$1-1)))/100))),"")} | I28: {=IFERROR(IF($E28<44348,"",IF(INDEX(Raw_매출!$B$2:$BI$155,MATCH($A28,Raw_매출!$A$2:$A$155,0),MATCH(EDATE($E28,I$1-1),Raw_매출!$B$1:$BI$1,0))=0,"",INDEX(Raw_매출!$B$2:$BI$155,MATCH($A28,Raw_매출!$A$2:$A$155,0),MATCH(EDATE($E28,I$1-1),Raw_매출!$B$1:$BI$1,0))/(INDEX(요약_월별시즈널리티!$F$7:$F$18,MONTH(EDATE($E28,I$1-1)))/100))),"")} | J28: {=IFERROR(IF($E28<44348,"",IF(INDEX(Raw_매출!$B$2:$BI$155,MATCH($A28,Raw_매출!$A$2:$A$155,0),MATCH(EDATE($E28,J$1-1),Raw_매출!$B$1:$BI$1,0))=0,"",INDEX(Raw_매출!$B$2:$BI$155,MATCH($A28,Raw_매출!$A$2:$A$155,0),MATCH(EDATE($E28,J$1-1),Raw_매출!$B$1:$BI$1,0))/(INDEX(요약_월별시즈널리티!$F$7:$F$18,MONTH(EDATE($E28,J$1-1)))/100))),"")} | K28: {=IFERROR(IF($E28<44348,"",IF(INDEX(Raw_매출!$B$2:$BI$155,MATCH($A28,Raw_매출!$A$2:$A$155,0),MATCH(EDATE($E28,K$1-1),Raw_매출!$B$1:$BI$1,0))=0,"",INDEX(Raw_매출!$B$2:$BI$155,MATCH($A28,Raw_매출!$A$2:$A$155,0),MATCH(EDATE($E28,K$1-1),Raw_매출!$B$1:$BI$1,0))/(INDEX(요약_월별시즈널리티!$F$7:$F$18,MONTH(EDATE($E28,K$1-1)))/100))),"")} | L28: {=IFERROR(IF($E28<44348,"",IF(INDEX(Raw_매출!$B$2:$BI$155,MATCH($A28,Raw_매출!$A$2:$A$155,0),MATCH(EDATE($E28,L$1-1),Raw_매출!$B$1:$BI$1,0))=0,"",INDEX(Raw_매출!$B$2:$BI$155,MATCH($A28,Raw_매출!$A$2:$A$155,0),MATCH(EDATE($E28,L$1-1),Raw_매출!$B$1:$BI$1,0))/(INDEX(요약_월별시즈널리티!$F$7:$F$18,MONTH(EDATE($E28,L$1-1)))/100))),"")} | M28: {=IFERROR(IF($E28<44348,"",IF(INDEX(Raw_매출!$B$2:$BI$155,MATCH($A28,Raw_매출!$A$2:$A$155,0),MATCH(EDATE($E28,M$1-1),Raw_매출!$B$1:$BI$1,0))=0,"",INDEX(Raw_매출!$B$2:$BI$155,MATCH($A28,Raw_매출!$A$2:$A$155,0),MATCH(EDATE($E28,M$1-1),Raw_매출!$B$1:$BI$1,0))/(INDEX(요약_월별시즈널리티!$F$7:$F$18,MONTH(EDATE($E28,M$1-1)))/100))),"")} | N28: {=IFERROR(IF($E28<44348,"",IF(INDEX(Raw_매출!$B$2:$BI$155,MATCH($A28,Raw_매출!$A$2:$A$155,0),MATCH(EDATE($E28,N$1-1),Raw_매출!$B$1:$BI$1,0))=0,"",INDEX(Raw_매출!$B$2:$BI$155,MATCH($A28,Raw_매출!$A$2:$A$155,0),MATCH(EDATE($E28,N$1-1),Raw_매출!$B$1:$BI$1,0))/(INDEX(요약_월별시즈널리티!$F$7:$F$18,MONTH(EDATE($E28,N$1-1)))/100))),"")} | ... BN28: {=IFERROR(IF($E28<44348,"",IF(INDEX(Raw_매출!$B$2:$BI$155,MATCH($A28,Raw_매출!$A$2:$A$155,0),MATCH(EDATE($E28,BN$1-1),Raw_매출!$B$1:$BI$1,0))=0,"",INDEX(Raw_매출!$B$2:$BI$155,MATCH($A28,Raw_매출!$A$2:$A$155,0),MATCH(EDATE($E28,BN$1-1),Raw_매출!$B$1:$BI$1,0))/(INDEX(요약_월별시즈널리티!$F$7:$F$18,MONTH(EDATE($E28,BN$1-1)))/100))),"")}
A29: =세팅!A30 -> (1015) #사당점 | B29: =세팅!B30 -> 150-1 | C29: =IFERROR(VALUE(MID(B29,5,10)),"") -> 1 | D29: =IF(C29="","",IF(C29>=3,"3+",TEXT(C29,"0"))) -> 1 | E29: =세팅!D30 -> 44166 | F29: =IF(COUNT(J29:O29)>=4,AVERAGE(J29:O29),"") | G29: {=IFERROR(IF($E29<44348,"",IF(INDEX(Raw_매출!$B$2:$BI$155,MATCH($A29,Raw_매출!$A$2:$A$155,0),MATCH(EDATE($E29,G$1-1),Raw_매출!$B$1:$BI$1,0))=0,"",INDEX(Raw_매출!$B$2:$BI$155,MATCH($A29,Raw_매출!$A$2:$A$155,0),MATCH(EDATE($E29,G$1-1),Raw_매출!$B$1:$BI$1,0))/(INDEX(요약_월별시즈널리티!$F$7:$F$18,MONTH(EDATE($E29,G$1-1)))/100))),"")} | H29: {=IFERROR(IF($E29<44348,"",IF(INDEX(Raw_매출!$B$2:$BI$155,MATCH($A29,Raw_매출!$A$2:$A$155,0),MATCH(EDATE($E29,H$1-1),Raw_매출!$B$1:$BI$1,0))=0,"",INDEX(Raw_매출!$B$2:$BI$155,MATCH($A29,Raw_매출!$A$2:$A$155,0),MATCH(EDATE($E29,H$1-1),Raw_매출!$B$1:$BI$1,0))/(INDEX(요약_월별시즈널리티!$F$7:$F$18,MONTH(EDATE($E29,H$1-1)))/100))),"")} | I29: {=IFERROR(IF($E29<44348,"",IF(INDEX(Raw_매출!$B$2:$BI$155,MATCH($A29,Raw_매출!$A$2:$A$155,0),MATCH(EDATE($E29,I$1-1),Raw_매출!$B$1:$BI$1,0))=0,"",INDEX(Raw_매출!$B$2:$BI$155,MATCH($A29,Raw_매출!$A$2:$A$155,0),MATCH(EDATE($E29,I$1-1),Raw_매출!$B$1:$BI$1,0))/(INDEX(요약_월별시즈널리티!$F$7:$F$18,MONTH(EDATE($E29,I$1-1)))/100))),"")} | J29: {=IFERROR(IF($E29<44348,"",IF(INDEX(Raw_매출!$B$2:$BI$155,MATCH($A29,Raw_매출!$A$2:$A$155,0),MATCH(EDATE($E29,J$1-1),Raw_매출!$B$1:$BI$1,0))=0,"",INDEX(Raw_매출!$B$2:$BI$155,MATCH($A29,Raw_매출!$A$2:$A$155,0),MATCH(EDATE($E29,J$1-1),Raw_매출!$B$1:$BI$1,0))/(INDEX(요약_월별시즈널리티!$F$7:$F$18,MONTH(EDATE($E29,J$1-1)))/100))),"")} | K29: {=IFERROR(IF($E29<44348,"",IF(INDEX(Raw_매출!$B$2:$BI$155,MATCH($A29,Raw_매출!$A$2:$A$155,0),MATCH(EDATE($E29,K$1-1),Raw_매출!$B$1:$BI$1,0))=0,"",INDEX(Raw_매출!$B$2:$BI$155,MATCH($A29,Raw_매출!$A$2:$A$155,0),MATCH(EDATE($E29,K$1-1),Raw_매출!$B$1:$BI$1,0))/(INDEX(요약_월별시즈널리티!$F$7:$F$18,MONTH(EDATE($E29,K$1-1)))/100))),"")} | L29: {=IFERROR(IF($E29<44348,"",IF(INDEX(Raw_매출!$B$2:$BI$155,MATCH($A29,Raw_매출!$A$2:$A$155,0),MATCH(EDATE($E29,L$1-1),Raw_매출!$B$1:$BI$1,0))=0,"",INDEX(Raw_매출!$B$2:$BI$155,MATCH($A29,Raw_매출!$A$2:$A$155,0),MATCH(EDATE($E29,L$1-1),Raw_매출!$B$1:$BI$1,0))/(INDEX(요약_월별시즈널리티!$F$7:$F$18,MONTH(EDATE($E29,L$1-1)))/100))),"")} | M29: {=IFERROR(IF($E29<44348,"",IF(INDEX(Raw_매출!$B$2:$BI$155,MATCH($A29,Raw_매출!$A$2:$A$155,0),MATCH(EDATE($E29,M$1-1),Raw_매출!$B$1:$BI$1,0))=0,"",INDEX(Raw_매출!$B$2:$BI$155,MATCH($A29,Raw_매출!$A$2:$A$155,0),MATCH(EDATE($E29,M$1-1),Raw_매출!$B$1:$BI$1,0))/(INDEX(요약_월별시즈널리티!$F$7:$F$18,MONTH(EDATE($E29,M$1-1)))/100))),"")} | N29: {=IFERROR(IF($E29<44348,"",IF(INDEX(Raw_매출!$B$2:$BI$155,MATCH($A29,Raw_매출!$A$2:$A$155,0),MATCH(EDATE($E29,N$1-1),Raw_매출!$B$1:$BI$1,0))=0,"",INDEX(Raw_매출!$B$2:$BI$155,MATCH($A29,Raw_매출!$A$2:$A$155,0),MATCH(EDATE($E29,N$1-1),Raw_매출!$B$1:$BI$1,0))/(INDEX(요약_월별시즈널리티!$F$7:$F$18,MONTH(EDATE($E29,N$1-1)))/100))),"")} | ... BN29: {=IFERROR(IF($E29<44348,"",IF(INDEX(Raw_매출!$B$2:$BI$155,MATCH($A29,Raw_매출!$A$2:$A$155,0),MATCH(EDATE($E29,BN$1-1),Raw_매출!$B$1:$BI$1,0))=0,"",INDEX(Raw_매출!$B$2:$BI$155,MATCH($A29,Raw_매출!$A$2:$A$155,0),MATCH(EDATE($E29,BN$1-1),Raw_매출!$B$1:$BI$1,0))/(INDEX(요약_월별시즈널리티!$F$7:$F$18,MONTH(EDATE($E29,BN$1-1)))/100))),"")}
A30: =세팅!A31 -> (1016) #가산점 | B30: =세팅!B31 -> 150-2 | C30: =IFERROR(VALUE(MID(B30,5,10)),"") -> 2 | D30: =IF(C30="","",IF(C30>=3,"3+",TEXT(C30,"0"))) -> 2 | E30: =세팅!D31 -> 44197 | F30: =IF(COUNT(J30:O30)>=4,AVERAGE(J30:O30),"") | G30: {=IFERROR(IF($E30<44348,"",IF(INDEX(Raw_매출!$B$2:$BI$155,MATCH($A30,Raw_매출!$A$2:$A$155,0),MATCH(EDATE($E30,G$1-1),Raw_매출!$B$1:$BI$1,0))=0,"",INDEX(Raw_매출!$B$2:$BI$155,MATCH($A30,Raw_매출!$A$2:$A$155,0),MATCH(EDATE($E30,G$1-1),Raw_매출!$B$1:$BI$1,0))/(INDEX(요약_월별시즈널리티!$F$7:$F$18,MONTH(EDATE($E30,G$1-1)))/100))),"")} | H30: {=IFERROR(IF($E30<44348,"",IF(INDEX(Raw_매출!$B$2:$BI$155,MATCH($A30,Raw_매출!$A$2:$A$155,0),MATCH(EDATE($E30,H$1-1),Raw_매출!$B$1:$BI$1,0))=0,"",INDEX(Raw_매출!$B$2:$BI$155,MATCH($A30,Raw_매출!$A$2:$A$155,0),MATCH(EDATE($E30,H$1-1),Raw_매출!$B$1:$BI$1,0))/(INDEX(요약_월별시즈널리티!$F$7:$F$18,MONTH(EDATE($E30,H$1-1)))/100))),"")} | I30: {=IFERROR(IF($E30<44348,"",IF(INDEX(Raw_매출!$B$2:$BI$155,MATCH($A30,Raw_매출!$A$2:$A$155,0),MATCH(EDATE($E30,I$1-1),Raw_매출!$B$1:$BI$1,0))=0,"",INDEX(Raw_매출!$B$2:$BI$155,MATCH($A30,Raw_매출!$A$2:$A$155,0),MATCH(EDATE($E30,I$1-1),Raw_매출!$B$1:$BI$1,0))/(INDEX(요약_월별시즈널리티!$F$7:$F$18,MONTH(EDATE($E30,I$1-1)))/100))),"")} | J30: {=IFERROR(IF($E30<44348,"",IF(INDEX(Raw_매출!$B$2:$BI$155,MATCH($A30,Raw_매출!$A$2:$A$155,0),MATCH(EDATE($E30,J$1-1),Raw_매출!$B$1:$BI$1,0))=0,"",INDEX(Raw_매출!$B$2:$BI$155,MATCH($A30,Raw_매출!$A$2:$A$155,0),MATCH(EDATE($E30,J$1-1),Raw_매출!$B$1:$BI$1,0))/(INDEX(요약_월별시즈널리티!$F$7:$F$18,MONTH(EDATE($E30,J$1-1)))/100))),"")} | K30: {=IFERROR(IF($E30<44348,"",IF(INDEX(Raw_매출!$B$2:$BI$155,MATCH($A30,Raw_매출!$A$2:$A$155,0),MATCH(EDATE($E30,K$1-1),Raw_매출!$B$1:$BI$1,0))=0,"",INDEX(Raw_매출!$B$2:$BI$155,MATCH($A30,Raw_매출!$A$2:$A$155,0),MATCH(EDATE($E30,K$1-1),Raw_매출!$B$1:$BI$1,0))/(INDEX(요약_월별시즈널리티!$F$7:$F$18,MONTH(EDATE($E30,K$1-1)))/100))),"")} | L30: {=IFERROR(IF($E30<44348,"",IF(INDEX(Raw_매출!$B$2:$BI$155,MATCH($A30,Raw_매출!$A$2:$A$155,0),MATCH(EDATE($E30,L$1-1),Raw_매출!$B$1:$BI$1,0))=0,"",INDEX(Raw_매출!$B$2:$BI$155,MATCH($A30,Raw_매출!$A$2:$A$155,0),MATCH(EDATE($E30,L$1-1),Raw_매출!$B$1:$BI$1,0))/(INDEX(요약_월별시즈널리티!$F$7:$F$18,MONTH(EDATE($E30,L$1-1)))/100))),"")} | M30: {=IFERROR(IF($E30<44348,"",IF(INDEX(Raw_매출!$B$2:$BI$155,MATCH($A30,Raw_매출!$A$2:$A$155,0),MATCH(EDATE($E30,M$1-1),Raw_매출!$B$1:$BI$1,0))=0,"",INDEX(Raw_매출!$B$2:$BI$155,MATCH($A30,Raw_매출!$A$2:$A$155,0),MATCH(EDATE($E30,M$1-1),Raw_매출!$B$1:$BI$1,0))/(INDEX(요약_월별시즈널리티!$F$7:$F$18,MONTH(EDATE($E30,M$1-1)))/100))),"")} | N30: {=IFERROR(IF($E30<44348,"",IF(INDEX(Raw_매출!$B$2:$BI$155,MATCH($A30,Raw_매출!$A$2:$A$155,0),MATCH(EDATE($E30,N$1-1),Raw_매출!$B$1:$BI$1,0))=0,"",INDEX(Raw_매출!$B$2:$BI$155,MATCH($A30,Raw_매출!$A$2:$A$155,0),MATCH(EDATE($E30,N$1-1),Raw_매출!$B$1:$BI$1,0))/(INDEX(요약_월별시즈널리티!$F$7:$F$18,MONTH(EDATE($E30,N$1-1)))/100))),"")} | ... BN30: {=IFERROR(IF($E30<44348,"",IF(INDEX(Raw_매출!$B$2:$BI$155,MATCH($A30,Raw_매출!$A$2:$A$155,0),MATCH(EDATE($E30,BN$1-1),Raw_매출!$B$1:$BI$1,0))=0,"",INDEX(Raw_매출!$B$2:$BI$155,MATCH($A30,Raw_매출!$A$2:$A$155,0),MATCH(EDATE($E30,BN$1-1),Raw_매출!$B$1:$BI$1,0))/(INDEX(요약_월별시즈널리티!$F$7:$F$18,MONTH(EDATE($E30,BN$1-1)))/100))),"")}
A31: =세팅!A32 -> (1019) #청룡점 | B31: =세팅!B32 -> 150-3 | C31: =IFERROR(VALUE(MID(B31,5,10)),"") -> 3 | D31: =IF(C31="","",IF(C31>=3,"3+",TEXT(C31,"0"))) -> 3+ | E31: =세팅!D32 -> 44256 | F31: =IF(COUNT(J31:O31)>=4,AVERAGE(J31:O31),"") | G31: {=IFERROR(IF($E31<44348,"",IF(INDEX(Raw_매출!$B$2:$BI$155,MATCH($A31,Raw_매출!$A$2:$A$155,0),MATCH(EDATE($E31,G$1-1),Raw_매출!$B$1:$BI$1,0))=0,"",INDEX(Raw_매출!$B$2:$BI$155,MATCH($A31,Raw_매출!$A$2:$A$155,0),MATCH(EDATE($E31,G$1-1),Raw_매출!$B$1:$BI$1,0))/(INDEX(요약_월별시즈널리티!$F$7:$F$18,MONTH(EDATE($E31,G$1-1)))/100))),"")} | H31: {=IFERROR(IF($E31<44348,"",IF(INDEX(Raw_매출!$B$2:$BI$155,MATCH($A31,Raw_매출!$A$2:$A$155,0),MATCH(EDATE($E31,H$1-1),Raw_매출!$B$1:$BI$1,0))=0,"",INDEX(Raw_매출!$B$2:$BI$155,MATCH($A31,Raw_매출!$A$2:$A$155,0),MATCH(EDATE($E31,H$1-1),Raw_매출!$B$1:$BI$1,0))/(INDEX(요약_월별시즈널리티!$F$7:$F$18,MONTH(EDATE($E31,H$1-1)))/100))),"")} | I31: {=IFERROR(IF($E31<44348,"",IF(INDEX(Raw_매출!$B$2:$BI$155,MATCH($A31,Raw_매출!$A$2:$A$155,0),MATCH(EDATE($E31,I$1-1),Raw_매출!$B$1:$BI$1,0))=0,"",INDEX(Raw_매출!$B$2:$BI$155,MATCH($A31,Raw_매출!$A$2:$A$155,0),MATCH(EDATE($E31,I$1-1),Raw_매출!$B$1:$BI$1,0))/(INDEX(요약_월별시즈널리티!$F$7:$F$18,MONTH(EDATE($E31,I$1-1)))/100))),"")} | J31: {=IFERROR(IF($E31<44348,"",IF(INDEX(Raw_매출!$B$2:$BI$155,MATCH($A31,Raw_매출!$A$2:$A$155,0),MATCH(EDATE($E31,J$1-1),Raw_매출!$B$1:$BI$1,0))=0,"",INDEX(Raw_매출!$B$2:$BI$155,MATCH($A31,Raw_매출!$A$2:$A$155,0),MATCH(EDATE($E31,J$1-1),Raw_매출!$B$1:$BI$1,0))/(INDEX(요약_월별시즈널리티!$F$7:$F$18,MONTH(EDATE($E31,J$1-1)))/100))),"")} | K31: {=IFERROR(IF($E31<44348,"",IF(INDEX(Raw_매출!$B$2:$BI$155,MATCH($A31,Raw_매출!$A$2:$A$155,0),MATCH(EDATE($E31,K$1-1),Raw_매출!$B$1:$BI$1,0))=0,"",INDEX(Raw_매출!$B$2:$BI$155,MATCH($A31,Raw_매출!$A$2:$A$155,0),MATCH(EDATE($E31,K$1-1),Raw_매출!$B$1:$BI$1,0))/(INDEX(요약_월별시즈널리티!$F$7:$F$18,MONTH(EDATE($E31,K$1-1)))/100))),"")} | L31: {=IFERROR(IF($E31<44348,"",IF(INDEX(Raw_매출!$B$2:$BI$155,MATCH($A31,Raw_매출!$A$2:$A$155,0),MATCH(EDATE($E31,L$1-1),Raw_매출!$B$1:$BI$1,0))=0,"",INDEX(Raw_매출!$B$2:$BI$155,MATCH($A31,Raw_매출!$A$2:$A$155,0),MATCH(EDATE($E31,L$1-1),Raw_매출!$B$1:$BI$1,0))/(INDEX(요약_월별시즈널리티!$F$7:$F$18,MONTH(EDATE($E31,L$1-1)))/100))),"")} | M31: {=IFERROR(IF($E31<44348,"",IF(INDEX(Raw_매출!$B$2:$BI$155,MATCH($A31,Raw_매출!$A$2:$A$155,0),MATCH(EDATE($E31,M$1-1),Raw_매출!$B$1:$BI$1,0))=0,"",INDEX(Raw_매출!$B$2:$BI$155,MATCH($A31,Raw_매출!$A$2:$A$155,0),MATCH(EDATE($E31,M$1-1),Raw_매출!$B$1:$BI$1,0))/(INDEX(요약_월별시즈널리티!$F$7:$F$18,MONTH(EDATE($E31,M$1-1)))/100))),"")} | N31: {=IFERROR(IF($E31<44348,"",IF(INDEX(Raw_매출!$B$2:$BI$155,MATCH($A31,Raw_매출!$A$2:$A$155,0),MATCH(EDATE($E31,N$1-1),Raw_매출!$B$1:$BI$1,0))=0,"",INDEX(Raw_매출!$B$2:$BI$155,MATCH($A31,Raw_매출!$A$2:$A$155,0),MATCH(EDATE($E31,N$1-1),Raw_매출!$B$1:$BI$1,0))/(INDEX(요약_월별시즈널리티!$F$7:$F$18,MONTH(EDATE($E31,N$1-1)))/100))),"")} | ... BN31: {=IFERROR(IF($E31<44348,"",IF(INDEX(Raw_매출!$B$2:$BI$155,MATCH($A31,Raw_매출!$A$2:$A$155,0),MATCH(EDATE($E31,BN$1-1),Raw_매출!$B$1:$BI$1,0))=0,"",INDEX(Raw_매출!$B$2:$BI$155,MATCH($A31,Raw_매출!$A$2:$A$155,0),MATCH(EDATE($E31,BN$1-1),Raw_매출!$B$1:$BI$1,0))/(INDEX(요약_월별시즈널리티!$F$7:$F$18,MONTH(EDATE($E31,BN$1-1)))/100))),"")}
... A150: =세팅!A151 -> (1140) #대전보건대점 | B150: =세팅!B151 -> 150-1 | C150: =IFERROR(VALUE(MID(B150,5,10)),"") -> 1 | D150: =IF(C150="","",IF(C150>=3,"3+",TEXT(C150,"0"))) -> 1 | E150: =세팅!D151 -> 46143 | F150: =IF(COUNT(J150:O150)>=4,AVERAGE(J150:O150),"") | G150: {=IFERROR(IF($E150<44348,"",IF(INDEX(Raw_매출!$B$2:$BI$155,MATCH($A150,Raw_매출!$A$2:$A$155,0),MATCH(EDATE($E150,G$1-1),Raw_매출!$B$1:$BI$1,0))=0,"",INDEX(Raw_매출!$B$2:$BI$155,MATCH($A150,Raw_매출!$A$2:$A$155,0),MATCH(EDATE($E150,G$1-1),Raw_매출!$B$1:$BI$1,0))/(INDEX(요약_월별시즈널리티!$F$7:$F$18,MONTH(EDATE($E150,G$1-1)))/100))),"")} -> 4129918.8 | H150: {=IFERROR(IF($E150<44348,"",IF(INDEX(Raw_매출!$B$2:$BI$155,MATCH($A150,Raw_매출!$A$2:$A$155,0),MATCH(EDATE($E150,H$1-1),Raw_매출!$B$1:$BI$1,0))=0,"",INDEX(Raw_매출!$B$2:$BI$155,MATCH($A150,Raw_매출!$A$2:$A$155,0),MATCH(EDATE($E150,H$1-1),Raw_매출!$B$1:$BI$1,0))/(INDEX(요약_월별시즈널리티!$F$7:$F$18,MONTH(EDATE($E150,H$1-1)))/100))),"")} | I150: {=IFERROR(IF($E150<44348,"",IF(INDEX(Raw_매출!$B$2:$BI$155,MATCH($A150,Raw_매출!$A$2:$A$155,0),MATCH(EDATE($E150,I$1-1),Raw_매출!$B$1:$BI$1,0))=0,"",INDEX(Raw_매출!$B$2:$BI$155,MATCH($A150,Raw_매출!$A$2:$A$155,0),MATCH(EDATE($E150,I$1-1),Raw_매출!$B$1:$BI$1,0))/(INDEX(요약_월별시즈널리티!$F$7:$F$18,MONTH(EDATE($E150,I$1-1)))/100))),"")} | J150: {=IFERROR(IF($E150<44348,"",IF(INDEX(Raw_매출!$B$2:$BI$155,MATCH($A150,Raw_매출!$A$2:$A$155,0),MATCH(EDATE($E150,J$1-1),Raw_매출!$B$1:$BI$1,0))=0,"",INDEX(Raw_매출!$B$2:$BI$155,MATCH($A150,Raw_매출!$A$2:$A$155,0),MATCH(EDATE($E150,J$1-1),Raw_매출!$B$1:$BI$1,0))/(INDEX(요약_월별시즈널리티!$F$7:$F$18,MONTH(EDATE($E150,J$1-1)))/100))),"")} | K150: {=IFERROR(IF($E150<44348,"",IF(INDEX(Raw_매출!$B$2:$BI$155,MATCH($A150,Raw_매출!$A$2:$A$155,0),MATCH(EDATE($E150,K$1-1),Raw_매출!$B$1:$BI$1,0))=0,"",INDEX(Raw_매출!$B$2:$BI$155,MATCH($A150,Raw_매출!$A$2:$A$155,0),MATCH(EDATE($E150,K$1-1),Raw_매출!$B$1:$BI$1,0))/(INDEX(요약_월별시즈널리티!$F$7:$F$18,MONTH(EDATE($E150,K$1-1)))/100))),"")} | L150: {=IFERROR(IF($E150<44348,"",IF(INDEX(Raw_매출!$B$2:$BI$155,MATCH($A150,Raw_매출!$A$2:$A$155,0),MATCH(EDATE($E150,L$1-1),Raw_매출!$B$1:$BI$1,0))=0,"",INDEX(Raw_매출!$B$2:$BI$155,MATCH($A150,Raw_매출!$A$2:$A$155,0),MATCH(EDATE($E150,L$1-1),Raw_매출!$B$1:$BI$1,0))/(INDEX(요약_월별시즈널리티!$F$7:$F$18,MONTH(EDATE($E150,L$1-1)))/100))),"")} | M150: {=IFERROR(IF($E150<44348,"",IF(INDEX(Raw_매출!$B$2:$BI$155,MATCH($A150,Raw_매출!$A$2:$A$155,0),MATCH(EDATE($E150,M$1-1),Raw_매출!$B$1:$BI$1,0))=0,"",INDEX(Raw_매출!$B$2:$BI$155,MATCH($A150,Raw_매출!$A$2:$A$155,0),MATCH(EDATE($E150,M$1-1),Raw_매출!$B$1:$BI$1,0))/(INDEX(요약_월별시즈널리티!$F$7:$F$18,MONTH(EDATE($E150,M$1-1)))/100))),"")} | N150: {=IFERROR(IF($E150<44348,"",IF(INDEX(Raw_매출!$B$2:$BI$155,MATCH($A150,Raw_매출!$A$2:$A$155,0),MATCH(EDATE($E150,N$1-1),Raw_매출!$B$1:$BI$1,0))=0,"",INDEX(Raw_매출!$B$2:$BI$155,MATCH($A150,Raw_매출!$A$2:$A$155,0),MATCH(EDATE($E150,N$1-1),Raw_매출!$B$1:$BI$1,0))/(INDEX(요약_월별시즈널리티!$F$7:$F$18,MONTH(EDATE($E150,N$1-1)))/100))),"")} | ... BN150: {=IFERROR(IF($E150<44348,"",IF(INDEX(Raw_매출!$B$2:$BI$155,MATCH($A150,Raw_매출!$A$2:$A$155,0),MATCH(EDATE($E150,BN$1-1),Raw_매출!$B$1:$BI$1,0))=0,"",INDEX(Raw_매출!$B$2:$BI$155,MATCH($A150,Raw_매출!$A$2:$A$155,0),MATCH(EDATE($E150,BN$1-1),Raw_매출!$B$1:$BI$1,0))/(INDEX(요약_월별시즈널리티!$F$7:$F$18,MONTH(EDATE($E150,BN$1-1)))/100))),"")}

Sheet Calc_지수곡선
A1: 지점키 | B1: 경쟁강도 | C1: 경쟁사수 | D1: 그룹 | E1: 오픈다음달1일 | F1: 기준매출(m4-9) | G1: 1 | H1: 2 | I1: 3 | J1: 4 | K1: 5 | L1: 6 | M1: 7 | N1: 8 | O1: 9 | P1: 10 | Q1: 11 | R1: 12 | S1: 13 | T1: 14 | U1: 15 | V1: 16 | W1: 17 | X1: 18 | Y1: 19 | Z1: 20 | AA1: 21 | AB1: 22 | AC1: 23 | AD1: 24 | AE1: 25 | AF1: 26 | AG1: 27 | AH1: 28 | AI1: 29 | AJ1: 30 | AK1: 31 | AL1: 32 | AM1: 33 | AN1: 34 | AO1: 35 | AP1: 36 | AQ1: 37 | AR1: 38 | AS1: 39 | AT1: 40 | AU1: 41 | AV1: 42 | AW1: 43 | AX1: 44 | AY1: 45 | AZ1: 46 | BA1: 47 | BB1: 48 | BC1: 49 | BD1: 50 | BE1: 51 | BF1: 52 | BG1: 53 | BH1: 54 | BI1: 55 | BJ1: 56 | BK1: 57 | BL1: 58 | BM1: 59 | BN1: 60
A2: =Calc_오픈정렬!A2 -> (0001) 건대점 | B2: =Calc_오픈정렬!B2 -> 150-1 | C2: =Calc_오픈정렬!C2 -> 1 | D2: =Calc_오픈정렬!D2 -> 1 | E2: =Calc_오픈정렬!E2 -> 42309 | F2: =Calc_오픈정렬!F2 | G2: =IF(OR(Calc_오픈정렬!$F2="",Calc_오픈정렬!G2=""),"",Calc_오픈정렬!G2/Calc_오픈정렬!$F2*100) | H2: =IF(OR(Calc_오픈정렬!$F2="",Calc_오픈정렬!H2=""),"",Calc_오픈정렬!H2/Calc_오픈정렬!$F2*100) | I2: =IF(OR(Calc_오픈정렬!$F2="",Calc_오픈정렬!I2=""),"",Calc_오픈정렬!I2/Calc_오픈정렬!$F2*100) | J2: =IF(OR(Calc_오픈정렬!$F2="",Calc_오픈정렬!J2=""),"",Calc_오픈정렬!J2/Calc_오픈정렬!$F2*100) | K2: =IF(OR(Calc_오픈정렬!$F2="",Calc_오픈정렬!K2=""),"",Calc_오픈정렬!K2/Calc_오픈정렬!$F2*100) | L2: =IF(OR(Calc_오픈정렬!$F2="",Calc_오픈정렬!L2=""),"",Calc_오픈정렬!L2/Calc_오픈정렬!$F2*100) | M2: =IF(OR(Calc_오픈정렬!$F2="",Calc_오픈정렬!M2=""),"",Calc_오픈정렬!M2/Calc_오픈정렬!$F2*100) | N2: =IF(OR(Calc_오픈정렬!$F2="",Calc_오픈정렬!N2=""),"",Calc_오픈정렬!N2/Calc_오픈정렬!$F2*100) | ... BN2: =IF(OR(Calc_오픈정렬!$F2="",Calc_오픈정렬!BN2=""),"",Calc_오픈정렬!BN2/Calc_오픈정렬!$F2*100)
A3: =Calc_오픈정렬!A3 -> (0002) 인헌점 | B3: =Calc_오픈정렬!B3 -> 150-1 | C3: =Calc_오픈정렬!C3 -> 1 | D3: =Calc_오픈정렬!D3 -> 1 | E3: =Calc_오픈정렬!E3 -> 42461 | F3: =Calc_오픈정렬!F3 | G3: =IF(OR(Calc_오픈정렬!$F3="",Calc_오픈정렬!G3=""),"",Calc_오픈정렬!G3/Calc_오픈정렬!$F3*100) | H3: =IF(OR(Calc_오픈정렬!$F3="",Calc_오픈정렬!H3=""),"",Calc_오픈정렬!H3/Calc_오픈정렬!$F3*100) | I3: =IF(OR(Calc_오픈정렬!$F3="",Calc_오픈정렬!I3=""),"",Calc_오픈정렬!I3/Calc_오픈정렬!$F3*100) | J3: =IF(OR(Calc_오픈정렬!$F3="",Calc_오픈정렬!J3=""),"",Calc_오픈정렬!J3/Calc_오픈정렬!$F3*100) | K3: =IF(OR(Calc_오픈정렬!$F3="",Calc_오픈정렬!K3=""),"",Calc_오픈정렬!K3/Calc_오픈정렬!$F3*100) | L3: =IF(OR(Calc_오픈정렬!$F3="",Calc_오픈정렬!L3=""),"",Calc_오픈정렬!L3/Calc_오픈정렬!$F3*100) | M3: =IF(OR(Calc_오픈정렬!$F3="",Calc_오픈정렬!M3=""),"",Calc_오픈정렬!M3/Calc_오픈정렬!$F3*100) | N3: =IF(OR(Calc_오픈정렬!$F3="",Calc_오픈정렬!N3=""),"",Calc_오픈정렬!N3/Calc_오픈정렬!$F3*100) | ... BN3: =IF(OR(Calc_오픈정렬!$F3="",Calc_오픈정렬!BN3=""),"",Calc_오픈정렬!BN3/Calc_오픈정렬!$F3*100)
A4: =Calc_오픈정렬!A4 -> (0003) 구디점 | B4: =Calc_오픈정렬!B4 -> 150-3 | C4: =Calc_오픈정렬!C4 -> 3 | D4: =Calc_오픈정렬!D4 -> 3+ | E4: =Calc_오픈정렬!E4 -> 42522 | F4: =Calc_오픈정렬!F4 | G4: =IF(OR(Calc_오픈정렬!$F4="",Calc_오픈정렬!G4=""),"",Calc_오픈정렬!G4/Calc_오픈정렬!$F4*100) | H4: =IF(OR(Calc_오픈정렬!$F4="",Calc_오픈정렬!H4=""),"",Calc_오픈정렬!H4/Calc_오픈정렬!$F4*100) | I4: =IF(OR(Calc_오픈정렬!$F4="",Calc_오픈정렬!I4=""),"",Calc_오픈정렬!I4/Calc_오픈정렬!$F4*100) | J4: =IF(OR(Calc_오픈정렬!$F4="",Calc_오픈정렬!J4=""),"",Calc_오픈정렬!J4/Calc_오픈정렬!$F4*100) | K4: =IF(OR(Calc_오픈정렬!$F4="",Calc_오픈정렬!K4=""),"",Calc_오픈정렬!K4/Calc_오픈정렬!$F4*100) | L4: =IF(OR(Calc_오픈정렬!$F4="",Calc_오픈정렬!L4=""),"",Calc_오픈정렬!L4/Calc_오픈정렬!$F4*100) | M4: =IF(OR(Calc_오픈정렬!$F4="",Calc_오픈정렬!M4=""),"",Calc_오픈정렬!M4/Calc_오픈정렬!$F4*100) | N4: =IF(OR(Calc_오픈정렬!$F4="",Calc_오픈정렬!N4=""),"",Calc_오픈정렬!N4/Calc_오픈정렬!$F4*100) | ... BN4: =IF(OR(Calc_오픈정렬!$F4="",Calc_오픈정렬!BN4=""),"",Calc_오픈정렬!BN4/Calc_오픈정렬!$F4*100)
A5: =Calc_오픈정렬!A5 -> (0004) 신림점 | B5: =Calc_오픈정렬!B5 -> 150-4 | C5: =Calc_오픈정렬!C5 -> 4 | D5: =Calc_오픈정렬!D5 -> 3+ | E5: =Calc_오픈정렬!E5 -> 42644 | F5: =Calc_오픈정렬!F5 | G5: =IF(OR(Calc_오픈정렬!$F5="",Calc_오픈정렬!G5=""),"",Calc_오픈정렬!G5/Calc_오픈정렬!$F5*100) | H5: =IF(OR(Calc_오픈정렬!$F5="",Calc_오픈정렬!H5=""),"",Calc_오픈정렬!H5/Calc_오픈정렬!$F5*100) | I5: =IF(OR(Calc_오픈정렬!$F5="",Calc_오픈정렬!I5=""),"",Calc_오픈정렬!I5/Calc_오픈정렬!$F5*100) | J5: =IF(OR(Calc_오픈정렬!$F5="",Calc_오픈정렬!J5=""),"",Calc_오픈정렬!J5/Calc_오픈정렬!$F5*100) | K5: =IF(OR(Calc_오픈정렬!$F5="",Calc_오픈정렬!K5=""),"",Calc_오픈정렬!K5/Calc_오픈정렬!$F5*100) | L5: =IF(OR(Calc_오픈정렬!$F5="",Calc_오픈정렬!L5=""),"",Calc_오픈정렬!L5/Calc_오픈정렬!$F5*100) | M5: =IF(OR(Calc_오픈정렬!$F5="",Calc_오픈정렬!M5=""),"",Calc_오픈정렬!M5/Calc_오픈정렬!$F5*100) | N5: =IF(OR(Calc_오픈정렬!$F5="",Calc_오픈정렬!N5=""),"",Calc_오픈정렬!N5/Calc_오픈정렬!$F5*100) | ... BN5: =IF(OR(Calc_오픈정렬!$F5="",Calc_오픈정렬!BN5=""),"",Calc_오픈정렬!BN5/Calc_오픈정렬!$F5*100)
A6: =Calc_오픈정렬!A6 -> (0005) 대학점 | B6: =Calc_오픈정렬!B6 -> 150-2 | C6: =Calc_오픈정렬!C6 -> 2 | D6: =Calc_오픈정렬!D6 -> 2 | E6: =Calc_오픈정렬!E6 -> 42736 | F6: =Calc_오픈정렬!F6 | G6: =IF(OR(Calc_오픈정렬!$F6="",Calc_오픈정렬!G6=""),"",Calc_오픈정렬!G6/Calc_오픈정렬!$F6*100) | H6: =IF(OR(Calc_오픈정렬!$F6="",Calc_오픈정렬!H6=""),"",Calc_오픈정렬!H6/Calc_오픈정렬!$F6*100) | I6: =IF(OR(Calc_오픈정렬!$F6="",Calc_오픈정렬!I6=""),"",Calc_오픈정렬!I6/Calc_오픈정렬!$F6*100) | J6: =IF(OR(Calc_오픈정렬!$F6="",Calc_오픈정렬!J6=""),"",Calc_오픈정렬!J6/Calc_오픈정렬!$F6*100) | K6: =IF(OR(Calc_오픈정렬!$F6="",Calc_오픈정렬!K6=""),"",Calc_오픈정렬!K6/Calc_오픈정렬!$F6*100) | L6: =IF(OR(Calc_오픈정렬!$F6="",Calc_오픈정렬!L6=""),"",Calc_오픈정렬!L6/Calc_오픈정렬!$F6*100) | M6: =IF(OR(Calc_오픈정렬!$F6="",Calc_오픈정렬!M6=""),"",Calc_오픈정렬!M6/Calc_오픈정렬!$F6*100) | N6: =IF(OR(Calc_오픈정렬!$F6="",Calc_오픈정렬!N6=""),"",Calc_오픈정렬!N6/Calc_오픈정렬!$F6*100) | ... BN6: =IF(OR(Calc_오픈정렬!$F6="",Calc_오픈정렬!BN6=""),"",Calc_오픈정렬!BN6/Calc_오픈정렬!$F6*100)
A7: =Calc_오픈정렬!A7 -> (0006) 서림점 | B7: =Calc_오픈정렬!B7 -> 150-2 | C7: =Calc_오픈정렬!C7 -> 2 | D7: =Calc_오픈정렬!D7 -> 2 | E7: =Calc_오픈정렬!E7 -> 43040 | F7: =Calc_오픈정렬!F7 | G7: =IF(OR(Calc_오픈정렬!$F7="",Calc_오픈정렬!G7=""),"",Calc_오픈정렬!G7/Calc_오픈정렬!$F7*100) | H7: =IF(OR(Calc_오픈정렬!$F7="",Calc_오픈정렬!H7=""),"",Calc_오픈정렬!H7/Calc_오픈정렬!$F7*100) | I7: =IF(OR(Calc_오픈정렬!$F7="",Calc_오픈정렬!I7=""),"",Calc_오픈정렬!I7/Calc_오픈정렬!$F7*100) | J7: =IF(OR(Calc_오픈정렬!$F7="",Calc_오픈정렬!J7=""),"",Calc_오픈정렬!J7/Calc_오픈정렬!$F7*100) | K7: =IF(OR(Calc_오픈정렬!$F7="",Calc_오픈정렬!K7=""),"",Calc_오픈정렬!K7/Calc_오픈정렬!$F7*100) | L7: =IF(OR(Calc_오픈정렬!$F7="",Calc_오픈정렬!L7=""),"",Calc_오픈정렬!L7/Calc_오픈정렬!$F7*100) | M7: =IF(OR(Calc_오픈정렬!$F7="",Calc_오픈정렬!M7=""),"",Calc_오픈정렬!M7/Calc_오픈정렬!$F7*100) | N7: =IF(OR(Calc_오픈정렬!$F7="",Calc_오픈정렬!N7=""),"",Calc_오픈정렬!N7/Calc_오픈정렬!$F7*100) | ... BN7: =IF(OR(Calc_오픈정렬!$F7="",Calc_오픈정렬!BN7=""),"",Calc_오픈정렬!BN7/Calc_오픈정렬!$F7*100)
A8: =Calc_오픈정렬!A8 -> (0007) 낙성대점 | B8: =Calc_오픈정렬!B8 -> 150-1 | C8: =Calc_오픈정렬!C8 -> 1 | D8: =Calc_오픈정렬!D8 -> 1 | E8: =Calc_오픈정렬!E8 -> 43160 | F8: =Calc_오픈정렬!F8 | G8: =IF(OR(Calc_오픈정렬!$F8="",Calc_오픈정렬!G8=""),"",Calc_오픈정렬!G8/Calc_오픈정렬!$F8*100) | H8: =IF(OR(Calc_오픈정렬!$F8="",Calc_오픈정렬!H8=""),"",Calc_오픈정렬!H8/Calc_오픈정렬!$F8*100) | I8: =IF(OR(Calc_오픈정렬!$F8="",Calc_오픈정렬!I8=""),"",Calc_오픈정렬!I8/Calc_오픈정렬!$F8*100) | J8: =IF(OR(Calc_오픈정렬!$F8="",Calc_오픈정렬!J8=""),"",Calc_오픈정렬!J8/Calc_오픈정렬!$F8*100) | K8: =IF(OR(Calc_오픈정렬!$F8="",Calc_오픈정렬!K8=""),"",Calc_오픈정렬!K8/Calc_오픈정렬!$F8*100) | L8: =IF(OR(Calc_오픈정렬!$F8="",Calc_오픈정렬!L8=""),"",Calc_오픈정렬!L8/Calc_오픈정렬!$F8*100) | M8: =IF(OR(Calc_오픈정렬!$F8="",Calc_오픈정렬!M8=""),"",Calc_오픈정렬!M8/Calc_오픈정렬!$F8*100) | N8: =IF(OR(Calc_오픈정렬!$F8="",Calc_오픈정렬!N8=""),"",Calc_오픈정렬!N8/Calc_오픈정렬!$F8*100) | ... BN8: =IF(OR(Calc_오픈정렬!$F8="",Calc_오픈정렬!BN8=""),"",Calc_오픈정렬!BN8/Calc_오픈정렬!$F8*100)
A9: =Calc_오픈정렬!A9 -> (0008) 트리하우스점 | B9: =Calc_오픈정렬!B9 -> 0 | C9: =Calc_오픈정렬!C9 | D9: =Calc_오픈정렬!D9 | E9: =Calc_오픈정렬!E9 -> 43282 | F9: =Calc_오픈정렬!F9 | G9: =IF(OR(Calc_오픈정렬!$F9="",Calc_오픈정렬!G9=""),"",Calc_오픈정렬!G9/Calc_오픈정렬!$F9*100) | H9: =IF(OR(Calc_오픈정렬!$F9="",Calc_오픈정렬!H9=""),"",Calc_오픈정렬!H9/Calc_오픈정렬!$F9*100) | I9: =IF(OR(Calc_오픈정렬!$F9="",Calc_오픈정렬!I9=""),"",Calc_오픈정렬!I9/Calc_오픈정렬!$F9*100) | J9: =IF(OR(Calc_오픈정렬!$F9="",Calc_오픈정렬!J9=""),"",Calc_오픈정렬!J9/Calc_오픈정렬!$F9*100) | K9: =IF(OR(Calc_오픈정렬!$F9="",Calc_오픈정렬!K9=""),"",Calc_오픈정렬!K9/Calc_오픈정렬!$F9*100) | L9: =IF(OR(Calc_오픈정렬!$F9="",Calc_오픈정렬!L9=""),"",Calc_오픈정렬!L9/Calc_오픈정렬!$F9*100) | M9: =IF(OR(Calc_오픈정렬!$F9="",Calc_오픈정렬!M9=""),"",Calc_오픈정렬!M9/Calc_오픈정렬!$F9*100) | N9: =IF(OR(Calc_오픈정렬!$F9="",Calc_오픈정렬!N9=""),"",Calc_오픈정렬!N9/Calc_오픈정렬!$F9*100) | ... BN9: =IF(OR(Calc_오픈정렬!$F9="",Calc_오픈정렬!BN9=""),"",Calc_오픈정렬!BN9/Calc_오픈정렬!$F9*100)
A10: =Calc_오픈정렬!A10 -> (0009) 신원점 | B10: =Calc_오픈정렬!B10 -> 150-0 | C10: =Calc_오픈정렬!C10 -> 0 | D10: =Calc_오픈정렬!D10 -> 0 | E10: =Calc_오픈정렬!E10 -> 43800 | F10: =Calc_오픈정렬!F10 | G10: =IF(OR(Calc_오픈정렬!$F10="",Calc_오픈정렬!G10=""),"",Calc_오픈정렬!G10/Calc_오픈정렬!$F10*100) | H10: =IF(OR(Calc_오픈정렬!$F10="",Calc_오픈정렬!H10=""),"",Calc_오픈정렬!H10/Calc_오픈정렬!$F10*100) | I10: =IF(OR(Calc_오픈정렬!$F10="",Calc_오픈정렬!I10=""),"",Calc_오픈정렬!I10/Calc_오픈정렬!$F10*100) | J10: =IF(OR(Calc_오픈정렬!$F10="",Calc_오픈정렬!J10=""),"",Calc_오픈정렬!J10/Calc_오픈정렬!$F10*100) | K10: =IF(OR(Calc_오픈정렬!$F10="",Calc_오픈정렬!K10=""),"",Calc_오픈정렬!K10/Calc_오픈정렬!$F10*100) | L10: =IF(OR(Calc_오픈정렬!$F10="",Calc_오픈정렬!L10=""),"",Calc_오픈정렬!L10/Calc_오픈정렬!$F10*100) | M10: =IF(OR(Calc_오픈정렬!$F10="",Calc_오픈정렬!M10=""),"",Calc_오픈정렬!M10/Calc_오픈정렬!$F10*100) | N10: =IF(OR(Calc_오픈정렬!$F10="",Calc_오픈정렬!N10=""),"",Calc_오픈정렬!N10/Calc_오픈정렬!$F10*100) | ... BN10: =IF(OR(Calc_오픈정렬!$F10="",Calc_오픈정렬!BN10=""),"",Calc_오픈정렬!BN10/Calc_오픈정렬!$F10*100)
